track_id,song_id,artist_id,artist_name,song_title,genre,dot1_artist,dot1_song,dot1_genre,dot1_score,dot2_artist,dot2_song,dot2_genre,dot2_score,dot3_artist,dot3_song,dot3_genre,dot3_score,centered1_artist,centered1_song,centered1_genre,centered1_score,centered2_artist,centered2_song,centered2_genre,centered2_score,centered3_artist,centered3_song,centered3_genre,centered3_score,corr1_artist,corr1_song,corr1_genre,corr1_score,corr2_artist,corr2_song,corr2_genre,corr2_score,corr3_artist,corr3_song,corr3_genre,corr3_score,cos1_artist,cos1_song,cos1_genre,cos1_score,cos2_artist,cos2_song,cos2_genre,cos2_score,cos3_artist,cos3_song,cos3_genre,cos3_score
TRVYEUW128F148C08D,SOFCCWD12AF72A6BC0,ARXPPEY1187FB51DF4,Michael Jackson,All The Things You Are,blues,Lauryn Hill,Interlude 5,r&b/soul,3570.0,Twista,I'm A Winner (Amended Album Version),hip hop,2865.0,Katy Perry,Hot N Cold (Innerpartysystem Main),electronic,2436.0,Lauryn Hill,Interlude 5,r&b/soul,3310.559999999999,Twista,I'm A Winner (Amended Album Version),hip hop,2695.4475000000007,Katy Perry,Hot N Cold (Innerpartysystem Main),electronic,2364.6187500000083,Tony Bennett,You're All The World To Me,jazz,0.7336968310393809,Patricia Barber,You're The Top,jazz,0.7271838626050462,Husker Du,You're A Soldier,rock,0.6887269177639563,Tony Bennett,You're All The World To Me,jazz,0.73913808345401,Patricia Barber,You're The Top,jazz,0.7316274421252662,Husker Du,You're A Soldier,rock,0.694669413787504
TRCXKPC128F92FD04C,SOEFNXT12AB017E829,ARZENOX1187B98A645,John Mayer,Vultures,blues,Beastie Boys,B-Boy Bouillabaisse: A.W.O.L. (2009 Digital Remaster),hip hop,3132.0,Lauryn Hill,Interlude 5,r&b/soul,3012.0,R. Kelly,I Mean (I Don't Mean It),r&b/soul,2988.0,R. Kelly,I Mean (I Don't Mean It),r&b/soul,2804.214999999992,Beastie Boys,B-Boy Bouillabaisse: A.W.O.L. (2009 Digital Remaster),hip hop,2768.8549999999973,Eminem,8 Mile,hip hop,2689.945000000007,Naked Aggression,Plastic World,punk,0.6568703206763483,Ozma,The Ups And Downs,rock,0.6411269509265006,Sage Francis,Keep Moving,hip hop,0.6134740359507673,Naked Aggression,Plastic World,punk,0.6692922727596603,Ozma,The Ups And Downs,rock,0.6557604034160445,Sage Francis,Keep Moving,hip hop,0.6349611011001333
TRMMALW128F92FD049,SOVUCRS12A58A7D207,ARZENOX1187B98A645,John Mayer,Out Of My Mind,blues,Lauryn Hill,Interlude 5,r&b/soul,4597.0,Beastie Boys,B-Boy Bouillabaisse: A.W.O.L. (2009 Digital Remaster),hip hop,3722.0,Twista,I'm A Winner (Amended Album Version),hip hop,3671.0,Lauryn Hill,Interlude 5,r&b/soul,4262.119999999999,Twista,I'm A Winner (Amended Album Version),hip hop,3452.144999999996,Beastie Boys,B-Boy Bouillabaisse: A.W.O.L. (2009 Digital Remaster),hip hop,3441.9474999999957,Fat Joe,Preacher On A Sunday Morning,hip hop,0.6669323712356535,Calvin Harris,Ready For The Weekend,electronic,0.6648010039503683,KATAKLYSM,Beyond Salvation,metal,0.6619949063669037,Fat Joe,Preacher On A Sunday Morning,hip hop,0.6782620363865318,Calvin Harris,Ready For The Weekend,electronic,0.6750246601106777,KATAKLYSM,Beyond Salvation,metal,0.6703596100206974
TRJWAJC128F9327C4F,SORMDVX12AB01816AA,ARLMXEA1187B9A7D04,R. Kelly,Hump Bounce,blues,Lauryn Hill,Interlude 5,r&b/soul,5557.0,Beastie Boys,B-Boy Bouillabaisse: A.W.O.L. (2009 Digital Remaster),hip hop,4567.0,Erykah Badu,I Want You,r&b/soul,4088.0,Lauryn Hill,Interlude 5,r&b/soul,5091.480000000005,Beastie Boys,B-Boy Bouillabaisse: A.W.O.L. (2009 Digital Remaster),hip hop,4177.69625,Erykah Badu,I Want You,r&b/soul,3916.9087499999914,The Derek Trucks Band,All I Do,blues,0.6579208891618389,Avalon,Overjoyed,pop,0.6397699791344678,Billie Piper,Day And Night,pop,0.6306836382560365,The Derek Trucks Band,All I Do,blues,0.667718031491555,Avalon,Overjoyed,pop,0.6534939234987447,Billie Piper,Day And Night,pop,0.6430239888722205
TRPEBTH128F9327C4D,SOYTJAC12AF729F49D,ARLMXEA1187B9A7D04,R. Kelly,Intro - The Sermon,blues,Lauryn Hill,Interlude 5,r&b/soul,6673.0,Beastie Boys,B-Boy Bouillabaisse: A.W.O.L. (2009 Digital Remaster),hip hop,5569.0,Twista,I'm A Winner (Amended Album Version),hip hop,5237.0,Lauryn Hill,Interlude 5,r&b/soul,6074.999999999985,Beastie Boys,B-Boy Bouillabaisse: A.W.O.L. (2009 Digital Remaster),hip hop,5068.906250000016,Twista,I'm A Winner (Amended Album Version),hip hop,4846.187500000002,Blues Traveler,Hook,blues,0.7430112475755696,G-Unit,I Don't Want To Talk About It,hip hop,0.742834840746948,Beastie Boys,B-Boy Bouillabaisse: A.W.O.L. (2009 Digital Remaster),hip hop,0.7416846726916942,Beastie Boys,B-Boy Bouillabaisse: A.W.O.L. (2009 Digital Remaster),hip hop,0.758552189169887,Blues Traveler,Hook,blues,0.756381455883275,G-Unit,I Don't Want To Talk About It,hip hop,0.7561220426091677
TRNWHUD128F932E304,SOXUKQZ12AB01860EE,ARXPPEY1187FB51DF4,Michael Jackson,Call On Me,blues,Lauryn Hill,Interlude 5,r&b/soul,8789.0,Twista,I'm A Winner (Amended Album Version),hip hop,7434.0,Beastie Boys,B-Boy Bouillabaisse: A.W.O.L. (2009 Digital Remaster),hip hop,7016.0,Lauryn Hill,Interlude 5,r&b/soul,8073.240000000012,Twista,I'm A Winner (Amended Album Version),hip hop,6966.227499999987,Erykah Badu,I Want You,r&b/soul,6740.938749999978,Albert Hammond Jr,G Up,rock,0.8027120628514688,Anastacia,Club Megamix,rock,0.7988456432230557,Blues Traveler,Hook,blues,0.7916165377099591,Albert Hammond Jr,G Up,rock,0.8100800277820065,Anastacia,Club Megamix,rock,0.8097786208426687,Blues Traveler,Hook,blues,0.8019385595698869
TRFGGSX128F427A723,SOIBZAN12D02191BAF,ARS8GNX1187B9B5141,The Black Keys,Oceans and Streams,blues,Lauryn Hill,Interlude 5,r&b/soul,2328.0,Beastie Boys,B-Boy Bouillabaisse: A.W.O.L. (2009 Digital Remaster),hip hop,2215.0,Eminem,8 Mile,hip hop,1918.0,Lauryn Hill,Interlude 5,r&b/soul,2088.799999999999,Beastie Boys,B-Boy Bouillabaisse: A.W.O.L. (2009 Digital Remaster),hip hop,2014.9625000000015,Eminem,8 Mile,hip hop,1767.0374999999995,Manafest,Runaway,hip hop,0.703824987969548,The Cat Empire,The Car Song,reggae,0.694910918998232,Ballboy,I Don't Have Time To Stand Here With You Fighting About The Size Of My Dick,pop,0.6864159482424174,Manafest,Runaway,hip hop,0.7156599537949512,The Cat Empire,The Car Song,reggae,0.7093541132995728,Ballboy,I Don't Have Time To Stand Here With You Fighting About The Size Of My Dick,pop,0.7006955849653108
TRPTCMZ128F9340B09,SOLKOOO12AB018794A,ARS8GNX1187B9B5141,The Black Keys,10 A.M. Automatic,blues,Lauryn Hill,Interlude 5,r&b/soul,1913.0,Twista,I'm A Winner (Amended Album Version),hip hop,1790.0,Michael Jackson,Man In The Mirror,pop,1585.0,Lauryn Hill,Interlude 5,r&b/soul,1751.0799999999997,Twista,I'm A Winner (Amended Album Version),hip hop,1684.1800000000017,Michael Jackson,Man In The Mirror,pop,1446.1800000000019,Warrant,Bad Tattoo,metal,0.6446113692397293,Doyle Bramhall,Dimples,jazz,0.6116015460079236,Ayo,Only You,r&b/soul,0.6044967567223934,Warrant,Bad Tattoo,metal,0.6552596777324119,Doyle Bramhall,Dimples,jazz,0.6187185674368255,Ayo,Only You,r&b/soul,0.6164341452711488
TRVKLGW12903CB4523,SOZCSPA12AB0185672,ARS8GNX1187B9B5141,The Black Keys,Aeroplane Blues,blues,Lauryn Hill,Interlude 5,r&b/soul,1486.0,Beastie Boys,B-Boy Bouillabaisse: A.W.O.L. (2009 Digital Remaster),hip hop,1480.0,R. Kelly,I Mean (I Don't Mean It),r&b/soul,1471.0,R. Kelly,I Mean (I Don't Mean It),r&b/soul,1418.0450000000044,Beastie Boys,B-Boy Bouillabaisse: A.W.O.L. (2009 Digital Remaster),hip hop,1375.3649999999989,Kandi,I Wanna Know,r&b/soul,1369.0600000000056,Johnny Cash,I Don't Know Where I'm Bound,country,0.7786412276587289,LMFAO,I Am Not A Whore,electronic,0.7519388605715477,Sneaky Sound System,16,pop,0.7472018993356717,Johnny Cash,I Don't Know Where I'm Bound,country,0.7834660807446496,LMFAO,I Am Not A Whore,electronic,0.7553117160686514,Sneaky Sound System,16,pop,0.7532525144739896
TRFBNZN128F9340B0E,SONGYFE12AB018562D,ARS8GNX1187B9B5141,The Black Keys,All Hands Against His Own,blues,Lauryn Hill,Interlude 5,r&b/soul,2681.0,Twista,I'm A Winner (Amended Album Version),hip hop,1936.0,Michael Jackson,Man In The Mirror,pop,1542.0,Lauryn Hill,Interlude 5,r&b/soul,2362.679999999999,Twista,I'm A Winner (Amended Album Version),hip hop,1727.9675000000007,Eminem,My Darling,hip hop,1312.1587500000005,Brandy,Give Me You,r&b/soul,0.4733953967025422,Leonard Cohen,The Stranger Song,folk,0.47191782769568896,Athlete,New Project,rock,0.470474472286763,Leonard Cohen,The Stranger Song,folk,0.4971205446381256,Brandy,Give Me You,r&b/soul,0.4888152706435525,Athlete,New Project,rock,0.4878990560684231
TRBYDKJ12903CA9D33,SOTXSMC12AB0182217,ARS8GNX1187B9B5141,The Black Keys,Black Door,blues,Kandi,I Wanna Know,r&b/soul,1868.0,Lauryn Hill,Interlude 5,r&b/soul,1536.0,Mario Vazquez,Everytime I...,r&b/soul,1227.0,Kandi,I Wanna Know,r&b/soul,1826.405000000002,Lauryn Hill,Interlude 5,r&b/soul,1427.4399999999978,Mario Vazquez,Everytime I...,r&b/soul,1193.8124999999934,Kandi,I Wanna Know,r&b/soul,0.8412829926310673,Julia Fordham,Genius,electronic,0.7249993384308547,Psapp,I Want That,electronic,0.6876158558692317,Kandi,I Wanna Know,r&b/soul,0.8441646524652541,Julia Fordham,Genius,electronic,0.7291485984915439,Psapp,I Want That,electronic,0.6922102848214412
TRWJKJK128F9338FEF,SOIFDQD12AB01822F5,ARS8GNX1187B9B5141,The Black Keys,Busted,blues,Lauryn Hill,Interlude 5,r&b/soul,8737.0,Twista,I'm A Winner (Amended Album Version),hip hop,8094.0,Erykah Badu,I Want You,r&b/soul,6661.0,Lauryn Hill,Interlude 5,r&b/soul,8127.959999999998,Twista,I'm A Winner (Amended Album Version),hip hop,7695.972499999997,Erykah Badu,I Want You,r&b/soul,6437.161249999987,Bow Wow,Sunshine,hip hop,0.7536221354329571,The Clash,1-2 Crush On You,punk,0.7443815803404372,Hawthorne Heights,Rescue Me,punk,0.7314517269101137,Bow Wow,Sunshine,hip hop,0.7627562450752137,The Clash,1-2 Crush On You,punk,0.7517032510777701,Hawthorne Heights,Rescue Me,punk,0.7407423330399565
TRUULBP12903CA9D23,SORMOIW12AB01887F0,ARS8GNX1187B9B5141,The Black Keys,Give Your Heart Away,blues,Lauryn Hill,Interlude 5,r&b/soul,1215.0,Michael Jackson,Man In The Mirror,pop,1196.0,Beastie Boys,B-Boy Bouillabaisse: A.W.O.L. (2009 Digital Remaster),hip hop,1055.0,Michael Jackson,Man In The Mirror,pop,1061.9125000000017,Lauryn Hill,Interlude 5,r&b/soul,1058.6000000000004,Twista,I'm A Winner (Amended Album Version),hip hop,934.7874999999989,Elton John,Heart In The Right Place,pop,0.5441008891197913,Kenny Rogers,Endless love,country,0.5403284263397526,Dru Hill,Share My World,r&b/soul,0.5322735785615332,Elton John,Heart In The Right Place,pop,0.5617462530236114,Kenny Rogers,Endless love,country,0.5577415118492398,Dru Hill,Share My World,r&b/soul,0.5532563735196885
TRYYJHJ128F9340B19,SOKGVJH12A58A77920,ARS8GNX1187B9B5141,The Black Keys,Grown So Ugly,blues,Lauryn Hill,Interlude 5,r&b/soul,1853.0,Beastie Boys,B-Boy Bouillabaisse: A.W.O.L. (2009 Digital Remaster),hip hop,1496.0,Eminem,My Darling,hip hop,1283.0,Lauryn Hill,Interlude 5,r&b/soul,1685.5599999999988,Beastie Boys,B-Boy Bouillabaisse: A.W.O.L. (2009 Digital Remaster),hip hop,1355.973749999998,Eminem,My Darling,hip hop,1180.5112500000002,Robert Johnson,32 20 Blues,blues,0.6710883643746632,Robert Johnson,Kindhearted Woman Blues,blues,0.6515867411708326,Once Nothing,The Dust Of A Town,metal,0.651058363458038,Robert Johnson,32 20 Blues,blues,0.6855150363674519,Once Nothing,The Dust Of A Town,metal,0.6679150172978023,Jodeci,My Phone,jazz,0.6672072895572354
TRHHJCL12903CB44B7,SOFRWHG12A58A7DF46,ARS8GNX1187B9B5141,The Black Keys,Hard Row,blues,Lauryn Hill,Interlude 5,r&b/soul,2371.0,Twista,I'm A Winner (Amended Album Version),hip hop,2137.0,Michael Jackson,Man In The Mirror,pop,1713.0,Lauryn Hill,Interlude 5,r&b/soul,2170.44,Twista,I'm A Winner (Amended Album Version),hip hop,2005.9275000000018,Michael Jackson,Man In The Mirror,pop,1541.0525000000018,Dance Hall Crashers,Othello,reggae,0.6117260740013392,Eyes Set to Kill,All You Ever Knew,metal,0.6078508917863538,The Acacia Strain,Skynet,metal,0.6011325136942266,Dance Hall Crashers,Othello,reggae,0.6276589313861644,Eyes Set to Kill,All You Ever Knew,metal,0.621784412849926,The Acacia Strain,Skynet,metal,0.6164340419701512
TRWZXDS128F427A71B,SOAJJDS12A8C13A3FB,ARS8GNX1187B9B5141,The Black Keys,I Got Mine,blues,Mario Vazquez,Everytime I...,r&b/soul,2429.0,Eminem,8 Mile,hip hop,2295.0,Erykah Badu,I Want You,r&b/soul,2292.0,Mario Vazquez,Everytime I...,r&b/soul,2375.0000000000005,Erykah Badu,I Want You,r&b/soul,2227.079999999997,Eminem,8 Mile,hip hop,2183.5199999999977,Gary Moore,Ain't Nobody,blues,0.6978075195678669,Veronica Maggio,I staden växer inga blommor,pop,0.6900789820755566,Judy Garland,I Got Rhythm,pop,0.6830195837462248,Gary Moore,Ain't Nobody,blues,0.7023112300132486,Veronica Maggio,I staden växer inga blommor,pop,0.6898684822115774,Judy Garland,I Got Rhythm,pop,0.6884824576413187
TRZDLWE12903CB44DE,SOURIRH12A58A7B408,ARS8GNX1187B9B5141,The Black Keys,If You See Me,blues,Twista,I'm A Winner (Amended Album Version),hip hop,2415.0,Lauryn Hill,Interlude 5,r&b/soul,2268.0,Erykah Badu,I Want You,r&b/soul,2044.0,Twista,I'm A Winner (Amended Album Version),hip hop,2310.382499999999,Lauryn Hill,Interlude 5,r&b/soul,2107.9199999999996,Erykah Badu,I Want You,r&b/soul,1985.1662499999975,Ann Lee,Smooth & Sweet,pop,0.7373697365172481,Hafdis Huld,Plastic Halo,pop,0.7349057529957588,Ginuwine,Only When ur Lonely,r&b/soul,0.7277855959236345,Ann Lee,Smooth & Sweet,pop,0.7445770452629388,Hafdis Huld,Plastic Halo,pop,0.7422477473632884,Ginuwine,Only When ur Lonely,r&b/soul,0.7358409409036905
TRNZQVO128F427A71E,SOIQUSV12A8C13A402,ARS8GNX1187B9B5141,The Black Keys,Lies,blues,Lauryn Hill,Interlude 5,r&b/soul,1825.0,Beastie Boys,B-Boy Bouillabaisse: A.W.O.L. (2009 Digital Remaster),hip hop,1532.0,Twista,I'm A Winner (Amended Album Version),hip hop,1506.0,Lauryn Hill,Interlude 5,r&b/soul,1609.719999999999,Twista,I'm A Winner (Amended Album Version),hip hop,1365.3075000000001,Beastie Boys,B-Boy Bouillabaisse: A.W.O.L. (2009 Digital Remaster),hip hop,1351.9662499999963,Pop Will Eat Itself,I've Always Been A Coward Baby,electronic,0.6242314817702757,Das Ich,Lügen Und Das Ich,electronic,0.6200440763937284,Linda Ronstadt,Lies  (LP Version),folk,0.6084335483863228,Pop Will Eat Itself,I've Always Been A Coward Baby,electronic,0.6401766373602283,Das Ich,Lügen Und Das Ich,electronic,0.6287694619975158,Linda Ronstadt,Lies  (LP Version),folk,0.6225176217771732
TRAECHJ12903CC36DA,SOCQQSU12AB0185BF4,ARS8GNX1187B9B5141,The Black Keys,Next Girl,blues,Beastie Boys,B-Boy Bouillabaisse: A.W.O.L. (2009 Digital Remaster),hip hop,2459.0,Calvin Harris,The Girls,electronic,2248.0,Eminem,8 Mile,hip hop,2121.0,Beastie Boys,B-Boy Bouillabaisse: A.W.O.L. (2009 Digital Remaster),hip hop,2208.1837500000006,Calvin Harris,The Girls,electronic,2161.610000000009,Eminem,8 Mile,hip hop,1931.7162499999984,Jesse Johnson,I Want My Girl,r&b/soul,0.7258311267502844,OTT,Be My Girl,electronic,0.6669760036417919,The Jeff Healey Band,My Little Girl,blues,0.6612700940139911,Jesse Johnson,I Want My Girl,r&b/soul,0.7358411173733655,OTT,Be My Girl,electronic,0.6751375721634584,The Jeff Healey Band,My Little Girl,blues,0.6748369848356612
TRRVSIN128F9338FD5,SOSICNK12AB01876BB,ARS8GNX1187B9B5141,The Black Keys,No Fun,blues,Enrique Iglesias,Miss You,latin,1584.0,Tracey Ullman,Breakaway,pop,1418.0,Janis Joplin,Kozmic Blues,blues,1222.0,Enrique Iglesias,Miss You,latin,1525.812499999995,Tracey Ullman,Breakaway,pop,1382.5975000000028,Janis Joplin,Kozmic Blues,blues,1162.2200000000014,The Stooges,No Fun (Remasterd LP Version),punk,0.8684616207768385,Yerba Buena,No No No,latin,0.5649271907256469,Mecano,La Estación,latin,0.5337115544310276,The Stooges,No Fun (Remasterd LP Version),punk,0.8699962032182403,Yerba Buena,No No No,latin,0.5712988047253571,Mecano,La Estación,latin,0.5381112296108773
TRYMMVG128F9340B1B,SOHKBXW12AB0185660,ARS8GNX1187B9B5141,The Black Keys,Stack Shot Billy,blues,Lauryn Hill,Interlude 5,r&b/soul,655.0,Beastie Boys,B-Boy Bouillabaisse: A.W.O.L. (2009 Digital Remaster),hip hop,542.0,The Pharcyde,Otha Fish,hip hop,529.0,Lauryn Hill,Interlude 5,r&b/soul,517.0000000000007,The Pharcyde,Otha Fish,hip hop,457.28125000000085,Beastie Boys,B-Boy Bouillabaisse: A.W.O.L. (2009 Digital Remaster),hip hop,426.593750000001,George Jones,Who Shot Sam,country,0.4701107987034357,Thursday,Unintended Long Term Effects,punk,0.44545317329925066,John Hiatt,Trudy And Dave,rock,0.43178694687703933,George Jones,Who Shot Sam,country,0.48924194357973777,Thursday,Unintended Long Term Effects,punk,0.4641938517020844,John Hiatt,Trudy And Dave,rock,0.4567400573695089
TRKSEEY12903CCD312,SOTEPSZ12AB018C99D,ARS8GNX1187B9B5141,The Black Keys,Ten Cent Pistol,blues,The Corrs,Queen Of Hollywood ( LP Version ),pop,902.0,Twiztid,She Ain't Afraid,hip hop,889.0,Lauryn Hill,Interlude 5,r&b/soul,799.0,The Corrs,Queen Of Hollywood ( LP Version ),pop,830.3025000000015,Twiztid,She Ain't Afraid,hip hop,761.5212500000001,Beastie Boys,B-Boy Bouillabaisse: A.W.O.L. (2009 Digital Remaster),hip hop,607.8887499999997,The Boomtown Rats,Diamond Smiles,rock,0.5364552169732046,The Corrs,Queen Of Hollywood ( LP Version ),pop,0.5226359783709548,Tracy Byrd,Right About Now,country,0.48820273297993055,The Boomtown Rats,Diamond Smiles,rock,0.5586788128389328,The Corrs,Queen Of Hollywood ( LP Version ),pop,0.5431163452312806,Tracy Byrd,Right About Now,country,0.5124992210182767
TRFOGQC12903CA9D2E,SOTDIMP12AB01821E8,ARS8GNX1187B9B5141,The Black Keys,The Flame,blues,Lauryn Hill,Interlude 5,r&b/soul,2219.0,Twista,I'm A Winner (Amended Album Version),hip hop,1494.0,Eminem,My Darling,hip hop,1236.0,Lauryn Hill,Interlude 5,r&b/soul,2044.2000000000005,Twista,I'm A Winner (Amended Album Version),hip hop,1379.7624999999996,Danity Kane,Hold Me Down (Album Version),r&b/soul,1144.0125000000005,Midtown,Knew It All Along (Acoustic),folk,0.6133117060829772,Digital Underground,Sex Packets (LP Version),hip hop,0.6126989488661176,Lauryn Hill,Interlude 5,r&b/soul,0.6102791149807213,Digital Underground,Sex Packets (LP Version),hip hop,0.6299231171848717,Lauryn Hill,Interlude 5,r&b/soul,0.6291489352766583,Midtown,Knew It All Along (Acoustic),folk,0.6268797913336144
TREVCQU12903CCD318,SOGECRB12AB018C9AB,ARS8GNX1187B9B5141,The Black Keys,These Days,blues,Lauryn Hill,Interlude 5,r&b/soul,2558.0,Beastie Boys,B-Boy Bouillabaisse: A.W.O.L. (2009 Digital Remaster),hip hop,2148.0,Erykah Badu,I Want You,r&b/soul,1884.0,Lauryn Hill,Interlude 5,r&b/soul,2276.4799999999996,Beastie Boys,B-Boy Bouillabaisse: A.W.O.L. (2009 Digital Remaster),hip hop,1912.5712499999993,Erykah Badu,I Want You,r&b/soul,1780.5337500000044,Gregg Allman,These Days,country,0.6577582435087541,Hot Water Music,The Sense,punk,0.6141180233274958,Rhymefest,These Days,hip hop,0.6016157124684538,Gregg Allman,These Days,country,0.670605161857436,Hot Water Music,The Sense,punk,0.6307612191887608,Rhymefest,These Days,hip hop,0.6219959378222331
TRFLJNE12903CB44F1,SOBJBEU12AF729D526,ARS8GNX1187B9B5141,The Black Keys,When The Lights Go Out,blues,Lauryn Hill,Interlude 5,r&b/soul,2209.0,Twista,I'm A Winner (Amended Album Version),hip hop,1781.0,Erykah Badu,I Want You,r&b/soul,1457.0,Lauryn Hill,Interlude 5,r&b/soul,1995.5599999999995,Twista,I'm A Winner (Amended Album Version),hip hop,1641.5100000000004,Erykah Badu,I Want You,r&b/soul,1378.5550000000017,Donnie,Do You Know?,r&b/soul,0.565262225957534,Shannon McNally,Down And Dirty,blues,0.5648937104498977,Bon Jovi,Superman Tonight,rock,0.5602434622845053,Shannon McNally,Down And Dirty,blues,0.5795693115308373,Donnie,Do You Know?,r&b/soul,0.5781506783083159,Bon Jovi,Superman Tonight,rock,0.5774632974445119
TRQNNKX12903CB44CA,SOCULJG12A8AE4714D,ARS8GNX1187B9B5141,The Black Keys,Have Love Will Travel,blues,Erykah Badu,I Want You,r&b/soul,2215.0,Lauryn Hill,Interlude 5,r&b/soul,2205.0,Twista,I'm A Winner (Amended Album Version),hip hop,2108.0,Erykah Badu,I Want You,r&b/soul,2115.591250000006,Lauryn Hill,Interlude 5,r&b/soul,1934.5199999999995,Twista,I'm A Winner (Amended Album Version),hip hop,1931.2325000000021,Lisa Stansfield,Somewhere In Time,jazz,0.6597663237313405,Burden Of A Day,My Forfeit,metal,0.618279742786154,Bronski Beat,I Feel Love,pop,0.6164859183592445,Lisa Stansfield,Somewhere In Time,jazz,0.6698115401794407,Burden Of A Day,My Forfeit,metal,0.6271956421817664,Rufus Wainwright,Baby,folk,0.6264826776685397
TRKNKGC128F42A746A,SOUZEJD12D021B5336,AR20CFC1187B98A25D,Ray Charles,C.C. Rider,blues,Lauryn Hill,Interlude 5,r&b/soul,7547.0,Twista,I'm A Winner (Amended Album Version),hip hop,6158.0,Eminem,My Darling,hip hop,5473.0,Lauryn Hill,Interlude 5,r&b/soul,6974.759999999999,Twista,I'm A Winner (Amended Album Version),hip hop,5784.022499999998,Erykah Badu,I Want You,r&b/soul,5127.686249999994,Harry Belafonte,Angelina,latin,0.7030176047073917,Jeff Timmons,Can't You See,pop,0.6977799812633991,Shannon McNally,Down And Dirty,blues,0.6937393530547796,Harry Belafonte,Angelina,latin,0.713714348878679,Jeff Timmons,Can't You See,pop,0.7060401258180394,Shannon McNally,Down And Dirty,blues,0.7038096574177413
TRWEHQE128F935A2D6,SOKQSDH12AB0188B1A,AR20CFC1187B98A25D,Ray Charles,I Got a Woman,blues,Beastie Boys,B-Boy Bouillabaisse: A.W.O.L. (2009 Digital Remaster),hip hop,2251.0,Lauryn Hill,Interlude 5,r&b/soul,2160.0,Twiztid,She Ain't Afraid,hip hop,2066.0,Beastie Boys,B-Boy Bouillabaisse: A.W.O.L. (2009 Digital Remaster),hip hop,1961.7150000000015,Twiztid,She Ain't Afraid,hip hop,1864.6050000000016,Eminem,8 Mile,hip hop,1823.6849999999993,The Pharcyde,Passin' Me By,hip hop,0.6087311125223496,Josh Turner,Haywire,country,0.6038000443257087,Gentleman,Empress,reggae,0.6030790764798385,The Pharcyde,Passin' Me By,hip hop,0.6271014613120457,Gentleman,Empress,reggae,0.6211101328495388,Josh Turner,Haywire,country,0.6205870537019557
TRPMJOK128F92F317A,SOQWJXH12AAF3B5B0F,AR20CFC1187B98A25D,Ray Charles,The Sun's Gonna Shine Again,blues,Lauryn Hill,Interlude 5,r&b/soul,2103.0,Beastie Boys,B-Boy Bouillabaisse: A.W.O.L. (2009 Digital Remaster),hip hop,1440.0,Twista,I'm A Winner (Amended Album Version),hip hop,1435.0,Lauryn Hill,Interlude 5,r&b/soul,1904.280000000001,Twista,I'm A Winner (Amended Album Version),hip hop,1305.1300000000015,Erykah Badu,I Want You,r&b/soul,1277.9650000000017,Skip James,Devil Got My Woman,blues,0.552626063150677,Robben Ford,The Way You Treated Me (You're Gonna Be Sorry),blues,0.5434697373049154,Lauryn Hill,Interlude 1,r&b/soul,0.5295659750403501,Skip James,Devil Got My Woman,blues,0.5696912691762414,Robben Ford,The Way You Treated Me (You're Gonna Be Sorry),blues,0.5577570277273353,Lauryn Hill,Interlude 1,r&b/soul,0.5491798622456296
TRGXECP12903CDDC43,SOCLEEQ12D021B23E0,AR20CFC1187B98A25D,Ray Charles,Losing Hand,blues,Lauryn Hill,Interlude 5,r&b/soul,3227.0,Twista,I'm A Winner (Amended Album Version),hip hop,2963.0,Erykah Badu,I Want You,r&b/soul,2841.0,Lauryn Hill,Interlude 5,r&b/soul,2991.479999999999,Twista,I'm A Winner (Amended Album Version),hip hop,2809.0800000000054,Erykah Badu,I Want You,r&b/soul,2754.4400000000032,Wild Strawberries,Heroine,folk,0.7490418712182744,LL Cool J,Lollipop,hip hop,0.7480762379464801,Rufus Wainwright,Baby,folk,0.7397508372346332,LL Cool J,Lollipop,hip hop,0.7561962839199741,Wild Strawberries,Heroine,folk,0.756067027843703,Rufus Wainwright,Baby,folk,0.747349575969435
TREQYGT128E07859FA,SOZOJBP12A6701E425,ARV9LSS1187B98C471,Blake Shelton,Nobody But Me (Album Version),blues,Lauryn Hill,Interlude 5,r&b/soul,4601.0,Twista,I'm A Winner (Amended Album Version),hip hop,3701.0,Erykah Badu,I Want You,r&b/soul,3608.0,Lauryn Hill,Interlude 5,r&b/soul,4194.36,Erykah Badu,I Want You,r&b/soul,3458.548749999997,Twista,I'm A Winner (Amended Album Version),hip hop,3435.247500000002,Webb Pierce,I Ain't Never,country,0.7001392651379785,En Vogue,Love Don't Love You (LP Version),r&b/soul,0.6915751644784762,Ray Charles,Let's Go,jazz,0.6873740898651609,Webb Pierce,I Ain't Never,country,0.7093228630758824,En Vogue,Love Don't Love You (LP Version),r&b/soul,0.700632809590511,Ray Charles,Let's Go,jazz,0.6958892324018713
TROFEVE12903CD8AAA,SONQLUB12D02199FCD,AR66H0N1187B9AE91E,Etta James,A Sunday Kind of Love,blues,Lauryn Hill,Interlude 5,r&b/soul,2268.0,Beastie Boys,B-Boy Bouillabaisse: A.W.O.L. (2009 Digital Remaster),hip hop,2092.0,Eminem,8 Mile,hip hop,1772.0,Lauryn Hill,Interlude 5,r&b/soul,2010.400000000003,Beastie Boys,B-Boy Bouillabaisse: A.W.O.L. (2009 Digital Remaster),hip hop,1876.5749999999991,Eminem,8 Mile,hip hop,1609.4249999999986,Astrud Gilberto,And Roses And Roses,jazz,0.6387857487434727,Melissa Etheridge,Fearless Love,rock,0.6243458212698519,W.A.S.P.,Fistful Of Diamonds,metal,0.6204365192080373,Astrud Gilberto,And Roses And Roses,jazz,0.6520805604100922,Melissa Etheridge,Fearless Love,rock,0.6374657574594913,W.A.S.P.,Fistful Of Diamonds,metal,0.6311391808738567
TRCFPJF128F428A872,SOKCCML12D021B0FC6,AR66H0N1187B9AE91E,Etta James,I Just Want To Make Love To You,blues,Lauryn Hill,Interlude 5,r&b/soul,7889.0,Twista,I'm A Winner (Amended Album Version),hip hop,7104.0,Erykah Badu,I Want You,r&b/soul,6291.0,Lauryn Hill,Interlude 5,r&b/soul,7489.720000000003,Twista,I'm A Winner (Amended Album Version),hip hop,6843.057499999988,Erykah Badu,I Want You,r&b/soul,6144.253749999993,Willie Dixon,I Just Want To Make Love To You,blues,0.8572527623051486,Jesse Johnson,Love Struck,r&b/soul,0.8294796744438512,Jon Secada,Want You_ Miss You_ Love You,latin,0.7970538844156012,Willie Dixon,I Just Want To Make Love To You,blues,0.8602212578815764,Jesse Johnson,Love Struck,r&b/soul,0.8335277879280489,Jon Secada,Want You_ Miss You_ Love You,latin,0.8014557433217919
TRBFTHL128C7196B42,SODJRCC12D02192374,AR66H0N1187B9AE91E,Etta James,My Dearest Darling,blues,Lauryn Hill,Interlude 5,r&b/soul,1609.0,Twista,I'm A Winner (Amended Album Version),hip hop,1603.0,Eminem,My Darling,hip hop,1567.0,Twista,I'm A Winner (Amended Album Version),hip hop,1501.9899999999986,Eminem,My Darling,hip hop,1472.3949999999998,Lauryn Hill,Interlude 5,r&b/soul,1454.4399999999996,Kenny Rogers,Endless love,country,0.6989731103223097,Angie Stone,Snowflakes,r&b/soul,0.6900703783444885,Mint Condition,Breakin' My Heart (Pretty Brown Eyes),r&b/soul,0.6869805448877149,Kenny Rogers,Endless love,country,0.7090147186016058,Angie Stone,Snowflakes,r&b/soul,0.7016972764662263,Mint Condition,Breakin' My Heart (Pretty Brown Eyes),r&b/soul,0.6981418553632347
TRFEGGQ128E07898AA,SOMPSXS12D021B12D7,AR66H0N1187B9AE91E,Etta James,W.O.M.A.N.,blues,Lauryn Hill,Interlude 5,r&b/soul,2237.0,Electrelane,Cut And Run,punk,1879.0,Twista,I'm A Winner (Amended Album Version),hip hop,1744.0,Lauryn Hill,Interlude 5,r&b/soul,2012.5199999999982,Electrelane,Cut And Run,punk,1826.844999999998,Twista,I'm A Winner (Amended Album Version),hip hop,1597.2949999999992,Pretty Maids,Perfect Stranger,metal,0.7352704095327459,The Darkness,Givin' Up (Clean Version),rock,0.7313282315519756,Little Anthony & The Imperials,Shimmy_ Shimmy_ Ko-Ko-Bop (Single Version),latin,0.725829735335858,Pretty Maids,Perfect Stranger,metal,0.7408304133687239,The Darkness,Givin' Up (Clean Version),rock,0.7350005406724144,Little Anthony & The Imperials,Shimmy_ Shimmy_ Ko-Ko-Bop (Single Version),latin,0.7317444599241864
TRDDDDX128E0793212,SOIOOIR12A58A7EBB8,ARLAUED1187B9ACEAF,Eric Clapton,Alberta,blues,Lauryn Hill,Interlude 5,r&b/soul,1647.0,Twista,I'm A Winner (Amended Album Version),hip hop,1532.0,Eminem,My Darling,hip hop,1249.0,Lauryn Hill,Interlude 5,r&b/soul,1496.1200000000001,Twista,I'm A Winner (Amended Album Version),hip hop,1433.3950000000002,Eminem,My Darling,hip hop,1156.6475000000003,Bay City Rollers,Lovely To See You,pop,0.6170007710107533,Shannon McNally,Down And Dirty,blues,0.6132646651337105,Jennifer Lopez,Theme From Mahagony (Do You Know Where You're Going To),electronic,0.6086252255072351,Bay City Rollers,Lovely To See You,pop,0.626346080342961,Shannon McNally,Down And Dirty,blues,0.623717588308047,Jennifer Lopez,Theme From Mahagony (Do You Know Where You're Going To),electronic,0.6182644199064222
TRWBAGY128F93034BF,SOXIVQT12AB0181061,ARLAUED1187B9ACEAF,Eric Clapton,Before You Accuse Me (Take A Look At Yourself),blues,Lauryn Hill,Interlude 5,r&b/soul,1431.0,Eminem,My Darling,hip hop,1312.0,Beastie Boys,B-Boy Bouillabaisse: A.W.O.L. (2009 Digital Remaster),hip hop,1285.0,Lauryn Hill,Interlude 5,r&b/soul,1254.3599999999988,Eminem,My Darling,hip hop,1203.880000000002,Twista,I'm A Winner (Amended Album Version),hip hop,1163.5599999999972,Bo Diddley,Before You Accuse Me,blues,0.8800229295853705,Fat Joe,Preacher On A Sunday Morning,hip hop,0.6131911839346919,Joss Stone,You Had Me (Live),r&b/soul,0.6047578537285762,Bo Diddley,Before You Accuse Me,blues,0.885745926261553,Fat Joe,Preacher On A Sunday Morning,hip hop,0.6330220103140114,Joss Stone,You Had Me (Live),r&b/soul,0.6217482026427427
TRLWIBC128E0792E2C,SORMUAO12A6D4F9262,ARLAUED1187B9ACEAF,Eric Clapton,Early In The Morning,blues,Lauryn Hill,Interlude 5,r&b/soul,2719.0,Beastie Boys,B-Boy Bouillabaisse: A.W.O.L. (2009 Digital Remaster),hip hop,2110.0,Danity Kane,Hold Me Down (Album Version),r&b/soul,1773.0,Lauryn Hill,Interlude 5,r&b/soul,2428.280000000004,Beastie Boys,B-Boy Bouillabaisse: A.W.O.L. (2009 Digital Remaster),hip hop,1866.8774999999953,Danity Kane,Hold Me Down (Album Version),r&b/soul,1638.3050000000044,Seventh Day Slumber,Broken Buildings,rock,0.5768927835311591,Gil Scott-Heron,Me And The Devil,blues,0.5755248582468123,Opeth,The Moor,metal,0.5619421027428304,Gil Scott-Heron,Me And The Devil,blues,0.5968675616148561,Seventh Day Slumber,Broken Buildings,rock,0.5930414797492458,Opeth,The Moor,metal,0.5812763812852317
TRAZQIG128F146372E,SOFZYKR12A6D4F72A5,ARLAUED1187B9ACEAF,Eric Clapton,Floating Bridge,blues,Lauryn Hill,Interlude 5,r&b/soul,2423.0,Beastie Boys,B-Boy Bouillabaisse: A.W.O.L. (2009 Digital Remaster),hip hop,2285.0,Eminem,8 Mile,hip hop,1863.0,Lauryn Hill,Interlude 5,r&b/soul,2134.12,Beastie Boys,B-Boy Bouillabaisse: A.W.O.L. (2009 Digital Remaster),hip hop,2043.4162499999993,Eminem,8 Mile,hip hop,1680.683749999999,Lupe Fiasco,Hurt Me Soul (Explicit Album Version),hip hop,0.6499208281616761,Jackie Greene,About Cell Block #9,blues,0.6376201798270444,Onyx,Feel Me,hip hop,0.6374150792990851,Lupe Fiasco,Hurt Me Soul (Explicit Album Version),hip hop,0.6664681902367555,Onyx,Feel Me,hip hop,0.656911610446021,Jackie Greene,About Cell Block #9,blues,0.653763644614063
TRQUJCP128F4238206,SOICNJH12A81C22263,ARLAUED1187B9ACEAF,Eric Clapton,Kind Hearted Woman Blues (Album Version),blues,Lauryn Hill,Interlude 5,r&b/soul,1804.0,Beastie Boys,B-Boy Bouillabaisse: A.W.O.L. (2009 Digital Remaster),hip hop,1711.0,Twista,I'm A Winner (Amended Album Version),hip hop,1577.0,Lauryn Hill,Interlude 5,r&b/soul,1601.5999999999976,Beastie Boys,B-Boy Bouillabaisse: A.W.O.L. (2009 Digital Remaster),hip hop,1541.737500000002,Erykah Badu,I Want You,r&b/soul,1478.6125000000047,Robert Johnson,Kindhearted Woman Blues,blues,0.9459268741555745,Jonny Lang,Breakin Me,blues,0.6862688998070383,The Mick Fleetwood Blues Band,Black Magic Woman,blues,0.6838707621408097,Robert Johnson,Kindhearted Woman Blues,blues,0.9482073883144873,Jonny Lang,Breakin Me,blues,0.7003492917357614,Anastacia,Club Megamix,rock,0.6961442495270542
TRIDJMD128E078B984,SOWGAGY12A6701F305,ARN0YZ71187B9BA57B,Michael Bublé,That's All (Album Version),classical,Lauryn Hill,Interlude 5,r&b/soul,4289.0,Twista,I'm A Winner (Amended Album Version),hip hop,2974.0,Michael Jackson,Man In The Mirror,pop,2837.0,Lauryn Hill,Interlude 5,r&b/soul,4020.359999999999,Twista,I'm A Winner (Amended Album Version),hip hop,2798.435000000002,Michael Jackson,Man In The Mirror,pop,2606.6849999999986,Hindi Zahra,Fascination (Album Version),jazz,0.7790582980879697,Mayday Parade,One Man Drinking Games,punk,0.7268641223324006,KC And The Sunshine Band,All My Love,r&b/soul,0.7260595305313376,Hindi Zahra,Fascination (Album Version),jazz,0.7865780716762889,Mayday Parade,One Man Drinking Games,punk,0.7373932721322488,KC And The Sunshine Band,All My Love,r&b/soul,0.7342440698752284
TRYRCXF128F424183D,SOWXYFO12A8AE46AD3,ARGVJPK1187B9909EA,Josh Groban,America (Revised Live Version),classical,Lauryn Hill,Interlude 5,r&b/soul,2325.0,Beastie Boys,B-Boy Bouillabaisse: A.W.O.L. (2009 Digital Remaster),hip hop,2240.0,Eminem,8 Mile,hip hop,1876.0,Lauryn Hill,Interlude 5,r&b/soul,2085.7999999999993,Beastie Boys,B-Boy Bouillabaisse: A.W.O.L. (2009 Digital Remaster),hip hop,2039.9625000000003,Eminem,8 Mile,hip hop,1725.0374999999992,Simon & Garfunkel,America,folk,0.9944536467064781,Brand Nubian,All For One (Explicit) (2006 Remastered LP Version),hip hop,0.7371923298814068,The Streets,The Irony Of It All (Album Version),electronic,0.7230060150130502,Simon & Garfunkel,America,folk,0.9947246396459665,Brand Nubian,All For One (Explicit) (2006 Remastered LP Version),hip hop,0.7508391938954497,The Streets,The Irony Of It All (Album Version),electronic,0.7387241738395302
TRDQLTF128E0787809,SODUTDM12A67020476,ARGVJPK1187B9909EA,Josh Groban,Broken Vow (Album Version),classical,Lauryn Hill,Interlude 5,r&b/soul,4866.0,Twista,I'm A Winner (Amended Album Version),hip hop,4115.0,Erykah Badu,I Want You,r&b/soul,3892.0,Lauryn Hill,Interlude 5,r&b/soul,4527.4400000000005,Twista,I'm A Winner (Amended Album Version),hip hop,3893.7399999999943,Erykah Badu,I Want You,r&b/soul,3767.5700000000156,G4,Broken Vow,classical,0.9990835607231936,Alexandra Burke,Overcome,r&b/soul,0.8109955569163269,Mario Vazquez,Everytime I...,r&b/soul,0.797762116364457,G4,Broken Vow,classical,0.9991177766257915,Alexandra Burke,Overcome,r&b/soul,0.8176179338967285,Il Divo,Mama,classical,0.8027262142956695
TRUAAEQ128F423C52D,SOGDUMI12A8AE45417,ARGVJPK1187B9909EA,Josh Groban,Gira Con Me Questa Notte (Album Version),classical,Abba,Move On,pop,1407.0,Horace Andy,Horse With No Name,reggae,1321.0,Gemelli Diversi,Istruzioni Per L'(Ill)uso,hip hop,1148.0,Abba,Move On,pop,1362.5212500000011,Horace Andy,Horse With No Name,reggae,1280.9800000000005,Gemelli Diversi,Istruzioni Per L'(Ill)uso,hip hop,1122.008750000003,Gemelli Diversi,Istruzioni Per L'(Ill)uso,hip hop,0.7512308791639802,Vittorio Grigolo,Roma Sogna,classical,0.7386685807760828,Paolo Conte,Nord,jazz,0.7384056412490718,Gemelli Diversi,Istruzioni Per L'(Ill)uso,hip hop,0.75529830179037,Vittorio Grigolo,Roma Sogna,classical,0.7421281052485834,Paolo Conte,Nord,jazz,0.7413877951825896
TRYGDNA128E078780C,SOWLNSE12A67020479,ARGVJPK1187B9909EA,Josh Groban,Hymne A L'Amour (Album Version),classical,Tryo,Yakamonéyé,reggae,923.0,Fonky Family,L'Amour Du Risque,hip hop,917.0,Sniper,Panam All Star,hip hop,906.0,Tryo,Yakamonéyé,reggae,882.7100000000017,Fonky Family,L'Amour Du Risque,hip hop,879.6000000000013,Sniper,Panam All Star,hip hop,856.3599999999993,Amandine Bourgeois,L'Homme De La Situation,pop,0.7661508738614391,Zazie,Tomber Le Masque,pop,0.7434953961936303,Lokua Kanza,A Tes Côtés,folk,0.7109584331368686,Amandine Bourgeois,L'Homme De La Situation,pop,0.7702577482588894,Zazie,Tomber Le Masque,pop,0.7484485448986042,Lokua Kanza,A Tes Côtés,folk,0.7160180143380986
TRDFTPP128F427550C,SOWOPHG12A8C13DB44,ARGVJPK1187B9909EA,Josh Groban,It Came Upon A Midnight Clear (Album Version),classical,The Streets,Weak Become Heroes,hip hop,1169.0,Travis,Sing,pop,949.0,Jenny Lewis,Sing A Song,country,862.0,The Streets,Weak Become Heroes,hip hop,1085.4812499999991,Travis,Sing,pop,924.5625000000003,Jenny Lewis,Sing A Song,country,836.2687499999979,Travis,Sing,pop,0.5430517263162133,Barry Manilow,Sing It,rock,0.44851043563519016,Cinderella Effect,Israel,classical,0.3974293048565701,Travis,Sing,pop,0.5495001711304566,Barry Manilow,Sing It,rock,0.45772139224764413,Cinderella Effect,Israel,classical,0.40971024655971094
TRRBWRX128F423C535,SOBFGZA12A8AE4542A,ARGVJPK1187B9909EA,Josh Groban,Let Me Fall (From Cirque du Soleil) (Album Version),classical,Lauryn Hill,Interlude 5,r&b/soul,2200.0,Eminem,8 Mile,hip hop,2187.0,Beastie Boys,B-Boy Bouillabaisse: A.W.O.L. (2009 Digital Remaster),hip hop,2172.0,Eminem,8 Mile,hip hop,2030.2312499999985,Mario Vazquez,Everytime I...,r&b/soul,2024.0625000000027,Beastie Boys,B-Boy Bouillabaisse: A.W.O.L. (2009 Digital Remaster),hip hop,1964.268749999999,JET,Let Me Out,rock,0.6617910751137919,Robbie Williams,Come Take Me Over,pop,0.6458772537454097,Charley Pride,Let The Chips Fall,country,0.6395527112980572,JET,Let Me Out,rock,0.6734951718494046,Robbie Williams,Come Take Me Over,pop,0.6575239358312595,Charley Pride,Let The Chips Fall,country,0.6524274900988363
TRJSTLV128F4241832,SOHCDYF12A58A7C604,ARGVJPK1187B9909EA,Josh Groban,Mi Mancherai (Il Postino) (Revised Live Version),classical,Shaggy,Luv Me Up,reggae,663.0,Fabrizio De Andrè,Sinan Capudan Pascià,folk,500.0,Jowell & Randy,Te Ando Buscando,reggae,478.0,Shaggy,Luv Me Up,reggae,621.1099999999977,Fabrizio De Andrè,Sinan Capudan Pascià,folk,483.77499999999816,Jowell & Randy,Te Ando Buscando,reggae,459.04625000000095,Il Divo,Adagio,classical,0.7096432856876043,Il Divo,Musica,classical,0.6900844975768087,Vinicio Capossela,Il Pugile Sentimentale ( Live ),folk,0.671189096562739,Il Divo,Adagio,classical,0.7146649400837465,Il Divo,Musica,classical,0.6953392321425388,Vinicio Capossela,Il Pugile Sentimentale ( Live ),folk,0.6764594891773381
TRBRHPE128E0787803,SOJCMKN12A67020471,ARGVJPK1187B9909EA,Josh Groban,My Confession (Album Version),classical,Beastie Boys,B-Boy Bouillabaisse: A.W.O.L. (2009 Digital Remaster),hip hop,3830.0,Eminem,8 Mile,hip hop,3532.0,Lauryn Hill,Interlude 5,r&b/soul,3498.0,Beastie Boys,B-Boy Bouillabaisse: A.W.O.L. (2009 Digital Remaster),hip hop,3546.8699999999944,Mario Vazquez,Everytime I...,r&b/soul,3329.4999999999905,Eminem,8 Mile,hip hop,3318.329999999995,The Distillers,I Understand,punk,0.7829224960131934,Common,Book Of Life,hip hop,0.7592618832784527,Ben Folds Five,Don't Change Your Plans,rock,0.7591900611297343,The Distillers,I Understand,punk,0.7893759960732115,Common,Book Of Life,hip hop,0.7679380626950867,Ben Folds Five,Don't Change Your Plans,rock,0.7678209252492962
TRLJSTZ128F4241831,SOTEXNI12A8AE46AAE,ARGVJPK1187B9909EA,Josh Groban,Oceano (Revised Live Version),classical,Flaminio Maphia,Quelli Che,hip hop,765.0,Fabrizio De Andrè,Sinan Capudan Pascià,folk,631.0,Gemelli Diversi,Istruzioni Per L'(Ill)uso,hip hop,587.0,Flaminio Maphia,Quelli Che,hip hop,748.757499999999,Fabrizio De Andrè,Sinan Capudan Pascià,folk,610.9249999999979,Gemelli Diversi,Istruzioni Per L'(Ill)uso,hip hop,565.1912499999968,Bluvertigo,Niente Per Scontato,electronic,0.8169154145436078,Paul Potts,Mamma,classical,0.793483584667806,Paul Potts,Bellamore,classical,0.7560820803505014,Bluvertigo,Niente Per Scontato,electronic,0.8193238354908697,Paul Potts,Mamma,classical,0.7964779230746887,Paul Potts,Bellamore,classical,0.7583766446398089
TRGURIJ128E078780B,SORUSFO12A67020478,ARGVJPK1187B9909EA,Josh Groban,Remember When It Rained (Album Version),classical,Lauryn Hill,Interlude 5,r&b/soul,1644.0,Michael Jackson,Man In The Mirror,pop,1486.0,Beastie Boys,B-Boy Bouillabaisse: A.W.O.L. (2009 Digital Remaster),hip hop,1450.0,Lauryn Hill,Interlude 5,r&b/soul,1430.5599999999984,Michael Jackson,Man In The Mirror,pop,1303.0100000000002,Beastie Boys,B-Boy Bouillabaisse: A.W.O.L. (2009 Digital Remaster),hip hop,1271.5049999999987,Josh Groban,Remember When It Rained (Revised Live Version),classical,0.9999999999999916,Copeland,The Day I Lost My Voice (The Suitcase Song),rock,0.5348766313315351,Steely Dan,I Can't Function,rock,0.4813176335877616,Josh Groban,Remember When It Rained (Revised Live Version),classical,1.0000000000000002,Copeland,The Day I Lost My Voice (The Suitcase Song),rock,0.5532172062804781,Steely Dan,I Can't Function,rock,0.5002960267694229
TRYKKOX128F4241839,SOEIAOV12A8AE46AC4,ARGVJPK1187B9909EA,Josh Groban,Remember When It Rained (Revised Live Version),classical,Lauryn Hill,Interlude 5,r&b/soul,1644.0,Michael Jackson,Man In The Mirror,pop,1486.0,Beastie Boys,B-Boy Bouillabaisse: A.W.O.L. (2009 Digital Remaster),hip hop,1450.0,Lauryn Hill,Interlude 5,r&b/soul,1430.5599999999984,Michael Jackson,Man In The Mirror,pop,1303.0100000000002,Beastie Boys,B-Boy Bouillabaisse: A.W.O.L. (2009 Digital Remaster),hip hop,1271.5049999999987,Josh Groban,Remember When It Rained (Album Version),classical,0.9999999999999916,Copeland,The Day I Lost My Voice (The Suitcase Song),rock,0.5348766313315351,Steely Dan,I Can't Function,rock,0.4813176335877616,Josh Groban,Remember When It Rained (Album Version),classical,1.0000000000000002,Copeland,The Day I Lost My Voice (The Suitcase Song),rock,0.5532172062804781,Steely Dan,I Can't Function,rock,0.5002960267694229
TRUVBEG128F92F0B48,SORJUAX12AB017CB28,ARGVJPK1187B9909EA,Josh Groban,Smile,classical,Lauryn Hill,Interlude 5,r&b/soul,2716.0,Twista,I'm A Winner (Amended Album Version),hip hop,2258.0,Michael Jackson,Man In The Mirror,pop,1797.0,Lauryn Hill,Interlude 5,r&b/soul,2454.720000000001,Twista,I'm A Winner (Amended Album Version),hip hop,2087.2450000000003,Pain of Salvation,Spitfall,metal,1666.330000000001,a1,Learn To Fly,pop,0.6785633382915319,Pain of Salvation,Spitfall,metal,0.6521045244466204,B.B. King,Jack_ You're Dead!,blues,0.6304020480052974,a1,Learn To Fly,pop,0.6907654148388254,Pain of Salvation,Spitfall,metal,0.6683181023375242,B.B. King,Jack_ You're Dead!,blues,0.6437249161036644
TRJBNZG128EF35A1AA,SOMYGPN12A6D4F7E28,ARGVJPK1187B9909EA,Josh Groban,Solo Por Ti (Album Version),classical,Abba,Move On,pop,1405.0,Horace Andy,Horse With No Name,reggae,1331.0,Violadores del Verso,Dale tiempo al rumor,hip hop,798.0,Abba,Move On,pop,1367.678750000003,Horace Andy,Horse With No Name,reggae,1297.419999999996,Violadores del Verso,Dale tiempo al rumor,hip hop,751.7362500000013,Fey,Solo Por Bailar,pop,0.6296382700753193,Sebastien Tellier,League Chicanos,latin,0.6250653123544235,Buena Vista Social Club,De Camino a la Vereda,latin,0.6156361000329555,Fey,Solo Por Bailar,pop,0.6368036318282508,Sebastien Tellier,League Chicanos,latin,0.6311773477025603,Buena Vista Social Club,De Camino a la Vereda,latin,0.6214542589736745
TRPJAPP128EF35A1AC,SOAGVMD12A6D4F7E2A,ARGVJPK1187B9909EA,Josh Groban,Un Giorno Per Noi (Album Version),classical,The Pharcyde,Otha Fish,hip hop,378.0,Abba,Move On,pop,373.0,Fabrizio De Andrè,Sinan Capudan Pascià,folk,368.0,Fabrizio De Andrè,Sinan Capudan Pascià,folk,358.37500000000256,Abba,Move On,pop,355.1062499999987,The Pharcyde,Otha Fish,hip hop,344.5312499999992,Sergio Cammariere,Oggi,jazz,0.717734684943876,Frankie HI-NRG MC,Sana E Robusta,hip hop,0.6646155564629691,Andrea Bocelli,L'Attesa,classical,0.6516753202104459,Sergio Cammariere,Oggi,jazz,0.72109294214476,Frankie HI-NRG MC,Sana E Robusta,hip hop,0.6687940083445564,Andrea Bocelli,L'Attesa,classical,0.6560733875680482
TRUDTXB128F423C537,SOGQZMP12A8AE4542F,ARGVJPK1187B9909EA,Josh Groban,Vincent (Starry_ Starry Night) (Album Version),classical,Lauryn Hill,Interlude 5,r&b/soul,4657.0,Beastie Boys,B-Boy Bouillabaisse: A.W.O.L. (2009 Digital Remaster),hip hop,2949.0,Eminem,My Darling,hip hop,2831.0,Lauryn Hill,Interlude 5,r&b/soul,4276.119999999995,Beastie Boys,B-Boy Bouillabaisse: A.W.O.L. (2009 Digital Remaster),hip hop,2630.4787500000016,Eminem,My Darling,hip hop,2597.8662499999964,Damien Dempsey,Colony,folk,0.6681568837212656,HELLYEAH,Nausea,metal,0.662171160131957,Lauryn Hill,Interlude 5,r&b/soul,0.6588950984078992,Damien Dempsey,Colony,folk,0.6861895412846089,Lauryn Hill,Interlude 5,r&b/soul,0.6777439830339153,HELLYEAH,Nausea,metal,0.6775570930475653
TRMVVDP128E0787806,SOTQRPK12A67020473,ARGVJPK1187B9909EA,Josh Groban,When You Say You Love Me (Album Version),classical,Lauryn Hill,Interlude 5,r&b/soul,7162.0,Twista,I'm A Winner (Amended Album Version),hip hop,6206.0,Erykah Badu,I Want You,r&b/soul,4726.0,Lauryn Hill,Interlude 5,r&b/soul,6702.000000000013,Twista,I'm A Winner (Amended Album Version),hip hop,5905.375000000009,Erykah Badu,I Want You,r&b/soul,4556.93750000001,Lyle Lovett,North Dakota,country,0.7949397208293707,Liz Phair,Go On Ahead,rock,0.7915556229330071,Monica,Hurts The Most,r&b/soul,0.7883585346125478,Lyle Lovett,North Dakota,country,0.80153950644782,Liz Phair,Go On Ahead,rock,0.7994179058074643,Monica,Hurts The Most,r&b/soul,0.7970711675926523
TRIEQWR128E078780D,SOULFRO12A6702047A,ARGVJPK1187B9909EA,Josh Groban,You Raise Me Up (Album Version),classical,Lauryn Hill,Interlude 5,r&b/soul,4545.0,Twista,I'm A Winner (Amended Album Version),hip hop,4530.0,Beastie Boys,B-Boy Bouillabaisse: A.W.O.L. (2009 Digital Remaster),hip hop,3980.0,Twista,I'm A Winner (Amended Album Version),hip hop,4302.727499999995,Lauryn Hill,Interlude 5,r&b/soul,4197.239999999999,Beastie Boys,B-Boy Bouillabaisse: A.W.O.L. (2009 Digital Remaster),hip hop,3689.176250000002,Russell Watson,You Raise Me Up,classical,0.9949111152533232,David Crowder*Band,All Around Me,classical,0.7043813639732505,All Time Low,Therapy,punk,0.6975033815037823,Russell Watson,You Raise Me Up,classical,0.9950341894694665,David Crowder*Band,All Around Me,classical,0.7121688843972471,All Time Low,Therapy,punk,0.7066703124759901
TRBEYYM128F1493C56,SOKMZQL12A58A76B19,ARGVJPK1187B9909EA,Josh Groban,Believe (Album Version),classical,Lauryn Hill,Interlude 5,r&b/soul,2718.0,Twista,I'm A Winner (Amended Album Version),hip hop,2074.0,Michael Jackson,Man In The Mirror,pop,1737.0,Lauryn Hill,Interlude 5,r&b/soul,2427.2800000000007,Twista,I'm A Winner (Amended Album Version),hip hop,1884.0050000000003,MIMS,Move (If You Wanna),hip hop,1541.8074999999983,Beverley Craven,Phoenix From The Fire,folk,0.6117977647093786,Cilla Black,Alfie,pop,0.6045658836197512,Pain of Salvation,Spitfall,metal,0.5789936782914011,Beverley Craven,Phoenix From The Fire,folk,0.626074851774407,Cilla Black,Alfie,pop,0.6253044259172873,Pain of Salvation,Spitfall,metal,0.6002286115458932
TRPITXR128F427FA1B,SOEEMLZ12A8C136C5C,ARH861H1187B9B799E,Johnny Cash,Away In A Manger,classical,Lauryn Hill,Interlude 5,r&b/soul,824.0,Beastie Boys,B-Boy Bouillabaisse: A.W.O.L. (2009 Digital Remaster),hip hop,787.0,Eminem,8 Mile,hip hop,604.0,Lauryn Hill,Interlude 5,r&b/soul,669.4400000000007,Beastie Boys,B-Boy Bouillabaisse: A.W.O.L. (2009 Digital Remaster),hip hop,657.7450000000003,Eminem,8 Mile,hip hop,506.4550000000001,Kenny G,Away In A Manger,jazz,0.9851946117751804,Johnny Cash,Daddy Sang Bass,country,0.47176268238155766,Current 93,Raio No Terrasu (Jesus Wept),electronic,0.4613590640693604,Kenny G,Away In A Manger,jazz,0.9859194045679841,Johnny Cash,Daddy Sang Bass,country,0.49876140383270867,Fiddler's Green,Matty Groves,folk,0.47960640532661186
TRGFMUJ128F423C52F,SOKABLD12D021991AC,ARGVJPK1187B9909EA,Josh Groban,Cinema Paradiso (Se) (Album Version),classical,Gemelli Diversi,Istruzioni Per L'(Ill)uso,hip hop,311.0,Fabrizio De Andrè,Sinan Capudan Pascià,folk,305.0,Flaminio Maphia,Quelli Che,hip hop,305.0,Gemelli Diversi,Istruzioni Per L'(Ill)uso,hip hop,300.5437500000003,Flaminio Maphia,Quelli Che,hip hop,297.21249999999947,Fabrizio De Andrè,Sinan Capudan Pascià,folk,295.3750000000012,Il Divo,La Promesa,classical,0.7919585206062538,Vittorio Grigolo,Se Tu Non Sei Lei,classical,0.7275411124303072,Sergio Cammariere,Oggi,jazz,0.6879236235056071,Il Divo,La Promesa,classical,0.7954084308108675,Vittorio Grigolo,Se Tu Non Sei Lei,classical,0.7318229110975953,Sergio Cammariere,Oggi,jazz,0.693043075881872
TRGVTSO12903CABC19,SOPPSEF12AB018ADD4,ARFM3UU1187B994C88,David Crowder*Band,All Around Me,classical,Lauryn Hill,Interlude 5,r&b/soul,5833.0,Twista,I'm A Winner (Amended Album Version),hip hop,5385.0,Beastie Boys,B-Boy Bouillabaisse: A.W.O.L. (2009 Digital Remaster),hip hop,5004.0,Lauryn Hill,Interlude 5,r&b/soul,5441.080000000004,Twista,I'm A Winner (Amended Album Version),hip hop,5128.867499999992,Erykah Badu,I Want You,r&b/soul,4734.958750000002,Godsmack,Asleep,folk,0.8567074364279984,Room Eleven,Bitch,jazz,0.8038748392853713,The Acacia Strain,Kraken,metal,0.7992850251281435,Godsmack,Asleep,folk,0.8592162924345821,Room Eleven,Bitch,jazz,0.8086388634157978,The Acacia Strain,Kraken,metal,0.8051199261958836
TRJGMSL128F4230A6C,SOWYWPP12A81C20850,ARPBTRI1187FB52457,The Game,Black Opera,classical,Lauryn Hill,Interlude 5,r&b/soul,15262.0,Twista,I'm A Winner (Amended Album Version),hip hop,14936.0,Erykah Badu,I Want You,r&b/soul,11789.0,Twista,I'm A Winner (Amended Album Version),hip hop,14243.360000000006,Lauryn Hill,Interlude 5,r&b/soul,14202.160000000007,Erykah Badu,I Want You,r&b/soul,11399.48000000001,Clawfinger,Revenge,metal,0.7939266769314585,Wu-Tang Clan,Brooklyn Zoo,hip hop,0.7912797376236372,Level 42,To Be With You Again,pop,0.7823691771274287,Clawfinger,Revenge,metal,0.8012772171146152,Wu-Tang Clan,Brooklyn Zoo,hip hop,0.8002431245726551,Level 42,To Be With You Again,pop,0.7898154388967737
TRBGUUE128F1494FB6,SOGDJWU12A58A7DA10,ARJA1841187FB3A029,David Bowie,Baal's Hymn,classical,Lauryn Hill,Interlude 5,r&b/soul,2626.0,Beastie Boys,B-Boy Bouillabaisse: A.W.O.L. (2009 Digital Remaster),hip hop,2184.0,Vanilla Ice,Ice Is Workin' It,hip hop,1936.0,Lauryn Hill,Interlude 5,r&b/soul,2162.320000000003,Beastie Boys,B-Boy Bouillabaisse: A.W.O.L. (2009 Digital Remaster),hip hop,1796.2349999999988,Vanilla Ice,Ice Is Workin' It,hip hop,1716.759999999997,King Geedorah,The Fine Print,hip hop,0.6091824319418303,MC Paul Barman,Anarchist Bookstore part 1,hip hop,0.5956694101641562,Sopor Aeternus & The Ensemble Of Shadows,Architecture II,classical,0.5882815523691887,King Geedorah,The Fine Print,hip hop,0.6432554026190045,MC Paul Barman,Anarchist Bookstore part 1,hip hop,0.6272950822072653,Sopor Aeternus & The Ensemble Of Shadows,Architecture II,classical,0.6132052770450744
TREPYPE128F92EB38C,SOBAQGA12AB017C9F2,ARNJ9LU1187B9A56A6,Il Divo,Adagio,classical,Gemelli Diversi,Istruzioni Per L'(Ill)uso,hip hop,545.0,Flaminio Maphia,Quelli Che,hip hop,487.0,Fabrizio De Andrè,Sinan Capudan Pascià,folk,476.0,Gemelli Diversi,Istruzioni Per L'(Ill)uso,hip hop,527.6725000000006,Flaminio Maphia,Quelli Che,hip hop,474.0950000000006,Fabrizio De Andrè,Sinan Capudan Pascià,folk,460.04999999999876,Il Divo,Musica,classical,0.9160747184901794,Amici Forever,Adagio,classical,0.9080379585676652,Paul Potts,Mamma,classical,0.7945504816947326,Il Divo,Musica,classical,0.9176725071835744,Amici Forever,Adagio,classical,0.9098364354359195,Paul Potts,Mamma,classical,0.7979626251385126
TRGZRPJ128F92EF7E2,SOJBCHJ12A8C140942,ARNJ9LU1187B9A56A6,Il Divo,Adeste Fideles,classical,Vanilla Ice,It's A Party,hip hop,666.0,Black Eyed Peas,Tell Your Momma Come,hip hop,391.0,João Gilberto,Aguas De Marco,latin,372.0,Vanilla Ice,It's A Party,hip hop,636.5125000000016,Black Eyed Peas,Tell Your Momma Come,hip hop,373.1062499999983,João Gilberto,Aguas De Marco,latin,361.67500000000007,Markus Krunegård,Maria & Jag,pop,0.48686489794213855,Rory Gallagher,Out On The Western Plain,blues,0.42454888525329765,Siouxsie And The Banshees,Belladonna,punk,0.42205843106062335,Markus Krunegård,Maria & Jag,pop,0.49019783069304296,Rory Gallagher,Out On The Western Plain,blues,0.4324602385462706,Siouxsie And The Banshees,Belladonna,punk,0.4299960289311808
TRGXTYR128F42ACF5F,SOJILSK12A8C13F427,ARNJ9LU1187B9A56A6,Il Divo,All By Myself (Solo Otra Vez),classical,Los Van Van,El Negro Está Cocinando,latin,666.0,Willie Colon,Gitana,latin,657.0,Horace Andy,Horse With No Name,reggae,653.0,Los Van Van,El Negro Está Cocinando,latin,635.3624999999963,Willie Colon,Gitana,latin,621.7399999999989,Horace Andy,Horse With No Name,reggae,613.440000000001,Il Divo,La Vida Sin Amor,classical,0.5914294182866691,Cristian Castro,Mi Vida Sin Tu Amor,latin,0.5446364791786941,Rey Ruiz,Mienteme Otra Véz,latin,0.5004269385304984,Il Divo,La Vida Sin Amor,classical,0.5988617490341908,Cristian Castro,Mi Vida Sin Tu Amor,latin,0.5525911709742081,Rey Ruiz,Mienteme Otra Véz,latin,0.5104334508883596
TRVXXVG128F933AB88,SOHGPTR12AB01874F5,ARNJ9LU1187B9A56A6,Il Divo,Amazing Grace,classical,Lauryn Hill,Interlude 5,r&b/soul,2069.0,Beastie Boys,B-Boy Bouillabaisse: A.W.O.L. (2009 Digital Remaster),hip hop,1701.0,Nelly,Splurge,hip hop,1376.0,Lauryn Hill,Interlude 5,r&b/soul,1844.5199999999977,Beastie Boys,B-Boy Bouillabaisse: A.W.O.L. (2009 Digital Remaster),hip hop,1513.2724999999998,Nelly,Splurge,hip hop,1264.2174999999957,Hayley Westenra,Amazing Grace,classical,0.9352360411135207,RKL,Heavily Sedated,metal,0.6420973266552683,Robben Ford & The Blue Line,Rugged Road,blues,0.6365660706208448,Hayley Westenra,Amazing Grace,classical,0.9385832358180597,RKL,Heavily Sedated,metal,0.660524748914091,Robben Ford & The Blue Line,Rugged Road,blues,0.654630010608049
TRLFGML128F92EB391,SOMZKFD12AB017CA0C,ARNJ9LU1187B9A56A6,Il Divo,Angelina,classical,Violadores del Verso,Dale tiempo al rumor,hip hop,1313.0,Violadores del Verso,Cantando,hip hop,1097.0,Los Van Van,El Negro Está Cocinando,latin,944.0,Violadores del Verso,Dale tiempo al rumor,hip hop,1255.9624999999958,Violadores del Verso,Cantando,hip hop,1046.7124999999974,Los Van Van,El Negro Está Cocinando,latin,911.9375000000013,Héroes del Silencio,El Camino Del Exceso,rock,0.6899152110650125,El sueño de Morfeo,Sonrisa especial,latin,0.6389071264115238,Nach Scratch,Abre tu puerta (y cruza el universo),hip hop,0.6333320060240291,Héroes del Silencio,El Camino Del Exceso,rock,0.6951570020964439,El sueño de Morfeo,Sonrisa especial,latin,0.6471482610213863,Nach Scratch,Abre tu puerta (y cruza el universo),hip hop,0.6427812990411076
TRVFSWI128F42ACE94,SOJZKPG12A8C13F9E0,ARNJ9LU1187B9A56A6,Il Divo,Ave Maria,classical,Abba,Move On,pop,468.0,Horace Andy,Horse With No Name,reggae,434.0,Gemelli Diversi,Istruzioni Per L'(Ill)uso,hip hop,407.0,Abba,Move On,pop,450.1062499999986,Horace Andy,Horse With No Name,reggae,417.899999999998,Gemelli Diversi,Istruzioni Per L'(Ill)uso,hip hop,396.54375000000164,Vittorio Grigolo,Roma Sogna,classical,0.7834470209670636,Il Divo,La Promesa,classical,0.7765437410035313,Frankie HI-NRG MC,Fili,rock,0.7362207740292014,Vittorio Grigolo,Roma Sogna,classical,0.786174672285308,Il Divo,La Promesa,classical,0.7797835311013779,Frankie HI-NRG MC,Fili,rock,0.7397016455482035
TRMKTUF128F42BC140,SOLHDOP12A8C13FB24,ARNJ9LU1187B9A56A6,Il Divo,Caruso,classical,Gemelli Diversi,Istruzioni Per L'(Ill)uso,hip hop,690.0,Fabrizio De Andrè,Sinan Capudan Pascià,folk,518.0,Abba,Move On,pop,507.0,Gemelli Diversi,Istruzioni Per L'(Ill)uso,hip hop,674.4649999999997,Fabrizio De Andrè,Sinan Capudan Pascià,folk,503.7000000000019,Abba,Move On,pop,480.41500000000013,Lara Fabian,Caruso,classical,0.9179863709908309,Gemelli Diversi,Istruzioni Per L'(Ill)uso,hip hop,0.8266983567642652,Sergio Cammariere,La Canzone Dell' Impossibile,jazz,0.8020099597545647,Lara Fabian,Caruso,classical,0.9193250772511166,Gemelli Diversi,Istruzioni Per L'(Ill)uso,hip hop,0.8298857841304109,Sergio Cammariere,La Canzone Dell' Impossibile,jazz,0.8055613588617299
TRXNYOZ128F42BC146,SOBTJJR12A8C13FB29,ARNJ9LU1187B9A56A6,Il Divo,Come Primavera,classical,Abba,Move On,pop,1560.0,Horace Andy,Horse With No Name,reggae,1442.0,Desmond Dekker,Mother Nature,reggae,760.0,Abba,Move On,pop,1537.5049999999965,Horace Andy,Horse With No Name,reggae,1421.7600000000045,Desmond Dekker,Mother Nature,reggae,751.9700000000029,Emma Shapplin,Spente Le Stelle,classical,0.7972877016601236,Gemelli Diversi,Istruzioni Per L'(Ill)uso,hip hop,0.7541673297397316,Vittorio Grigolo,Roma Sogna,classical,0.7224198266299345,Emma Shapplin,Spente Le Stelle,classical,0.7995198612873297,Gemelli Diversi,Istruzioni Per L'(Ill)uso,hip hop,0.7571808488447995,Vittorio Grigolo,Roma Sogna,classical,0.725573753806455
TRYFLQK128F92EF7F1,SOOVZJZ12A8C1399B9,ARNJ9LU1187B9A56A6,Il Divo,Dentro Un Altro Si,classical,Flaminio Maphia,Quelli Che,hip hop,353.0,Gemelli Diversi,Istruzioni Per L'(Ill)uso,hip hop,344.0,Fabrizio De Andrè,Sinan Capudan Pascià,folk,308.0,Flaminio Maphia,Quelli Che,hip hop,342.3200000000015,Gemelli Diversi,Istruzioni Per L'(Ill)uso,hip hop,329.66000000000116,Fabrizio De Andrè,Sinan Capudan Pascià,folk,294.79999999999956,Marlene Kuntz,L'Abbraccio,rock,0.6972267565706741,Le Luci Della Centrale Elettrica,Per combattere l'acne,folk,0.6617229035375358,Josh Groban,Oceano (Revised Live Version),classical,0.6614475128767484,Marlene Kuntz,L'Abbraccio,rock,0.7027642214999338,Le Luci Della Centrale Elettrica,Per combattere l'acne,folk,0.6676322629936194,Josh Groban,Oceano (Revised Live Version),classical,0.6669873915233538
TRRWCOL128F42AD05D,SOOZNYR12A8C13D9F7,ARNJ9LU1187B9A56A6,Il Divo,En Aranjuez Con Tu Amor,classical,Violadores del Verso,Dale tiempo al rumor,hip hop,1672.0,Violadores del Verso,Cantando,hip hop,1408.0,Victor Manuelle,Lloré Lloré,latin,1254.0,Violadores del Verso,Dale tiempo al rumor,hip hop,1601.6537499999984,Violadores del Verso,Cantando,hip hop,1345.9787499999984,Victor Manuelle,Lloré Lloré,latin,1217.092499999999,Amici Forever,Aranjuez Ma Pensee,classical,0.9321148223529364,Joan Manuel Serrat,Mediterraneo,folk,0.7437784077572407,Juanes,Tu Y Yo,latin,0.7269128451580098,Amici Forever,Aranjuez Ma Pensee,classical,0.9335646034372748,Joan Manuel Serrat,Mediterraneo,folk,0.750269999800567,Juanes,Tu Y Yo,latin,0.7335263532500625
TRVRPTI128F92EB390,SOCREBZ12AB017CA05,ARNJ9LU1187B9A56A6,Il Divo,Enamorado,classical,Violadores del Verso,Dale tiempo al rumor,hip hop,563.0,Johnny Prez,Te Vuelvo Loca,reggae,560.0,Willie Colon,Gitana,latin,524.0,Johnny Prez,Te Vuelvo Loca,reggae,540.6799999999995,Violadores del Verso,Dale tiempo al rumor,hip hop,532.5800000000005,Willie Colon,Gitana,latin,504.3200000000007,Maelo Ruiz,Te Amo,latin,0.5971893382153631,Monica Naranjo,Mi Vida Por Un Hombre,latin,0.5932097832665288,Terranova,De Oro,electronic,0.5830311984479122,Maelo Ruiz,Te Amo,latin,0.6048569845242214,Monica Naranjo,Mi Vida Por Un Hombre,latin,0.600584856955925,Terranova,De Oro,electronic,0.5906755821949019
TRGRNWU128F42AE46D,SOLRRGS12A8C13FD5A,ARNJ9LU1187B9A56A6,Il Divo,Esisti Dentro Me,classical,Elvis Crespo,Tu Sonrisa,latin,541.0,Daddy Yankee,Como Y Vete,reggae,456.0,RBD,Tu Amor (Hecho En Madrid),latin,431.0,Elvis Crespo,Tu Sonrisa,latin,532.6150000000001,Daddy Yankee,Como Y Vete,reggae,434.92999999999984,RBD,Tu Amor (Hecho En Madrid),latin,412.29499999999996,Elvis Crespo,Tu Sonrisa,latin,0.7334557295919146,Luis Miguel,Tú Sólo Tú,latin,0.6913094202203034,Vittorio Grigolo,Tu Sei,classical,0.6727634517307945,Elvis Crespo,Tu Sonrisa,latin,0.7364983154558858,Luis Miguel,Tú Sólo Tú,latin,0.6946636272626638,Vittorio Grigolo,Tu Sei,classical,0.6764893218882425
TRNXWLK128F92EC9A7,SOVINFL12A8C139286,ARNJ9LU1187B9A56A6,Il Divo,Everytime I Look At You,classical,Lauryn Hill,Interlude 5,r&b/soul,4220.0,Beastie Boys,B-Boy Bouillabaisse: A.W.O.L. (2009 Digital Remaster),hip hop,3609.0,Twista,I'm A Winner (Amended Album Version),hip hop,3545.0,Lauryn Hill,Interlude 5,r&b/soul,3898.0000000000086,Beastie Boys,B-Boy Bouillabaisse: A.W.O.L. (2009 Digital Remaster),hip hop,3339.718750000014,Twista,I'm A Winner (Amended Album Version),hip hop,3334.5624999999977,G4,Broken Vow,classical,0.7775174918345992,Josh Groban,Broken Vow (Album Version),classical,0.7772824984384744,Kenny Rogers,Endless love,country,0.7578529350414315,G4,Broken Vow,classical,0.785685329769337,Josh Groban,Broken Vow (Album Version),classical,0.7854657595066026,The Puppini Sisters,I Will Survive,jazz,0.7666164037456286
TRITOVK128F92EC9A0,SOCVWFF12A8C13B6EE,ARNJ9LU1187B9A56A6,Il Divo,Feelings,classical,Dean Martin,I've Grown Accustomed To Her Face,jazz,806.0,Us3,Can U Feel It?,jazz,617.0,Gemelli Diversi,Istruzioni Per L'(Ill)uso,hip hop,589.0,Dean Martin,I've Grown Accustomed To Her Face,jazz,782.0525000000014,Us3,Can U Feel It?,jazz,576.9587499999972,Gemelli Diversi,Istruzioni Per L'(Ill)uso,hip hop,558.2287499999986,Amari,30 Anni Che Non Ci Vediamo,rock,0.5551393354656229,Bluvertigo,Niente Per Scontato,electronic,0.5115784360217375,Dean Martin,I've Grown Accustomed To Her Face,jazz,0.5072315955167673,Amari,30 Anni Che Non Ci Vediamo,rock,0.561627704599423,Bluvertigo,Niente Per Scontato,electronic,0.5183294265427325,Dean Martin,I've Grown Accustomed To Her Face,jazz,0.5147679216268106
TRRLVOI128F92EB38D,SOKINKK12AB017C9F6,ARNJ9LU1187B9A56A6,Il Divo,Hallelujah (Aleluya),classical,Violadores del Verso,Dale tiempo al rumor,hip hop,1339.0,Violadores del Verso,Cantando,hip hop,1195.0,Victor Manuelle,Lloré Lloré,latin,1005.0,Violadores del Verso,Dale tiempo al rumor,hip hop,1293.370000000001,Violadores del Verso,Cantando,hip hop,1154.7699999999995,Victor Manuelle,Lloré Lloré,latin,981.0599999999984,La Oreja de Van Gogh,El 28,pop,0.8027166334162235,Grupo Niche,Buenaventura Y Caney,latin,0.7878915708190367,Violadores del Verso,Cantando,hip hop,0.7839062020684392,La Oreja de Van Gogh,El 28,pop,0.8069257041942584,Grupo Niche,Buenaventura Y Caney,latin,0.7925756164222795,Violadores del Verso,Cantando,hip hop,0.7887020809143154
TRHPPNF128F42ACFA9,SOCXAJQ12A8C13FD4E,ARNJ9LU1187B9A56A6,Il Divo,Hasta Mi Final,classical,Violadores del Verso,Dale tiempo al rumor,hip hop,637.0,Johnny Prez,Te Vuelvo Loca,reggae,496.0,Violadores del Verso,Cantando,hip hop,495.0,Violadores del Verso,Dale tiempo al rumor,hip hop,601.510000000001,Johnny Prez,Te Vuelvo Loca,reggae,473.46000000000015,Violadores del Verso,Cantando,hip hop,463.7100000000008,Maelo Ruiz,Te Amo,latin,0.7453735730132784,Terranova,De Oro,electronic,0.7171267505320468,Ana Gabriel,Clemencia,latin,0.712711015634004,Maelo Ruiz,Te Amo,latin,0.7518165289526645,Terranova,De Oro,electronic,0.7238348508329221,Ana Gabriel,Clemencia,latin,0.7194831280019712
TRUXYDP128F93234BD,SOYGKHG12AB01804C8,ARS54I31187FB46721,Taylor Swift,Crazier,country,Lauryn Hill,Interlude 5,r&b/soul,5210.0,Twista,I'm A Winner (Amended Album Version),hip hop,4547.0,Danity Kane,Hold Me Down (Album Version),r&b/soul,3817.0,Lauryn Hill,Interlude 5,r&b/soul,4876.96,Twista,I'm A Winner (Amended Album Version),hip hop,4329.347499999996,Danity Kane,Hold Me Down (Album Version),r&b/soul,3662.6974999999993,Amerie,Higher,r&b/soul,0.8218904041266795,Chely Wright,Between A Mother And A Child,country,0.7946808589311795,Clint Black,You Made Me Feel,country,0.7936992085754521,Amerie,Higher,r&b/soul,0.8285183629788707,Chely Wright,Between A Mother And A Child,country,0.802752120542994,Clint Black,You Made Me Feel,country,0.8016222610211802
TRKVVVK12903CB592C,SODUDUN12AB018CCAB,ARS54I31187FB46721,Taylor Swift,Fifteen,country,Lauryn Hill,Interlude 5,r&b/soul,9661.0,Twista,I'm A Winner (Amended Album Version),hip hop,7351.0,Eminem,My Darling,hip hop,6194.0,Lauryn Hill,Interlude 5,r&b/soul,9009.640000000001,Twista,I'm A Winner (Amended Album Version),hip hop,6925.315000000004,Eminem,My Darling,hip hop,5795.307500000003,Damian Marley,In 2 Deep,reggae,0.787368047892918,HELLYEAH,Nausea,metal,0.7756037596087986,Junior Boys,Double Shadow,electronic,0.7654663366520811,Damian Marley,In 2 Deep,reggae,0.7915295297454146,HELLYEAH,Nausea,metal,0.7846891050344484,Alison Krauss / Union Station,The Lucky One,country,0.7736999489115346
TRUVVME12903CBA350,SORRBVQ12A58A7AA33,ARS54I31187FB46721,Taylor Swift,Change,country,Lauryn Hill,Interlude 5,r&b/soul,4066.0,Vanilla Ice,Ice Is Workin' It,hip hop,2498.0,Daft Punk,Touch It / Technologic,electronic,2455.0,Lauryn Hill,Interlude 5,r&b/soul,3602.320000000005,Vanilla Ice,Ice Is Workin' It,hip hop,2278.759999999997,Daft Punk,Touch It / Technologic,electronic,2271.984999999995,Ella Fitzgerald,Manhattan,jazz,0.6896416646929414,Modern Life Is War,Destination: Death or Better Days,metal,0.6784816334852315,Dean Martin,Side By Side,jazz,0.6523434053863244,Ella Fitzgerald,Manhattan,jazz,0.7060299871271949,Modern Life Is War,Destination: Death or Better Days,metal,0.6951206402644413,Dead Kennedys,Kinky Sex Makes the World Go 'Round,punk,0.6751143643931528
TRZGWCY12903CEF521,SOVMMRT12D021B2E6E,ARHATLI1187FB52C76,Toby Keith,You Can't Read My Mind,country,Lauryn Hill,Interlude 5,r&b/soul,5014.0,Beastie Boys,B-Boy Bouillabaisse: A.W.O.L. (2009 Digital Remaster),hip hop,3924.0,Twista,I'm A Winner (Amended Album Version),hip hop,3840.0,Lauryn Hill,Interlude 5,r&b/soul,4552.16,Twista,I'm A Winner (Amended Album Version),hip hop,3538.1724999999974,Beastie Boys,B-Boy Bouillabaisse: A.W.O.L. (2009 Digital Remaster),hip hop,3537.7737499999985,Anastacia,Club Megamix,rock,0.7715347166060157,Amanda Jenssen,Don't Worry,r&b/soul,0.7486272854510231,New Order,Bizarre Love Triangle,electronic,0.7298497870849712,Anastacia,Club Megamix,rock,0.7850343722677622,Amanda Jenssen,Don't Worry,r&b/soul,0.7600207058389225,New Order,Bizarre Love Triangle,electronic,0.7419302606018228
TRMAVQT128F4270DBF,SOLJTVT12A58A79F96,ARH861H1187B9B799E,Johnny Cash,Man In White,country,Lauryn Hill,Interlude 5,r&b/soul,6988.0,Beastie Boys,B-Boy Bouillabaisse: A.W.O.L. (2009 Digital Remaster),hip hop,6505.0,Eminem,8 Mile,hip hop,4945.0,Lauryn Hill,Interlude 5,r&b/soul,6259.36,Beastie Boys,B-Boy Bouillabaisse: A.W.O.L. (2009 Digital Remaster),hip hop,5895.655,Eminem,8 Mile,hip hop,4485.145000000005,Faron Young,Riverboat,country,0.7716132672660138,Snoop Dogg,Snoopafella (Edited),hip hop,0.7629610403632332,John Denver,El Paso,rock,0.7608241346319631,Faron Young,Riverboat,country,0.7816857758870969,Snoop Dogg,Snoopafella (Edited),hip hop,0.7777342903652562,John Denver,El Paso,rock,0.7755227431363245
TRWVEDL128F4293EA3,SOOVRMN12AF72A0933,AR7ZFLN1187FB4830A,Rascal Flatts,Holes,country,Lauryn Hill,Interlude 5,r&b/soul,4084.0,Beastie Boys,B-Boy Bouillabaisse: A.W.O.L. (2009 Digital Remaster),hip hop,3243.0,Twista,I'm A Winner (Amended Album Version),hip hop,3005.0,Lauryn Hill,Interlude 5,r&b/soul,3758.3199999999997,Beastie Boys,B-Boy Bouillabaisse: A.W.O.L. (2009 Digital Remaster),hip hop,2970.6412499999974,Twista,I'm A Winner (Amended Album Version),hip hop,2792.1574999999984,Joni Mitchell,Lesson In Survival  (LP Version),folk,0.7158342283700385,RKL,Heavily Sedated,metal,0.702714097708386,Beastie Boys,B-Boy Bouillabaisse: A.W.O.L. (2009 Digital Remaster),hip hop,0.7006472589628847,Joni Mitchell,Lesson In Survival  (LP Version),folk,0.7300440017706726,RKL,Heavily Sedated,metal,0.7170517807545665,Beastie Boys,B-Boy Bouillabaisse: A.W.O.L. (2009 Digital Remaster),hip hop,0.7168010021690715
TRTVVYX128F9328DBA,SOMKEYV12AF72A20B2,ARFL99B1187B9A2A45,Sugarland,Baby Girl,country,Lauryn Hill,Interlude 5,r&b/soul,5955.0,Beastie Boys,B-Boy Bouillabaisse: A.W.O.L. (2009 Digital Remaster),hip hop,5550.0,Twista,I'm A Winner (Amended Album Version),hip hop,4906.0,Lauryn Hill,Interlude 5,r&b/soul,5270.520000000001,Beastie Boys,B-Boy Bouillabaisse: A.W.O.L. (2009 Digital Remaster),hip hop,4977.585000000002,Twista,I'm A Winner (Amended Album Version),hip hop,4458.669999999994,Michael Bublé,Stuck In The Middle With You (Non-Album Track),jazz,0.7493148423653352,Gary Allan,Promise Broken,country,0.7431070002705576,A Tribe Called Quest,Hot Sex,hip hop,0.7297992515246892,Michael Bublé,Stuck In The Middle With You (Non-Album Track),jazz,0.7615568958346628,Gary Allan,Promise Broken,country,0.7558746520014389,A Tribe Called Quest,Hot Sex,hip hop,0.7468510971169703
TRTGPPK128F1459DD4,SOIHEED12A6D4F5E36,AR4DW2Q1187FB44DB6,Billy Currington,Growin' Up Down There,country,Lauryn Hill,Interlude 5,r&b/soul,2515.0,Beastie Boys,B-Boy Bouillabaisse: A.W.O.L. (2009 Digital Remaster),hip hop,2423.0,Twista,I'm A Winner (Amended Album Version),hip hop,1961.0,Lauryn Hill,Interlude 5,r&b/soul,2152.520000000001,Beastie Boys,B-Boy Bouillabaisse: A.W.O.L. (2009 Digital Remaster),hip hop,2119.8662500000023,Twista,I'm A Winner (Amended Album Version),hip hop,1724.1075000000042,The Streets,The Irony Of It All (Album Version),electronic,0.591979430829526,N-Dubz,Sex,hip hop,0.5853366568201253,Westlife,That's Life,jazz,0.5784479132598219,The Streets,The Irony Of It All (Album Version),electronic,0.6201209486854647,N-Dubz,Sex,hip hop,0.6136865487323041,Lil Wyte,Ten Toes Tall,hip hop,0.6060691722277157
TRHUIRM128F426BFD5,SOMDWHQ12A6D4F5E30,AR4DW2Q1187FB44DB6,Billy Currington,Hangin' Around,country,Lauryn Hill,Interlude 5,r&b/soul,5022.0,Twista,I'm A Winner (Amended Album Version),hip hop,4542.0,Erykah Badu,I Want You,r&b/soul,3645.0,Lauryn Hill,Interlude 5,r&b/soul,4707.359999999997,Twista,I'm A Winner (Amended Album Version),hip hop,4336.372499999999,Erykah Badu,I Want You,r&b/soul,3529.361250000005,Kevin Devine,Fever Moon,folk,0.7753531320234759,The Corrs,Irresistible ( LP Version ),pop,0.7564148458224577,Ricky Skaggs,I Wouldn't Change You If I Could,country,0.7445983195078374,Kevin Devine,Fever Moon,folk,0.7820229244846428,The Corrs,Irresistible ( LP Version ),pop,0.7622138448986552,Ricky Skaggs,I Wouldn't Change You If I Could,country,0.7510067808107522
TRJNTQQ128F426BFD0,SOVXWMI12A8C13B667,AR4DW2Q1187FB44DB6,Billy Currington,Here I Am,country,Lauryn Hill,Interlude 5,r&b/soul,3109.0,Beastie Boys,B-Boy Bouillabaisse: A.W.O.L. (2009 Digital Remaster),hip hop,2835.0,Twista,I'm A Winner (Amended Album Version),hip hop,2564.0,Lauryn Hill,Interlude 5,r&b/soul,2781.4800000000023,Beastie Boys,B-Boy Bouillabaisse: A.W.O.L. (2009 Digital Remaster),hip hop,2561.102499999999,Twista,I'm A Winner (Amended Album Version),hip hop,2349.954999999997,Aesop Rock,Shovel,hip hop,0.6528919046537501,Michael Bublé,Stuck In The Middle With You (Non-Album Track),jazz,0.6479928948893551,Momus,Closer To You,electronic,0.641411696412577,Aesop Rock,Shovel,hip hop,0.6728972979458699,Michael Bublé,Stuck In The Middle With You (Non-Album Track),jazz,0.6639332944888543,Momus,Closer To You,electronic,0.660941877842382
TRZJCNT128F426BFCC,SOWNWBW12A8C13B65E,AR4DW2Q1187FB44DB6,Billy Currington,She's Got A Way With Me,country,Lauryn Hill,Interlude 5,r&b/soul,2809.0,Beastie Boys,B-Boy Bouillabaisse: A.W.O.L. (2009 Digital Remaster),hip hop,2606.0,Twiztid,She Ain't Afraid,hip hop,2436.0,Lauryn Hill,Interlude 5,r&b/soul,2468.600000000001,Beastie Boys,B-Boy Bouillabaisse: A.W.O.L. (2009 Digital Remaster),hip hop,2321.3312500000006,Young Jeezy,By The Way,hip hop,2251.1625000000035,Josh Turner,Haywire,country,0.6759041373871919,Atmosphere,Hair,hip hop,0.6666930975095195,James Taylor,Something In The Way She Moves,folk,0.64771242681624,Josh Turner,Haywire,country,0.6877574022043238,Atmosphere,Hair,hip hop,0.6805413610899474,James Taylor,Something In The Way She Moves,folk,0.661205222193382
TRPZEWS128F92F585E,SOOSFVL12AB018253F,AR4DW2Q1187FB44DB6,Billy Currington,That's How Country Boys Roll,country,Lauryn Hill,Interlude 5,r&b/soul,3190.0,Michael Jackson,Man In The Mirror,pop,2087.0,Beastie Boys,B-Boy Bouillabaisse: A.W.O.L. (2009 Digital Remaster),hip hop,2038.0,Lauryn Hill,Interlude 5,r&b/soul,2840.4000000000015,Michael Jackson,Man In The Mirror,pop,1787.2749999999974,Beastie Boys,B-Boy Bouillabaisse: A.W.O.L. (2009 Digital Remaster),hip hop,1745.6374999999985,The Dubliners,The Molly Maguires,folk,0.6494427371512215,Dropkick Murphys,Good Rats (Live),reggae,0.6411415645622998,Valient Thorr,False Profits,rock,0.6093621931119322,The Dubliners,The Molly Maguires,folk,0.6627476516448516,Dropkick Murphys,Good Rats (Live),reggae,0.657535505639407,Valient Thorr,False Profits,rock,0.6270120708038567
TRYPBLE128F1459DD1,SOKHXYG12A6D4F5E33,AR4DW2Q1187FB44DB6,Billy Currington,Where The Girls Are,country,Lauryn Hill,Interlude 5,r&b/soul,3566.0,Beastie Boys,B-Boy Bouillabaisse: A.W.O.L. (2009 Digital Remaster),hip hop,2353.0,Eminem,My Darling,hip hop,1938.0,Lauryn Hill,Interlude 5,r&b/soul,3227.4400000000014,Beastie Boys,B-Boy Bouillabaisse: A.W.O.L. (2009 Digital Remaster),hip hop,2069.8699999999994,Eminem,My Darling,hip hop,1730.769999999998,Public Image Ltd,Where Are You?,punk,0.6110328052812775,Antimatter,Legions,rock,0.5732716208749935,Leo Sayer,Wondering Where The Lions Are,jazz,0.5726762495305388,Public Image Ltd,Where Are You?,punk,0.615703793608475,Antimatter,Legions,rock,0.5868124042218467,Leo Sayer,Wondering Where The Lions Are,jazz,0.5845351665659776
TRKVITQ128F4271B31,SOVALXP12D021B3DA8,ARH861H1187B9B799E,Johnny Cash,Daddy Sang Bass,country,Lauryn Hill,Interlude 5,r&b/soul,2915.0,Beastie Boys,B-Boy Bouillabaisse: A.W.O.L. (2009 Digital Remaster),hip hop,2559.0,The Pharcyde,Otha Fish,hip hop,2200.0,Lauryn Hill,Interlude 5,r&b/soul,2534.1199999999944,Beastie Boys,B-Boy Bouillabaisse: A.W.O.L. (2009 Digital Remaster),hip hop,2240.4787499999943,The Pharcyde,Otha Fish,hip hop,2002.056250000003,Pentangle,Will the Circle Be Unbroken?,folk,0.6355808356741084,Opera IX,Immortal Chant,metal,0.5952875527376071,Bruce Springsteen,Brothers Under The Bridges ('83),rock,0.587431450241216,Pentangle,Will the Circle Be Unbroken?,folk,0.6466624512983471,Opera IX,Immortal Chant,metal,0.6124981666150326,Bruce Springsteen,Brothers Under The Bridges ('83),rock,0.6116343519536278
TRGZDBB128F4270A4C,SOLWDNH12D021B2402,ARH861H1187B9B799E,Johnny Cash,I Don't Know Where I'm Bound,country,Beastie Boys,B-Boy Bouillabaisse: A.W.O.L. (2009 Digital Remaster),hip hop,4199.0,Eminem,8 Mile,hip hop,4173.0,R. Kelly,I Mean (I Don't Mean It),r&b/soul,3998.0,Eminem,8 Mile,hip hop,3966.2974999999997,Beastie Boys,B-Boy Bouillabaisse: A.W.O.L. (2009 Digital Remaster),hip hop,3925.102499999997,R. Kelly,I Mean (I Don't Mean It),r&b/soul,3859.382499999995,LMFAO,I Am Not A Whore,electronic,0.8118491209507491,Sylver,Fallin',electronic,0.8026720753057098,Sneaky Sound System,16,pop,0.7868293085160659,LMFAO,I Am Not A Whore,electronic,0.8141630205966732,Sylver,Fallin',electronic,0.8067178260046389,Sneaky Sound System,16,pop,0.7922371132428139
TRMBNRH12903D02C23,SOWLYYP12D0219044F,ARH861H1187B9B799E,Johnny Cash,I Was There When It Happened,country,Lauryn Hill,Interlude 5,r&b/soul,4157.0,Beastie Boys,B-Boy Bouillabaisse: A.W.O.L. (2009 Digital Remaster),hip hop,3696.0,Eminem,8 Mile,hip hop,3431.0,Lauryn Hill,Interlude 5,r&b/soul,3789.0000000000123,Beastie Boys,B-Boy Bouillabaisse: A.W.O.L. (2009 Digital Remaster),hip hop,3388.250000000014,Eminem,8 Mile,hip hop,3198.7500000000077,Common,Book Of Life,hip hop,0.7336026365731173,Bananarama,Lovebite,pop,0.732217227528859,Lupe Fiasco,Hurt Me Soul (Explicit Album Version),hip hop,0.7233501322900804,Common,Book Of Life,hip hop,0.7439474803569341,Bananarama,Lovebite,pop,0.7432422527106193,Lupe Fiasco,Hurt Me Soul (Explicit Album Version),hip hop,0.7350361130647047
TRBXYKU128F427915D,SOEXZQP12D021B0F1D,ARH861H1187B9B799E,Johnny Cash,The Big Battle,country,Lauryn Hill,Interlude 5,r&b/soul,3952.0,Beastie Boys,B-Boy Bouillabaisse: A.W.O.L. (2009 Digital Remaster),hip hop,3028.0,Eminem,My Darling,hip hop,2502.0,Lauryn Hill,Interlude 5,r&b/soul,3539.8400000000015,Beastie Boys,B-Boy Bouillabaisse: A.W.O.L. (2009 Digital Remaster),hip hop,2683.3199999999983,Eminem,My Darling,hip hop,2249.7200000000003,Solefald,Loki Trickster God,metal,0.6886809609253999,KRS ONE,I'm On The Mic,reggae,0.6805643412469532,Snow Patrol,The Lightning Strike,rock,0.675314073110403,Solefald,Loki Trickster God,metal,0.7077191201951414,KRS ONE,I'm On The Mic,reggae,0.7025329622074038,Snow Patrol,The Lightning Strike,rock,0.6990435157457604
TRFRXGD128F42717FF,SOHCAKG12A8BED7973,ARH861H1187B9B799E,Johnny Cash,A Thing Called Love,country,Lauryn Hill,Interlude 5,r&b/soul,2983.0,Michael Jackson,Man In The Mirror,pop,2310.0,Beastie Boys,B-Boy Bouillabaisse: A.W.O.L. (2009 Digital Remaster),hip hop,2168.0,Lauryn Hill,Interlude 5,r&b/soul,2611.3200000000006,Michael Jackson,Man In The Mirror,pop,1991.344999999998,Beastie Boys,B-Boy Bouillabaisse: A.W.O.L. (2009 Digital Remaster),hip hop,1857.172500000001,Pete Murray,My Time,folk,0.605647375369324,Reckless Kelly,Broken Heart,country,0.6013665950816857,Aesop Rock,Mars Attacks,hip hop,0.6013502505447986,Aesop Rock,Mars Attacks,hip hop,0.6354993566190082,Company Flow,The Fire In Which You Burn (feat. J-Treds & The Brewin From The Juggaknots),hip hop,0.628286960495905,Pete Murray,My Time,folk,0.6243052045826373
TRYIYFG128F42603CC,SOOUGLY12A8BEE954A,ARH861H1187B9B799E,Johnny Cash,You Dreamer You,country,Lauryn Hill,Interlude 5,r&b/soul,4434.0,Twista,I'm A Winner (Amended Album Version),hip hop,3783.0,Erykah Badu,I Want You,r&b/soul,3295.0,Lauryn Hill,Interlude 5,r&b/soul,4102.799999999998,Twista,I'm A Winner (Amended Album Version),hip hop,3566.549999999998,Erykah Badu,I Want You,r&b/soul,3173.2750000000046,Heavenly,Tool,pop,0.7286355859195851,Jay-Jay Johanson,I fantasize of you,electronic,0.7221200548834398,Hello Saferide,Get Sick Soon,folk,0.7167680783185889,Heavenly,Tool,pop,0.73902950200792,Jay-Jay Johanson,I fantasize of you,electronic,0.732366781996161,Hello Saferide,Get Sick Soon,folk,0.7259206311014332
TRQHDNY128F92E3A01,SOOFVUE12AB017B824,ARH861H1187B9B799E,Johnny Cash,I Walk The Line,country,Lauryn Hill,Interlude 5,r&b/soul,3771.0,Twista,I'm A Winner (Amended Album Version),hip hop,3353.0,Beastie Boys,B-Boy Bouillabaisse: A.W.O.L. (2009 Digital Remaster),hip hop,3267.0,Lauryn Hill,Interlude 5,r&b/soul,3471.0800000000017,Twista,I'm A Winner (Amended Album Version),hip hop,3156.9925000000003,Beastie Boys,B-Boy Bouillabaisse: A.W.O.L. (2009 Digital Remaster),hip hop,3016.1837500000033,Brian McKnight,Holdin' On [Missin' U] (Album Version),r&b/soul,0.7390007204118434,Ben Folds Five,Don't Change Your Plans,rock,0.7314184945530697,Mario Vazquez,Everytime I...,r&b/soul,0.7291790111232158,Brian McKnight,Holdin' On [Missin' U] (Album Version),r&b/soul,0.7462065159147478,Ben Folds Five,Don't Change Your Plans,rock,0.7415873503133033,Clint Black,Killin' Time,country,0.7375417500873664
TRGCHXM128F429CBB9,SOKDAHN12A8C13F938,ARH861H1187B9B799E,Johnny Cash,Life's Railway To Heaven,country,Lauryn Hill,Interlude 5,r&b/soul,629.0,Michael Jackson,Man In The Mirror,pop,486.0,The Pharcyde,Otha Fish,hip hop,459.0,Lauryn Hill,Interlude 5,r&b/soul,535.1599999999997,The Pharcyde,Otha Fish,hip hop,410.2312499999999,Michael Jackson,Man In The Mirror,pop,405.54750000000024,Andrea Bocelli,The Lords Prayer,classical,0.5108215952909322,Amici Forever,The Prayer,classical,0.47915948267804626,Pain of Salvation,Kingdom of Loss,metal,0.431925435630448,Andrea Bocelli,The Lords Prayer,classical,0.5290289628252949,Amici Forever,The Prayer,classical,0.49985125687607795,Pain of Salvation,Kingdom of Loss,metal,0.4571726706119074
TRSJGNV128F92F4124,SODVCJH12AF72A4A08,AR3ETJY1187B98ED15,Darius Rucker,If I Had Wings,country,Beastie Boys,B-Boy Bouillabaisse: A.W.O.L. (2009 Digital Remaster),hip hop,3022.0,Lauryn Hill,Interlude 5,r&b/soul,3006.0,Eminem,8 Mile,hip hop,2863.0,Beastie Boys,B-Boy Bouillabaisse: A.W.O.L. (2009 Digital Remaster),hip hop,2755.7962500000035,Mario Vazquez,Everytime I...,r&b/soul,2714.6875000000136,Lauryn Hill,Interlude 5,r&b/soul,2687.6800000000003,Unsung Zeros,Intermission,punk,0.7585475465480004,Manafest,Runaway,hip hop,0.7186512271556036,Alice Peacock,Here I Go Again,folk,0.7048628584472296,Unsung Zeros,Intermission,punk,0.7678579905899893,Manafest,Runaway,hip hop,0.7288463950344173,Alice Peacock,Here I Go Again,folk,0.7147333221352921
TRHTOYT128F429FEF4,SOVZHIK12A8C1349BD,ARNNM56119B86686EA,Luke Bryan,Pray About Everything,country,Mindless Self Indulgence,Never Wanted to Dance,punk,2125.0,Lauryn Hill,Interlude 5,r&b/soul,2120.0,R. Kelly,I Mean (I Don't Mean It),r&b/soul,1998.0,Mindless Self Indulgence,Never Wanted to Dance,punk,2026.0649999999914,R. Kelly,I Mean (I Don't Mean It),r&b/soul,1851.5950000000003,Lauryn Hill,Interlude 5,r&b/soul,1774.079999999999,Diamond Rio,One More Day,country,0.6172788263769271,Savoy Brown,Stay While The Night Is Young,blues,0.5532239337557733,Chicago,Life It What It Is (Remastered LP Version),pop,0.5245035346466119,Diamond Rio,One More Day,country,0.6298372370782167,Savoy Brown,Stay While The Night Is Young,blues,0.5729797706813592,Chicago,Life It What It Is (Remastered LP Version),pop,0.5480171904245404
TRCFFVR128F145D6DF,SOYPMDY12A6D4F77DE,AR95IYB1187FB3FE0B,Keith Urban,Your Everything,country,Lauryn Hill,Interlude 5,r&b/soul,6064.0,Beastie Boys,B-Boy Bouillabaisse: A.W.O.L. (2009 Digital Remaster),hip hop,4590.0,Twista,I'm A Winner (Amended Album Version),hip hop,4571.0,Lauryn Hill,Interlude 5,r&b/soul,5618.719999999999,Twista,I'm A Winner (Amended Album Version),hip hop,4279.995000000009,Beastie Boys,B-Boy Bouillabaisse: A.W.O.L. (2009 Digital Remaster),hip hop,4217.622500000004,The Dells,It's All Up To You,r&b/soul,0.7611259490384019,Amici Forever,Whisper of Angels,classical,0.6982091345446289,Momus,Closer To You,electronic,0.6941897679290931,The Dells,It's All Up To You,r&b/soul,0.7678901566477074,Momus,Closer To You,electronic,0.7059135987895176,Amici Forever,Whisper of Angels,classical,0.7057303429263277
TRQSGEL128F4242DFC,SOAXCEO12CF5F873BF,ARHATLI1187FB52C76,Toby Keith,A Little Too Late,country,Lauryn Hill,Interlude 5,r&b/soul,2668.0,Michael Jackson,Man In The Mirror,pop,1994.0,Rufio,Over It (Acoustic),punk,1876.0,Lauryn Hill,Interlude 5,r&b/soul,2257.68,Rufio,Over It (Acoustic),punk,1736.9037500000077,Michael Jackson,Man In The Mirror,pop,1642.2174999999975,Smokie,Little Lucy,rock,0.5026902029454298,Zeromancer,My Little Tragedy,electronic,0.467265909856267,Little Walter,Too Late,blues,0.4190112817670707,Smokie,Little Lucy,rock,0.5202315706346798,Zeromancer,My Little Tragedy,electronic,0.48304258290331054,Little Walter,Too Late,blues,0.43343563734591717
TRAIMRN128E0791E72,SOAOYPN12CF52D3231,ARHATLI1187FB52C76,Toby Keith,Who's Your Daddy?,country,Lauryn Hill,Interlude 5,r&b/soul,3735.0,Twista,I'm A Winner (Amended Album Version),hip hop,3243.0,Eminem,My Darling,hip hop,3238.0,Lauryn Hill,Interlude 5,r&b/soul,3357.8000000000006,Marques Houston,Cancel (Album Version),r&b/soul,3008.618749999999,Eminem,My Darling,hip hop,3007.1187500000005,Aretha Franklin,Who's Zoomin' Who?,r&b/soul,0.6469346127396267,Marques Houston,Cancel (Album Version),r&b/soul,0.6217219044172894,Dar Williams,Your Fire Your Soul,folk,0.604282312876162,Aretha Franklin,Who's Zoomin' Who?,r&b/soul,0.654082332274138,Marques Houston,Cancel (Album Version),r&b/soul,0.6313135852066396,Dar Williams,Your Fire Your Soul,folk,0.6166592570147155
TRRSVGD128F4242DDC,SORPIQY12A8C13632E,ARHATLI1187FB52C76,Toby Keith,A Woman's Touch,country,Lauryn Hill,Interlude 5,r&b/soul,1783.0,Beastie Boys,B-Boy Bouillabaisse: A.W.O.L. (2009 Digital Remaster),hip hop,1706.0,Michael Jackson,Man In The Mirror,pop,1346.0,Lauryn Hill,Interlude 5,r&b/soul,1472.0399999999997,Beastie Boys,B-Boy Bouillabaisse: A.W.O.L. (2009 Digital Remaster),hip hop,1445.9512499999998,Eminem,8 Mile,hip hop,1090.7487499999988,Moxy Fruvous,The Greatest Man In America,folk,0.506541408244731,MC Paul Barman,Anarchist Bookstore part 1,hip hop,0.4938226425855935,Billy Gilman,Oklahoma,country,0.4932612986174927,Moxy Fruvous,The Greatest Man In America,folk,0.5358087570140317,MC Paul Barman,Anarchist Bookstore part 1,hip hop,0.5290166856468272,Billy Gilman,Oklahoma,country,0.5256962327859174
TRTXHKL128F4242DD9,SOROSTR12A8C136324,ARHATLI1187FB52C76,Toby Keith,Big Ol' Truck,country,Beastie Boys,B-Boy Bouillabaisse: A.W.O.L. (2009 Digital Remaster),hip hop,3201.0,Lauryn Hill,Interlude 5,r&b/soul,3016.0,Michael Jackson,Man In The Mirror,pop,2922.0,Beastie Boys,B-Boy Bouillabaisse: A.W.O.L. (2009 Digital Remaster),hip hop,2847.0875000000024,Lauryn Hill,Interlude 5,r&b/soul,2592.8,Twiztid,She Ain't Afraid,hip hop,2577.6125000000015,Mark Wills,She's In Love,country,0.6832871857418183,Ben Kweller,Magic,rock,0.6377126508230692,Ben E. King,Spanish Harlem (LP Version),r&b/soul,0.6163465380041677,Mark Wills,She's In Love,country,0.6945434263916861,Ben Kweller,Magic,rock,0.6454462161065362,Ben E. King,Spanish Harlem (LP Version),r&b/soul,0.6299119776016854
TRADETN128F148CF19,SOEKKYB12A6D4F81D4,ARHATLI1187FB52C76,Toby Keith,Blue Bedroom,country,Lauryn Hill,Interlude 5,r&b/soul,4244.0,Twista,I'm A Winner (Amended Album Version),hip hop,3642.0,Eminem,My Darling,hip hop,3111.0,Lauryn Hill,Interlude 5,r&b/soul,3942.2400000000002,Twista,I'm A Winner (Amended Album Version),hip hop,3444.7899999999995,Eminem,My Darling,hip hop,2926.2949999999987,Ayo,Only You,r&b/soul,0.802550728486843,7L & Esoteric,Boxcutter Rap,hip hop,0.7692676771309724,Stuck Mojo,Suburban Ranger,rock,0.7642991974896581,Ayo,Only You,r&b/soul,0.8089345253908576,7L & Esoteric,Boxcutter Rap,hip hop,0.7786658191366166,Stuck Mojo,Suburban Ranger,rock,0.7744312988988016
TRKKXKG128E0791E74,SOJRPQW12B0B808689,ARHATLI1187FB52C76,Toby Keith,It's All Good,country,Lauryn Hill,Interlude 5,r&b/soul,3697.0,Beastie Boys,B-Boy Bouillabaisse: A.W.O.L. (2009 Digital Remaster),hip hop,3044.0,Vanilla Ice,Ice Is Workin' It,hip hop,2401.0,Lauryn Hill,Interlude 5,r&b/soul,3257.240000000001,Beastie Boys,B-Boy Bouillabaisse: A.W.O.L. (2009 Digital Remaster),hip hop,2676.238749999997,Vanilla Ice,Ice Is Workin' It,hip hop,2193.0699999999997,Above The Law,Flow On (Move Me No Mountain),hip hop,0.7030167838313389,Set Your Goals,our ethos: a legacy to pass on,metal,0.6718666167112812,Mack 10,LBC And The ING (Explicit),hip hop,0.6635790160291533,Above The Law,Flow On (Move Me No Mountain),hip hop,0.7257120292164673,Set Your Goals,our ethos: a legacy to pass on,metal,0.6950123233311677,Mack 10,LBC And The ING (Explicit),hip hop,0.6884230592779957
TRSSUAV128F148D60F,SOLBJPX12A6D4F901D,ARHATLI1187FB52C76,Toby Keith,Sweet,country,Lauryn Hill,Interlude 5,r&b/soul,6004.0,Beastie Boys,B-Boy Bouillabaisse: A.W.O.L. (2009 Digital Remaster),hip hop,5723.0,Twista,I'm A Winner (Amended Album Version),hip hop,5029.0,Lauryn Hill,Interlude 5,r&b/soul,5437.280000000002,Beastie Boys,B-Boy Bouillabaisse: A.W.O.L. (2009 Digital Remaster),hip hop,5249.064999999997,Twista,I'm A Winner (Amended Album Version),hip hop,4658.63,Common,Book Of Life,hip hop,0.8528984320076103,Remy Ma,I'm,hip hop,0.8423214063757568,OutKast,Claimin' True,hip hop,0.8415004276059744,Common,Book Of Life,hip hop,0.8594451990301829,OutKast,Claimin' True,hip hop,0.8508988415463777,Remy Ma,I'm,hip hop,0.8492301658859397
TRFROET128F148CF1F,SOPBTRI12A6D4F81DA,ARHATLI1187FB52C76,Toby Keith,You Shouldn't Kiss Me Like This,country,Lauryn Hill,Interlude 5,r&b/soul,5745.0,Twista,I'm A Winner (Amended Album Version),hip hop,4144.0,Beastie Boys,B-Boy Bouillabaisse: A.W.O.L. (2009 Digital Remaster),hip hop,3735.0,Lauryn Hill,Interlude 5,r&b/soul,5297.879999999996,Twista,I'm A Winner (Amended Album Version),hip hop,3851.792499999998,Beastie Boys,B-Boy Bouillabaisse: A.W.O.L. (2009 Digital Remaster),hip hop,3361.0837499999975,Lauryn Hill,Interlude 5,r&b/soul,0.718975607784548,Kenickie,I Never Complain,punk,0.7159224340786366,Natasha Bedingfield,Stumble,pop,0.7124575910656297,Lauryn Hill,Interlude 5,r&b/soul,0.7350399228983442,Kenickie,I Never Complain,punk,0.7278782236379071,Souls Of Mischief,One,hip hop,0.7255718294255774
TRFHVTT12903CF7CD9,SOBAAFP12D02198DCD,ARFR3E51187B9A0A85,Sara Evans,A Real Fine Place To Start,country,Lauryn Hill,Interlude 5,r&b/soul,3085.0,Twista,I'm A Winner (Amended Album Version),hip hop,2497.0,Michael Jackson,Man In The Mirror,pop,2206.0,Lauryn Hill,Interlude 5,r&b/soul,2731.719999999997,Twista,I'm A Winner (Amended Album Version),hip hop,2266.120000000001,Erykah Badu,I Want You,r&b/soul,1953.1599999999976,Natalie Cole,I'm Catching Hell (Living Here Alone) (Digitally Remastered 02),jazz,0.5974637708639138,Black Sabbath,Sweet Leaf,metal,0.5966517870801774,Digital Underground,Sex Packets (LP Version),hip hop,0.5928117920857612,Natalie Cole,I'm Catching Hell (Living Here Alone) (Digitally Remastered 02),jazz,0.624425897727655,Digital Underground,Sex Packets (LP Version),hip hop,0.6149362439930187,Black Sabbath,Sweet Leaf,metal,0.6137182963203741
TRXZNNF12903CA6F9B,SOWEIIN12AB018066C,ARO4WQR1187B9B9825,Kenny Rogers,Endless love,country,Lauryn Hill,Interlude 5,r&b/soul,4698.0,Twista,I'm A Winner (Amended Album Version),hip hop,3862.0,Beastie Boys,B-Boy Bouillabaisse: A.W.O.L. (2009 Digital Remaster),hip hop,3466.0,Lauryn Hill,Interlude 5,r&b/soul,4403.600000000007,Twista,I'm A Winner (Amended Album Version),hip hop,3669.599999999999,Erykah Badu,I Want You,r&b/soul,3283.799999999996,Hello Saferide,Get Sick Soon,folk,0.8252726382151863,Next,I Still Love You,r&b/soul,0.8240806273792634,Babyface,Seven Seas,r&b/soul,0.814674432998892,Hello Saferide,Get Sick Soon,folk,0.8306055308925484,Next,I Still Love You,r&b/soul,0.8292650210010611,Babyface,Seven Seas,r&b/soul,0.8197302991983271
TRTSAUB128E07859FC,SOGBBSX12A6701E426,ARV9LSS1187B98C471,Blake Shelton,Love Gets In The Way (Album Version),country,Lauryn Hill,Interlude 5,r&b/soul,3847.0,Beastie Boys,B-Boy Bouillabaisse: A.W.O.L. (2009 Digital Remaster),hip hop,3846.0,Twista,I'm A Winner (Amended Album Version),hip hop,3807.0,Twista,I'm A Winner (Amended Album Version),hip hop,3520.8050000000126,Beastie Boys,B-Boy Bouillabaisse: A.W.O.L. (2009 Digital Remaster),hip hop,3479.7775000000015,Lauryn Hill,Interlude 5,r&b/soul,3409.080000000001,Fairground Attraction,Whispers,pop,0.7249203320796186,The Supremes,Stranger In Paradise,r&b/soul,0.7106971724492466,Nguru,The Way It Is,reggae,0.705193775377792,Fairground Attraction,Whispers,pop,0.7393595774642931,The Supremes,Stranger In Paradise,r&b/soul,0.7212734865577317,Nguru,The Way It Is,reggae,0.7208883275875546
TRFMGIO128F42591F0,SOBCKDM12D021B3D99,ARK4ZEK1187B990A4F,George Strait,I'd Like To Have That One Back,country,Lauryn Hill,Interlude 5,r&b/soul,3479.0,Beastie Boys,B-Boy Bouillabaisse: A.W.O.L. (2009 Digital Remaster),hip hop,3393.0,Eminem,8 Mile,hip hop,3098.0,Lauryn Hill,Interlude 5,r&b/soul,3081.560000000003,Beastie Boys,B-Boy Bouillabaisse: A.W.O.L. (2009 Digital Remaster),hip hop,3060.6299999999983,Eminem,8 Mile,hip hop,2847.1700000000087,Unsung Zeros,Intermission,punk,0.720605014558591,The Jeff Healey Band,My Little Girl,blues,0.7053896461729835,Con Funk Shun,Electric Lady,r&b/soul,0.7022729560194431,Unsung Zeros,Intermission,punk,0.7329268484732367,The Jeff Healey Band,My Little Girl,blues,0.7178060087572243,Con Funk Shun,Electric Lady,r&b/soul,0.7172697428045745
TRDYUVI128E078F725,SOEJDOV12D021B3BD5,ARK4ZEK1187B990A4F,George Strait,Marina Del Rey,country,Lauryn Hill,Interlude 5,r&b/soul,2010.0,Beastie Boys,B-Boy Bouillabaisse: A.W.O.L. (2009 Digital Remaster),hip hop,1690.0,The Pharcyde,Otha Fish,hip hop,1438.0,Lauryn Hill,Interlude 5,r&b/soul,1761.5999999999988,Beastie Boys,B-Boy Bouillabaisse: A.W.O.L. (2009 Digital Remaster),hip hop,1482.2687499999977,The Pharcyde,Otha Fish,hip hop,1308.9062499999993,Strung Out,Dead Spaces,metal,0.5804213294157996,Cyndi Lauper,Sally's Pigeons,pop,0.5751007267239416,Ben E. King,Spanish Harlem (LP Version),r&b/soul,0.5399669961493963,Strung Out,Dead Spaces,metal,0.6004376258723121,Cyndi Lauper,Sally's Pigeons,pop,0.5948603239449886,Bruce Springsteen,Brothers Under The Bridges ('83),rock,0.5608716071395795
TRPNLLB128F14956A5,SOPBLAJ12D02193A82,ARK4ZEK1187B990A4F,George Strait,Milk Cow Blues,country,Lauryn Hill,Interlude 5,r&b/soul,4422.0,Twista,I'm A Winner (Amended Album Version),hip hop,3751.0,Beastie Boys,B-Boy Bouillabaisse: A.W.O.L. (2009 Digital Remaster),hip hop,3679.0,Lauryn Hill,Interlude 5,r&b/soul,4028.240000000001,Twista,I'm A Winner (Amended Album Version),hip hop,3493.6650000000013,Beastie Boys,B-Boy Bouillabaisse: A.W.O.L. (2009 Digital Remaster),hip hop,3349.707499999998,Clawfinger,Revenge,metal,0.7339075863975515,Barry White,Never Gonna Give You Up,r&b/soul,0.7335461186468103,Eminem,My Darling,hip hop,0.7274136259136309,Barry White,Never Gonna Give You Up,r&b/soul,0.746099403436712,Clawfinger,Revenge,metal,0.7443318892144923,Eminem,My Darling,hip hop,0.7417446849753278
TRTDHSB128F422B90F,SOWKMZU12A81C2165A,ARKZ13R1187FB54FEE,Josh Turner,Another Try,country,Beastie Boys,B-Boy Bouillabaisse: A.W.O.L. (2009 Digital Remaster),hip hop,2793.0,Eminem,8 Mile,hip hop,2726.0,Lauryn Hill,Interlude 5,r&b/soul,2672.0,Beastie Boys,B-Boy Bouillabaisse: A.W.O.L. (2009 Digital Remaster),hip hop,2520.6412499999988,Eminem,8 Mile,hip hop,2520.4587499999934,Mario Vazquez,Everytime I...,r&b/soul,2424.4374999999864,Elizabeth Cotten,When I'm Gone,blues,0.723260355616626,Clint Black,Killin' Time,country,0.720328060956678,David Ball,Blowin' Smoke,country,0.7074885181726087,Elizabeth Cotten,When I'm Gone,blues,0.7343941248470012,Clint Black,Killin' Time,country,0.73122425780468,Sage Francis,Keep Moving,hip hop,0.7209197688752255
TREXZYC12903CA281A,SOLDPJZ12AB0186231,ARKZ13R1187FB54FEE,Josh Turner,As Fast As I Could,country,Lauryn Hill,Interlude 5,r&b/soul,4904.0,Beastie Boys,B-Boy Bouillabaisse: A.W.O.L. (2009 Digital Remaster),hip hop,4482.0,Twista,I'm A Winner (Amended Album Version),hip hop,4328.0,Lauryn Hill,Interlude 5,r&b/soul,4466.080000000002,Beastie Boys,B-Boy Bouillabaisse: A.W.O.L. (2009 Digital Remaster),hip hop,4115.777500000001,Twista,I'm A Winner (Amended Album Version),hip hop,4041.8050000000126,Common,Book Of Life,hip hop,0.7904553736750399,Aaron Carter,That's How I Beat Shaq,pop,0.7649359733051778,Mario Vazquez,Everytime I...,r&b/soul,0.7638827224623027,Common,Book Of Life,hip hop,0.7988579052116475,Aaron Carter,That's How I Beat Shaq,pop,0.7747084000132225,Mario Vazquez,Everytime I...,r&b/soul,0.767811373847845
TRDXSGX128F425F173,SOTSNDR12A8AE47599,ARF8HTQ1187B9AE693,Daft Punk,One More Time / Aerodynamic,electronic,Lauryn Hill,Interlude 5,r&b/soul,886.0,Danity Kane,Hold Me Down (Album Version),r&b/soul,685.0,Beastie Boys,B-Boy Bouillabaisse: A.W.O.L. (2009 Digital Remaster),hip hop,588.0,Lauryn Hill,Interlude 5,r&b/soul,771.9199999999986,Danity Kane,Hold Me Down (Album Version),r&b/soul,632.1449999999999,Black Eyed Peas,One Tribe,hip hop,515.6700000000002,Fair Warning,Take Me Up,metal,0.5106393392788917,Daft Punk,One More Time (Romanthony's Unplugged),electronic,0.4897199584040836,Colbie Caillat,Midnight Bottle,pop,0.4775923085151299,Fair Warning,Take Me Up,metal,0.527447359312641,Daft Punk,One More Time (Romanthony's Unplugged),electronic,0.5057275636779099,Colbie Caillat,Midnight Bottle,pop,0.4960549176969501
TREAQSX128E07818CA,SOAWSML12A6310F1B7,ARF8HTQ1187B9AE693,Daft Punk,One More Time (Romanthony's Unplugged),electronic,Lauryn Hill,Interlude 5,r&b/soul,3417.0,Twista,I'm A Winner (Amended Album Version),hip hop,2264.0,Ja Rule,One of Us,hip hop,2193.0,Lauryn Hill,Interlude 5,r&b/soul,3082.1200000000017,Twista,I'm A Winner (Amended Album Version),hip hop,2045.1450000000027,Ja Rule,One of Us,hip hop,1990.5250000000012,Fractured,One More Time,electronic,0.6853881370252313,Hot Tuna,Come Back Baby,blues,0.6728828098696813,Tanya Tucker,One Love At A Time,jazz,0.5739555978494562,Fractured,One More Time,electronic,0.6955450382677406,Hot Tuna,Come Back Baby,blues,0.6793139097191931,Tanya Tucker,One Love At A Time,jazz,0.5912492162203798
TRBVPVV128F425F14F,SOOHYOB12CF5F87A28,ARF8HTQ1187B9AE693,Daft Punk,Touch It / Technologic,electronic,Vanilla Ice,Ice Is Workin' It,hip hop,17762.0,Charley Patton,Shake It And Break It,blues,12393.0,Meat Loaf,If It Aint Broke Break It,rock,9883.0,Vanilla Ice,Ice Is Workin' It,hip hop,17256.530000000046,Charley Patton,Shake It And Break It,blues,12082.164999999957,Meat Loaf,If It Aint Broke Break It,rock,9644.063749999967,Devo,Whip It,pop,0.8022483556158512,Robbie Williams,It's De-Lovely,jazz,0.801219394477016,Blossom Dearie,It's Too Good To Talk About Now,jazz,0.7852561888559916,Devo,Whip It,pop,0.8060299799284004,Robbie Williams,It's De-Lovely,jazz,0.8050355745285214,Blossom Dearie,It's Too Good To Talk About Now,jazz,0.7886888273832221
TRBROFT128F92F8769,SOYPPAZ12A8C143CD6,ARORMBJ1241B9CDB1A,Ke$ha,Boots &  Boys,electronic,Lauryn Hill,Interlude 5,r&b/soul,7159.0,Beastie Boys,B-Boy Bouillabaisse: A.W.O.L. (2009 Digital Remaster),hip hop,5610.0,Twista,I'm A Winner (Amended Album Version),hip hop,5042.0,Lauryn Hill,Interlude 5,r&b/soul,6581.2399999999925,Beastie Boys,B-Boy Bouillabaisse: A.W.O.L. (2009 Digital Remaster),hip hop,5126.832499999994,Nelly,Splurge,hip hop,4747.297499999996,Stephanie McIntosh,Overcome,pop,0.6719483285043896,Carpark North,I And You,rock,0.6600725475635779,Ty Herndon,Pray For Me,country,0.6520101000869692,Stephanie McIntosh,Overcome,pop,0.6839576875521296,Carpark North,I And You,rock,0.6698112711198629,Ty Herndon,Pray For Me,country,0.6666235837587444
TRIIWCU128F92F876A,SOQVJWF12A58A801EF,ARORMBJ1241B9CDB1A,Ke$ha,Animal,electronic,Lauryn Hill,Interlude 5,r&b/soul,2855.0,Beastie Boys,B-Boy Bouillabaisse: A.W.O.L. (2009 Digital Remaster),hip hop,2445.0,Eminem,8 Mile,hip hop,2084.0,Lauryn Hill,Interlude 5,r&b/soul,2503.5600000000036,Beastie Boys,B-Boy Bouillabaisse: A.W.O.L. (2009 Digital Remaster),hip hop,2151.098750000003,Eminem,8 Mile,hip hop,1862.2012500000026,Bird York,Lovely Thing,pop,0.6375834916155422,Wyclef Jean,Intro,reggae,0.580170769323683,Tanya Tucker,Complicated,country,0.5798884517782943,Bird York,Lovely Thing,pop,0.654051801775045,KRS ONE,I'm On The Mic,reggae,0.5985801754588809,Tanya Tucker,Complicated,country,0.5968432700931395
TRVDAHO128F92F231E,SOXUSKK12A8C144F94,AR0IVTL1187B9AD520,Katy Perry,Hot N Cold (Innerpartysystem Main),electronic,Lauryn Hill,Interlude 5,r&b/soul,12488.0,Twista,I'm A Winner (Amended Album Version),hip hop,10641.0,Eminem,My Darling,hip hop,8864.0,Lauryn Hill,Interlude 5,r&b/soul,11742.800000000008,Twista,I'm A Winner (Amended Album Version),hip hop,10153.987500000001,Eminem,My Darling,hip hop,8407.868750000003,Sleeper,Delicious,pop,0.8796194992871724,Husker Du,You're A Soldier,rock,0.8460667496659493,Patricia Barber,You're The Top,jazz,0.8429231955349011,Sleeper,Delicious,pop,0.8817949394087483,Husker Du,You're A Soldier,rock,0.8488816012487144,Patricia Barber,You're The Top,jazz,0.8453425561130551
TRUGOGT128F92F29E9,SONPGGS12AB0183AD2,AR0WLH6119B8669027,Owl City,Captains and Cruise Ships,electronic,Lauryn Hill,Interlude 5,r&b/soul,4515.0,Twista,I'm A Winner (Amended Album Version),hip hop,3927.0,Beastie Boys,B-Boy Bouillabaisse: A.W.O.L. (2009 Digital Remaster),hip hop,3868.0,Lauryn Hill,Interlude 5,r&b/soul,4128.599999999995,Twista,I'm A Winner (Amended Album Version),hip hop,3674.4750000000026,Beastie Boys,B-Boy Bouillabaisse: A.W.O.L. (2009 Digital Remaster),hip hop,3544.8624999999984,Beastie Boys,B-Boy Bouillabaisse: A.W.O.L. (2009 Digital Remaster),hip hop,0.8014736013738508,MC Paul Barman,Excuse You,hip hop,0.7923761769762433,Kevin Devine,Fever Moon,folk,0.7891953159490381,Beastie Boys,B-Boy Bouillabaisse: A.W.O.L. (2009 Digital Remaster),hip hop,0.8141768003827177,MC Paul Barman,Excuse You,hip hop,0.8033942014035339,Kool Moe Dee,Bad Mutha,hip hop,0.8008511948149708
TRNEITZ128F92F29EA,SOIFHDS12AB0183AD5,AR0WLH6119B8669027,Owl City,Designer Skyline,electronic,Lauryn Hill,Interlude 5,r&b/soul,1541.0,Beastie Boys,B-Boy Bouillabaisse: A.W.O.L. (2009 Digital Remaster),hip hop,1175.0,Eminem,My Darling,hip hop,842.0,Lauryn Hill,Interlude 5,r&b/soul,1428.760000000003,Beastie Boys,B-Boy Bouillabaisse: A.W.O.L. (2009 Digital Remaster),hip hop,1081.136249999999,Nelly,Splurge,hip hop,774.1087499999982,General Surgery,Viva ! blunt force trauma,metal,0.7850568512363785,Further Seems Forever,Snowbirds And Townies,punk,0.758308676345705,Motörhead,Out of the sun,metal,0.7471961108518543,General Surgery,Viva ! blunt force trauma,metal,0.7851486506977174,Further Seems Forever,Snowbirds And Townies,punk,0.7651734526569165,Motörhead,Out of the sun,metal,0.7534389410179979
TRMIHFS128F92F2A01,SOLCHRP12AC468D757,AR0WLH6119B8669027,Owl City,Early Birdie,electronic,Lauryn Hill,Interlude 5,r&b/soul,1648.0,Beastie Boys,B-Boy Bouillabaisse: A.W.O.L. (2009 Digital Remaster),hip hop,1532.0,Twista,I'm A Winner (Amended Album Version),hip hop,1283.0,Lauryn Hill,Interlude 5,r&b/soul,1414.3200000000013,Beastie Boys,B-Boy Bouillabaisse: A.W.O.L. (2009 Digital Remaster),hip hop,1336.578749999998,Twista,I'm A Winner (Amended Album Version),hip hop,1130.2825000000005,The Streets,The Irony Of It All (Album Version),electronic,0.5385817768846347,Lil Wyte,Ten Toes Tall,hip hop,0.5313540375936868,Blackstreet,How We Do,r&b/soul,0.5288951534172661,The Streets,The Irony Of It All (Album Version),electronic,0.5676366039949823,Lil Wyte,Ten Toes Tall,hip hop,0.562233593749491,Blackstreet,How We Do,r&b/soul,0.5587293207500901
TRDEVZQ128F931BAED,SOQLHST12AB0184A27,AR0WLH6119B8669027,Owl City,Meteor Shower,electronic,Lauryn Hill,Interlude 5,r&b/soul,1163.0,Beastie Boys,B-Boy Bouillabaisse: A.W.O.L. (2009 Digital Remaster),hip hop,1160.0,Erykah Badu,I Want You,r&b/soul,1140.0,Erykah Badu,I Want You,r&b/soul,1106.1874999999998,Beastie Boys,B-Boy Bouillabaisse: A.W.O.L. (2009 Digital Remaster),hip hop,1083.0625000000045,Lauryn Hill,Interlude 5,r&b/soul,1071.000000000003,K'Naan,Soobax,hip hop,0.7593739172246353,Ashley MacIsaac,I Don't Need This,electronic,0.7287674858818637,Sage Francis,Keep Moving,hip hop,0.7274486509287476,K'Naan,Soobax,hip hop,0.7650891375745664,Ashley MacIsaac,I Don't Need This,electronic,0.7358109493375435,Sage Francis,Keep Moving,hip hop,0.7335432208111056
TRCXWLU128F92F2A0D,SOWHUXB12AB01816EE,AR0WLH6119B8669027,Owl City,This Is The Future,electronic,Lauryn Hill,Interlude 5,r&b/soul,1856.0,Eminem,My Darling,hip hop,1367.0,Pain of Salvation,Spitfall,metal,1234.0,Lauryn Hill,Interlude 5,r&b/soul,1723.5200000000018,Eminem,My Darling,hip hop,1285.9099999999987,Pain of Salvation,Spitfall,metal,1170.2799999999997,Unter Null,Disgrace (Unholy Remix),classical,0.690277251599624,Pencey Prep,Fat And Alone,rock,0.678623613676433,Pain of Salvation,Spitfall,metal,0.6645160295322213,Unter Null,Disgrace (Unholy Remix),classical,0.6985047749255158,Pencey Prep,Fat And Alone,rock,0.6852745463773746,Pain of Salvation,Spitfall,metal,0.6745163695357015
TRVJTNA128F934D19D,SOKTUGM12AB0184005,ARRBF3M1187FB4D59F,30 Seconds To Mars,Kings and Queens (Innerpartysystem Remix Main),electronic,Lauryn Hill,Interlude 5,r&b/soul,2013.0,Ja Rule,One of Us,hip hop,1452.0,Beastie Boys,B-Boy Bouillabaisse: A.W.O.L. (2009 Digital Remaster),hip hop,1150.0,Lauryn Hill,Interlude 5,r&b/soul,1799.5599999999995,Ja Rule,One of Us,hip hop,1322.950000000002,Ladyhawke,Crazy World,electronic,1077.7200000000005,Dead Kennedys,Goons of Hazzard,punk,0.6314949282611061,Zeigeist,Black Milk,electronic,0.6311563772142186,IMMORTAL,Tyrants,metal,0.6297434736907238,Dead Kennedys,Goons of Hazzard,punk,0.6419693117332821,Zeigeist,Black Milk,electronic,0.6414269805898185,IMMORTAL,Tyrants,metal,0.639052040676579
TRRBLPE128F9311B20,SOMSZSA12AB0182E3A,ARVKJGO12086C15075,LMFAO,Bounce,electronic,Lauryn Hill,Interlude 5,r&b/soul,5836.0,Beastie Boys,B-Boy Bouillabaisse: A.W.O.L. (2009 Digital Remaster),hip hop,5283.0,Twista,I'm A Winner (Amended Album Version),hip hop,4858.0,Lauryn Hill,Interlude 5,r&b/soul,5295.039999999998,Beastie Boys,B-Boy Bouillabaisse: A.W.O.L. (2009 Digital Remaster),hip hop,4830.607500000005,Twista,I'm A Winner (Amended Album Version),hip hop,4504.465000000005,OutKast,Claimin' True,hip hop,0.7861324977280734,Redman,Soopaman Luva 3,hip hop,0.7719323700847756,Warren G,We Brings Heat,hip hop,0.7713215963318165,OutKast,Claimin' True,hip hop,0.7984691070649035,Redman,Soopaman Luva 3,hip hop,0.7856642453075681,Warren G,We Brings Heat,hip hop,0.7856556202122472
TRWQYOY128F425BD4C,SOODXDV12A8AE4807F,AR5K3CW1187FB45B46,Crystal Castles,Vanished,electronic,Lauryn Hill,Interlude 5,r&b/soul,3888.0,Beastie Boys,B-Boy Bouillabaisse: A.W.O.L. (2009 Digital Remaster),hip hop,3138.0,Eminem,My Darling,hip hop,2836.0,Lauryn Hill,Interlude 5,r&b/soul,3420.64,Beastie Boys,B-Boy Bouillabaisse: A.W.O.L. (2009 Digital Remaster),hip hop,2747.1575,Eminem,My Darling,hip hop,2549.9324999999985,Gin Blossoms,Cheatin',rock,0.626212234722071,The Jazz Butcher,She's On Drugs,rock,0.6200279075286195,Blanks77,We Don't Need You,punk,0.6191947739464817,Gin Blossoms,Cheatin',rock,0.6459466467702077,The Jazz Butcher,She's On Drugs,rock,0.6432865071081605,Faithless,The Man In You,electronic,0.641279012996349
TRLLRQA128F427C709,SOSKKKY12A8C13ED21,AR5K3CW1187FB45B46,Crystal Castles,Xxzxcuzx,electronic,Lauryn Hill,Interlude 5,r&b/soul,1470.0,Beastie Boys,B-Boy Bouillabaisse: A.W.O.L. (2009 Digital Remaster),hip hop,850.0,Twista,I'm A Winner (Amended Album Version),hip hop,775.0,Lauryn Hill,Interlude 5,r&b/soul,1337.5200000000002,Beastie Boys,B-Boy Bouillabaisse: A.W.O.L. (2009 Digital Remaster),hip hop,739.2099999999991,Twista,I'm A Winner (Amended Album Version),hip hop,688.4200000000008,Dead Kennedys,Kinky Sex Makes the World Go 'Round,punk,0.6109624207020938,Gang Starr,The Place We Dwell,hip hop,0.5894185888591058,Pink Martini,Tea For Two (Featuring Jimmy Scott),jazz,0.5860526591609084,Dead Kennedys,Kinky Sex Makes the World Go 'Round,punk,0.6341422287171887,Gang Starr,The Place We Dwell,hip hop,0.6127327547271881,Pink Martini,Tea For Two (Featuring Jimmy Scott),jazz,0.6055912252321028
TRDFWPG128F148D4DF,SOIWRAH12A6D4F66C0,ARBEOHF1187B9B044D,Madonna,Die Another Day [Live],electronic,Mario Vazquez,Everytime I...,r&b/soul,6749.0,Eminem,8 Mile,hip hop,6677.0,Beastie Boys,B-Boy Bouillabaisse: A.W.O.L. (2009 Digital Remaster),hip hop,6560.0,Mario Vazquez,Everytime I...,r&b/soul,6588.68749999999,Eminem,8 Mile,hip hop,6346.043750000016,Beastie Boys,B-Boy Bouillabaisse: A.W.O.L. (2009 Digital Remaster),hip hop,6121.456249999991,Bracket,Cynically Depressed,punk,0.7041875228920784,The Runaways,School Days,punk,0.6952795734270457,Floetry,I'll Die,r&b/soul,0.6837579398186399,Bracket,Cynically Depressed,punk,0.7094642914514258,The Runaways,School Days,punk,0.7007093700486069,Floetry,I'll Die,r&b/soul,0.6895672809576248
TRVWMWN128E0788952,SOMANNK12A6701F0A1,ARN5NHX1187FB4F755,The Smashing Pumpkins,Perfect (Nellee Hooper Instrumental),electronic,Lauryn Hill,Interlude 5,r&b/soul,2808.0,Twista,I'm A Winner (Amended Album Version),hip hop,1708.0,Erykah Badu,I Want You,r&b/soul,1654.0,Lauryn Hill,Interlude 5,r&b/soul,2565.120000000001,Erykah Badu,I Want You,r&b/soul,1564.7350000000006,Twista,I'm A Winner (Amended Album Version),hip hop,1549.2699999999973,RIDDLIN' KIDS,Ship Jumper,punk,0.6266795042970369,The Wonder Years,Dude_ What Is a Land Pirate?,punk,0.6205517855389094,Harry Connick_ Jr.,We Are In Love,jazz,0.6146350709181152,The Wonder Years,Dude_ What Is a Land Pirate?,punk,0.636663868729615,RIDDLIN' KIDS,Ship Jumper,punk,0.6354443948563383,Tony Sly,On the Outside,folk,0.6318878355032662
TRDHPGJ128F4289C44,SOESBMW12A8AE48210,AR8V1X71187B9B919B,Kylie Minogue,Love At First Sight (The Scumfrog's Beauty And The Beast Vocal Edit),electronic,Lauryn Hill,Interlude 5,r&b/soul,4574.0,Twista,I'm A Winner (Amended Album Version),hip hop,3212.0,Beastie Boys,B-Boy Bouillabaisse: A.W.O.L. (2009 Digital Remaster),hip hop,3103.0,Lauryn Hill,Interlude 5,r&b/soul,4102.959999999999,Twista,I'm A Winner (Amended Album Version),hip hop,2904.159999999996,Beastie Boys,B-Boy Bouillabaisse: A.W.O.L. (2009 Digital Remaster),hip hop,2709.0800000000017,Neil Diamond,Delirious Love,folk,0.5979906907297174,Bonnie Raitt,Hear Me Lord,blues,0.582595733005173,Smokey Robinson,Cruisin',r&b/soul,0.581623972743572,Neil Diamond,Delirious Love,folk,0.6164540227043704,Bonnie Raitt,Hear Me Lord,blues,0.6009380536653515,Smokey Robinson,Cruisin',r&b/soul,0.5990691303805199
TRFSQXF128F9311B25,SOCHMTD1288D3E7D9D,ARVKJGO12086C15075,LMFAO,I Am Not A Whore,electronic,Eminem,8 Mile,hip hop,5184.0,Rufio,Over It (Acoustic),punk,4802.0,Beastie Boys,B-Boy Bouillabaisse: A.W.O.L. (2009 Digital Remaster),hip hop,4730.0,Eminem,8 Mile,hip hop,5012.135000000002,Rufio,Over It (Acoustic),punk,4709.685000000016,Mario Vazquez,Everytime I...,r&b/soul,4608.7500000000155,Phosphorescent,Not A Heel,folk,0.8576282426995355,Björk,Hunter,electronic,0.8558602835677459,Room Eleven,Bitch,jazz,0.8534008405706027,Phosphorescent,Not A Heel,folk,0.8594093108896051,Björk,Hunter,electronic,0.8576710520204935,Room Eleven,Bitch,jazz,0.8550069600086608
TRXACXM12903CEC365,SOEFTYS129F06C1DEB,ARPD2KK1187B9B8B98,Cascada,Fever,electronic,Daft Punk,Touch It / Technologic,electronic,5679.0,Twista,I'm A Winner (Amended Album Version),hip hop,5491.0,Vanilla Ice,Ice Is Workin' It,hip hop,5158.0,Daft Punk,Touch It / Technologic,electronic,5452.410000000005,Twista,I'm A Winner (Amended Album Version),hip hop,5115.819999999999,Vanilla Ice,Ice Is Workin' It,hip hop,4886.560000000017,Devo,Whip It,pop,0.6581809624414552,The Plasmatics,Corruption,punk,0.6498733519758743,Uriah Heep,Save It,rock,0.6492831485413355,Devo,Whip It,pop,0.666852218837513,Uriah Heep,Save It,rock,0.6596086700523046,Sarah Connor,French Kissing,r&b/soul,0.6588063430184941
TRWWVGC12903CB5C50,SOBSJQH12AB01876C3,AR6LZB61187B9AF431,Depeche Mode,Freestate,electronic,Marques Houston,Cancel (Album Version),r&b/soul,1426.0,Fatboy Slim,Acid 8000,electronic,1375.0,Eminem,My Darling,hip hop,1059.0,Marques Houston,Cancel (Album Version),r&b/soul,1368.3849999999995,Fatboy Slim,Acid 8000,electronic,1339.235,Stevie Wonder,All Day Sucker,r&b/soul,979.5800000000002,Damn Yankees,Firefly (LP Version),rock,0.5771870902534981,Marques Houston,Cancel (Album Version),r&b/soul,0.569373270873363,Animal Collective,Brother Sport,latin,0.5593264021266144,Damn Yankees,Firefly (LP Version),rock,0.590293211050988,Marques Houston,Cancel (Album Version),r&b/soul,0.5794378650979687,Natalie Merchant,Saint Judas (LP Version),blues,0.572026772174609
TRYIJWH128F146948C,SOXZUAV12A6310F21A,AR6LZB61187B9AF431,Depeche Mode,Personal Jesus,electronic,Lauryn Hill,Interlude 5,r&b/soul,2846.0,Eminem,My Darling,hip hop,2012.0,Beastie Boys,B-Boy Bouillabaisse: A.W.O.L. (2009 Digital Remaster),hip hop,1960.0,Lauryn Hill,Interlude 5,r&b/soul,2595.7599999999993,Eminem,My Darling,hip hop,1858.8300000000013,Beastie Boys,B-Boy Bouillabaisse: A.W.O.L. (2009 Digital Remaster),hip hop,1750.7300000000012,Lollipop Lust Kill,Personal Jesus,metal,0.9556725161526053,Blackalicious,Just What Can Happen,hip hop,0.5727308994552023,Martin Jondo,Hold You,reggae,0.5218987340759413,Lollipop Lust Kill,Personal Jesus,metal,0.9567355016832566,Blackalicious,Just What Can Happen,hip hop,0.5862709205077544,Martin Jondo,Hold You,reggae,0.538524382315772
TRDIAZY12903CB6532,SOWUJPS12AB018ACA8,ARAXU5Z1187B98FECD,Gorillaz,Broken,electronic,Lauryn Hill,Interlude 5,r&b/soul,1744.0,Beastie Boys,B-Boy Bouillabaisse: A.W.O.L. (2009 Digital Remaster),hip hop,1294.0,Twista,I'm A Winner (Amended Album Version),hip hop,1283.0,Lauryn Hill,Interlude 5,r&b/soul,1501.1199999999994,Twista,I'm A Winner (Amended Album Version),hip hop,1124.2700000000007,Beastie Boys,B-Boy Bouillabaisse: A.W.O.L. (2009 Digital Remaster),hip hop,1090.8850000000014,Erasure,The Circus,pop,0.4592891307750474,Sean Kingston,Magical,hip hop,0.45819817020506454,Bad Religion,Operation Rescue,punk,0.44841412695586297,Erasure,The Circus,pop,0.4823046022550818,Sean Kingston,Magical,hip hop,0.4778119969101455,Bad Religion,Operation Rescue,punk,0.4722981058001945
TRTUJAL128F423E18D,SOGNWLL12AF72AAA61,ARAXU5Z1187B98FECD,Gorillaz,Kids With Guns (Quiet Village Remix),electronic,Daft Punk,Touch It / Technologic,electronic,6595.0,Vanilla Ice,Ice Is Workin' It,hip hop,5509.0,Charley Patton,Shake It And Break It,blues,3836.0,Daft Punk,Touch It / Technologic,electronic,6442.487500000014,Vanilla Ice,Ice Is Workin' It,hip hop,5326.299999999984,Charley Patton,Shake It And Break It,blues,3723.6499999999924,Daft Punk,Touch It / Technologic,electronic,0.7012722158831275,The Specials,Doesn't Make It Alright,reggae,0.6553017338529172,Devo,Whip It,pop,0.6496500809905023,Daft Punk,Touch It / Technologic,electronic,0.706104038330947,The Specials,Doesn't Make It Alright,reggae,0.6607096038317538,Devo,Whip It,pop,0.6556942447870098
TRBTXNE12903CB6528,SOCMRWF12AB018AC92,ARAXU5Z1187B98FECD,Gorillaz,Rhinestone Eyes,electronic,Lauryn Hill,Interlude 5,r&b/soul,2670.0,Beastie Boys,B-Boy Bouillabaisse: A.W.O.L. (2009 Digital Remaster),hip hop,2212.0,The Pharcyde,Otha Fish,hip hop,1948.0,Lauryn Hill,Interlude 5,r&b/soul,2314.8799999999997,Beastie Boys,B-Boy Bouillabaisse: A.W.O.L. (2009 Digital Remaster),hip hop,1915.0212500000005,The Pharcyde,Otha Fish,hip hop,1763.4437500000017,Kottonmouth Kings,Bump,hip hop,0.584997775103003,A Tribe Called Quest,Peace_ Prosperity & Paper,hip hop,0.5839860179193035,Above The Law,Flow On (Move Me No Mountain),hip hop,0.5766482991474806,A Tribe Called Quest,Peace_ Prosperity & Paper,hip hop,0.6151066731770107,Kottonmouth Kings,Bump,hip hop,0.6122319443189098,Above The Law,Flow On (Move Me No Mountain),hip hop,0.6092094824177163
TRKQRSQ128F92D5134,SOTTAJB12A8C142C18,AR4L4WQ1187FB51996,The Prodigy,Invaders Must Die,electronic,Fler,NDW 2005,hip hop,420.0,ARRESTED DEVELOPMENT,Stand,r&b/soul,390.0,UB40,The Earth Dies Screaming,reggae,308.0,Fler,NDW 2005,hip hop,411.03000000000003,ARRESTED DEVELOPMENT,Stand,r&b/soul,383.90999999999667,UB40,The Earth Dies Screaming,reggae,303.6799999999971,PeterLicht,Popkultur / Meide,electronic,0.5327178845109605,Jungle Rot,Immersed In Pain,metal,0.4856317986201963,Mylène Farmer,We'll Never Die,pop,0.47887097142309976,PeterLicht,Popkultur / Meide,electronic,0.534686377234948,Jungle Rot,Immersed In Pain,metal,0.48780783917080295,Mylène Farmer,We'll Never Die,pop,0.4816192562600812
TRBFVAA128F423C356,SOCWAFA12A8AE48A78,AR4L4WQ1187FB51996,The Prodigy,Wake Up Call (Album Version),electronic,Lauryn Hill,Interlude 5,r&b/soul,777.0,Twista,I'm A Winner (Amended Album Version),hip hop,641.0,The Simpsons,Do The Bartman,hip hop,553.0,Lauryn Hill,Interlude 5,r&b/soul,707.0800000000002,Twista,I'm A Winner (Amended Album Version),hip hop,595.3050000000002,The Simpsons,Do The Bartman,hip hop,515.285000000001,Marissa Nadler,Undertaker,country,0.5534850779073099,Trisha Yearwood,Come Back When It Ain't Rainin',country,0.524782946328693,Black Box,Strike It Up,electronic,0.5048330364924183,Marissa Nadler,Undertaker,country,0.5655267117210215,Trisha Yearwood,Come Back When It Ain't Rainin',country,0.5364768537952223,DJ Quik,Put It On Me,hip hop,0.5190370341141012
TRFSCLD12903CD213F,SOENGNL12AB018E1BD,AR4L4WQ1187FB51996,The Prodigy,We Gonna Rock,electronic,Apollo 440,Stop The Rock,electronic,5616.0,Bowling For Soup,Here We Go,punk,5217.0,Vanilla Ice,It's A Party,hip hop,4548.0,Apollo 440,Stop The Rock,electronic,5519.099999999997,Bowling For Soup,Here We Go,punk,5084.76,Vanilla Ice,It's A Party,hip hop,4291.880000000003,The B-52s,Rock Lobster (Live),electronic,0.5274072335093796,Charlie Robison,Good Times,country,0.4797700221226951,Ferlin Husky,Convoy,country,0.47322679039581944,The B-52s,Rock Lobster (Live),electronic,0.5313037291440534,Charlie Robison,Good Times,country,0.48373375565738,Ferlin Husky,Convoy,country,0.4750964702244586
TRZTQEP128E0792526,SOYMEOT12A6701DE9A,ARK9TRQ1187B99C095,Nine Inch Nails,The Great Collapse,electronic,Lauryn Hill,Interlude 5,r&b/soul,1597.0,Vanilla Ice,Ice Is Workin' It,hip hop,1109.0,Daft Punk,Touch It / Technologic,electronic,1086.0,Lauryn Hill,Interlude 5,r&b/soul,1492.1200000000006,Vanilla Ice,Ice Is Workin' It,hip hop,1059.4099999999976,Daft Punk,Touch It / Technologic,electronic,1044.6037499999989,Dillinger Four,A Floater Left With Pleasure In The Executive Washroom.,punk,0.5841683088269369,Time Again,Day Like This,punk,0.5678809889455769,Agonoize,C.O.A.,electronic,0.5574882644141799,Dillinger Four,A Floater Left With Pleasure In The Executive Washroom.,punk,0.5900304305670155,Time Again,Day Like This,punk,0.5743497742760909,Agonoize,C.O.A.,electronic,0.5625056747804826
TRLTFVP128E0782B34,SOITPXC12A6310E0DA,AR9L6R11187B9AA3F2,Duran Duran,Electric Barbarella (Radio Edit),electronic,Lauryn Hill,Interlude 5,r&b/soul,4025.0,Twista,I'm A Winner (Amended Album Version),hip hop,3075.0,Beastie Boys,B-Boy Bouillabaisse: A.W.O.L. (2009 Digital Remaster),hip hop,2731.0,Lauryn Hill,Interlude 5,r&b/soul,3752.679999999998,Twista,I'm A Winner (Amended Album Version),hip hop,2897.0300000000007,Beastie Boys,B-Boy Bouillabaisse: A.W.O.L. (2009 Digital Remaster),hip hop,2503.264999999998,The Antlers,Epilogue,rock,0.7478695192864778,Marissa Nadler,Famous Blue Raincoat,folk,0.7292397946188018,Small Sins,She's The Source,rock,0.7290728805281563,The Antlers,Epilogue,rock,0.7587906862592929,Marissa Nadler,Famous Blue Raincoat,folk,0.7413997674492591,7L & Esoteric,Boxcutter Rap,hip hop,0.740232121292283
TRFVWXW128F931A0E9,SOPERLI129F0824AA5,ARAOQ5T1187FB435AB,Björk,Pluto,electronic,Eminem,8 Mile,hip hop,494.0,Lauryn Hill,Interlude 5,r&b/soul,465.0,Beastie Boys,B-Boy Bouillabaisse: A.W.O.L. (2009 Digital Remaster),hip hop,416.0,Eminem,8 Mile,hip hop,461.48499999999973,Lauryn Hill,Interlude 5,r&b/soul,413.48000000000013,Mario Vazquez,Everytime I...,r&b/soul,386.25000000000097,Fear My Thoughts,Wasteland,metal,0.5476552289852917,Incubus,Pardon Me,rock,0.5251614858386762,Basia Bulat,Birds Of Paradise,electronic,0.5123571601648227,Fear My Thoughts,Wasteland,metal,0.5566522713077471,Incubus,Pardon Me,rock,0.5346991212454282,Basia Bulat,Birds Of Paradise,electronic,0.5230191827264211
TRKQQMW128F92D54DF,SOMXUUY12A8C141D38,ARD063K11C8A422ED7,Empire Of The Sun,Delta Bay,electronic,The Pharcyde,Otha Fish,hip hop,1518.0,Beastie Boys,B-Boy Bouillabaisse: A.W.O.L. (2009 Digital Remaster),hip hop,1437.0,Twista,I'm A Winner (Amended Album Version),hip hop,1404.0,The Pharcyde,Otha Fish,hip hop,1383.1687499999935,Twista,I'm A Winner (Amended Album Version),hip hop,1234.4475000000016,Beastie Boys,B-Boy Bouillabaisse: A.W.O.L. (2009 Digital Remaster),hip hop,1220.036250000001,Memphis Minnie,Down In The Alley,blues,0.5411379504774838,Wu-Tang Clan,The What,hip hop,0.4868686956592924,Thursday,Unintended Long Term Effects,punk,0.4793278095282879,Memphis Minnie,Down In The Alley,blues,0.5580896364022438,Wu-Tang Clan,The What,hip hop,0.5145079969904688,Thursday,Unintended Long Term Effects,punk,0.49927693761814484
TRFYMPB128F93100C0,SOXKRRQ12AB017C0F2,ARD063K11C8A422ED7,Empire Of The Sun,We Are The People (Shazam Remix),electronic,Lauryn Hill,Interlude 5,r&b/soul,8737.0,Twista,I'm A Winner (Amended Album Version),hip hop,7195.0,Erykah Badu,I Want You,r&b/soul,6302.0,Lauryn Hill,Interlude 5,r&b/soul,8116.920000000002,Twista,I'm A Winner (Amended Album Version),hip hop,6789.757499999997,Erykah Badu,I Want You,r&b/soul,6074.1037499999875,Clawfinger,Revenge,metal,0.7456428303160773,Jay-Jay Johanson,Rush,electronic,0.7304206635896475,The Corrs,Irresistible ( LP Version ),pop,0.7152316350031789,Clawfinger,Revenge,metal,0.7544107678533769,Jay-Jay Johanson,Rush,electronic,0.7390582047411307,The Corrs,Irresistible ( LP Version ),pop,0.7226488246114888
TRBCSDW128F424D686,SOQWSGM12A6D4FC3C6,ARIRCA31187FB58E84,The Maine,You Left Me,electronic,Lauryn Hill,Interlude 5,r&b/soul,9266.0,Danity Kane,Hold Me Down (Album Version),r&b/soul,8377.0,Five,That's What You Told Me,pop,7883.0,Lauryn Hill,Interlude 5,r&b/soul,8553.92,Danity Kane,Hold Me Down (Album Version),r&b/soul,8047.082500000002,Five,That's What You Told Me,pop,7610.165000000005,Les Valentins,It's Too Late,pop,0.6832478050671903,The Isley Brothers,Touch Me,blues,0.644254113380263,Hilary Duff,Play With Fire,pop,0.6283818352416844,Les Valentins,It's Too Late,pop,0.692284114430058,The Isley Brothers,Touch Me,blues,0.6547758611089833,Hilary Duff,Play With Fire,pop,0.6392680317217907
TRRXQJA128F1472A56,SOYPJMP12AF72A901D,ARWA8AH1187FB3FC84,Hot Chip,The Warning,electronic,Twista,I'm A Winner (Amended Album Version),hip hop,3859.0,Lauryn Hill,Interlude 5,r&b/soul,3739.0,Beastie Boys,B-Boy Bouillabaisse: A.W.O.L. (2009 Digital Remaster),hip hop,3551.0,Twista,I'm A Winner (Amended Album Version),hip hop,3604.0699999999933,Lauryn Hill,Interlude 5,r&b/soul,3348.919999999999,Beastie Boys,B-Boy Bouillabaisse: A.W.O.L. (2009 Digital Remaster),hip hop,3224.784999999996,Annihilator,Hunter killer,metal,0.6989437317707897,Shai,Waiting For The Day,r&b/soul,0.6974372227790097,The Dells,It's All Up To You,r&b/soul,0.6843409112271107,Shai,Waiting For The Day,r&b/soul,0.7080898506941884,Annihilator,Hunter killer,metal,0.7060697363811239,The Dells,It's All Up To You,r&b/soul,0.6936925649838742
TRMDYBW128F14A17E8,SOODBDC12A8C13E4E9,ARTH03J1187FB3E00C,Enter Shikari,Keep It On Ice,electronic,Beastie Boys,B-Boy Bouillabaisse: A.W.O.L. (2009 Digital Remaster),hip hop,1426.0,Eminem,My Darling,hip hop,1253.0,Life Without Buildings,New Town,rock,1231.0,Beastie Boys,B-Boy Bouillabaisse: A.W.O.L. (2009 Digital Remaster),hip hop,1298.2837500000026,Fatboy Slim,Acid 8000,electronic,1179.7337500000003,Life Without Buildings,New Town,rock,1167.608749999998,At The Gates,Captor Of Sin (Slayer Cover),metal,0.6284530678419453,Kotipelto,Lord Of Eternity,metal,0.6160767380690613,Gorefest,Super Reality,metal,0.5959436238059821,At The Gates,Captor Of Sin (Slayer Cover),metal,0.6381371265238076,Kotipelto,Lord Of Eternity,metal,0.6254869980354952,Gorefest,Super Reality,metal,0.6057689414782675
TRCNUNL128F93437CF,SOYQNWH12AB0180C07,ARTH03J1187FB3E00C,Enter Shikari,The Jester,electronic,Lauryn Hill,Interlude 5,r&b/soul,3529.0,Beastie Boys,B-Boy Bouillabaisse: A.W.O.L. (2009 Digital Remaster),hip hop,2594.0,Twista,I'm A Winner (Amended Album Version),hip hop,2319.0,Lauryn Hill,Interlude 5,r&b/soul,3207.000000000003,Beastie Boys,B-Boy Bouillabaisse: A.W.O.L. (2009 Digital Remaster),hip hop,2324.718749999998,Twista,I'm A Winner (Amended Album Version),hip hop,2108.562499999997,Lost Boyz,Keep It Real,hip hop,0.7098437463373437,Murs,You & I,hip hop,0.6838021961195,Above The Law,Flow On (Move Me No Mountain),hip hop,0.6829748169205642,Lost Boyz,Keep It Real,hip hop,0.7272648260569898,Above The Law,Flow On (Move Me No Mountain),hip hop,0.7033017724963556,Murs,You & I,hip hop,0.702882205347534
TRIPJIJ128F1453AE0,SORSPQO12A6D4F782F,AREACYD1187FB566DE,Enya,Lazy Days,electronic,Lauryn Hill,Interlude 5,r&b/soul,1240.0,Vanilla Ice,Ice Is Workin' It,hip hop,1176.0,Daft Punk,Touch It / Technologic,electronic,1144.0,Lauryn Hill,Interlude 5,r&b/soul,1122.2399999999996,Vanilla Ice,Ice Is Workin' It,hip hop,1120.3199999999963,Daft Punk,Touch It / Technologic,electronic,1097.5200000000034,Anjali,Mistress Of Disguise,electronic,0.5859491664024652,Darden Smith,Swept Away,country,0.5791766037625492,Earlimart,It's Okay To Think About Ending,electronic,0.5725591622596257,Anjali,Mistress Of Disguise,electronic,0.5985239830039881,Darden Smith,Swept Away,country,0.5920586402617903,Earlimart,It's Okay To Think About Ending,electronic,0.5829845869535093
TRPLRVY128F1473EBE,SOTCEXG12A6D4F60FE,AREACYD1187FB566DE,Enya,Someone Said Goodbye,electronic,Lauryn Hill,Interlude 5,r&b/soul,4463.0,Erykah Badu,I Want You,r&b/soul,3086.0,Twista,I'm A Winner (Amended Album Version),hip hop,3037.0,Lauryn Hill,Interlude 5,r&b/soul,4091.3200000000006,Erykah Badu,I Want You,r&b/soul,2949.397499999996,Twista,I'm A Winner (Amended Album Version),hip hop,2794.0949999999993,Rosanne Cash,I Don't Know Why You Don't Want Me,country,0.7192580977680852,Mr. Vegas,I Don't Know Why I Love You,reggae,0.6600251045552675,Ten Years After,I Don't Know That You Don't Know My Name (2004 Digital Remaster),blues,0.6196878869366149,Rosanne Cash,I Don't Know Why You Don't Want Me,country,0.7267854833606897,Mr. Vegas,I Don't Know Why I Love You,reggae,0.6681571071763651,Jane Monheit,Why Can't You Behave?,jazz,0.6295711050428603
TRWPUDX128F148F907,SODFLBN12A6D4F923A,AREACYD1187FB566DE,Enya,The Magic Of The Night,electronic,Lauryn Hill,Interlude 5,r&b/soul,1640.0,Twista,I'm A Winner (Amended Album Version),hip hop,1374.0,The Pharcyde,Otha Fish,hip hop,1350.0,Lauryn Hill,Interlude 5,r&b/soul,1384.2400000000005,The Pharcyde,Otha Fish,hip hop,1217.0812499999993,Twista,I'm A Winner (Amended Album Version),hip hop,1206.8525000000022,Lard,The Power Of Lard,punk,0.5713510788110242,Seelenkrank,Lost,electronic,0.5432385530818851,Assemblage 23,MAPS OF REALITY,pop,0.5154597811191144,Lard,The Power Of Lard,punk,0.5896322973574187,Seelenkrank,Lost,electronic,0.5583246731243598,Assemblage 23,MAPS OF REALITY,pop,0.5369008030934663
TRZQTSM128F9328120,SOZDITZ12A58A7B41A,AR91C8S1187B990901,Bruce Springsteen,Gave It A Name,folk,Lauryn Hill,Interlude 5,r&b/soul,1133.0,Vanilla Ice,Ice Is Workin' It,hip hop,985.0,Beastie Boys,B-Boy Bouillabaisse: A.W.O.L. (2009 Digital Remaster),hip hop,970.0,Lauryn Hill,Interlude 5,r&b/soul,972.9199999999993,Vanilla Ice,Ice Is Workin' It,hip hop,909.3100000000005,Daft Punk,Touch It / Technologic,electronic,903.816250000002,Rasputina,Mr. E. Leon Rauis,rock,0.5796968952234607,Freezepop,Ninja Of Love (Album Version),pop,0.578735565778671,Devo,Mongoloid,punk,0.550751776519566,Rasputina,Mr. E. Leon Rauis,rock,0.5931226425529182,Freezepop,Ninja Of Love (Album Version),pop,0.5901834567271025,Binary Star,Wolfman Jack,hip hop,0.5632297693626623
TRNZCWJ128F427099F,SODXHZV12A8C1340B6,ARH861H1187B9B799E,Johnny Cash,The Vanishing Race,folk,Beastie Boys,B-Boy Bouillabaisse: A.W.O.L. (2009 Digital Remaster),hip hop,1696.0,Lauryn Hill,Interlude 5,r&b/soul,1648.0,Eminem,8 Mile,hip hop,1139.0,Beastie Boys,B-Boy Bouillabaisse: A.W.O.L. (2009 Digital Remaster),hip hop,1554.4349999999965,Lauryn Hill,Interlude 5,r&b/soul,1478.72,Eminem,8 Mile,hip hop,1032.1649999999993,Domine,The Ride Of The Valkyries,classical,0.672340334049815,Helen Reddy,Peaceful,pop,0.6598012519105695,Art Garfunkel,The Sound of Silence,folk,0.6452087927872592,Domine,The Ride Of The Valkyries,classical,0.6842119717617625,Helen Reddy,Peaceful,pop,0.6732444622478669,Art Garfunkel,The Sound of Silence,folk,0.6597289562238479
TRJQRAP128F9314B3F,SOMSWGY12AB017F755,ARZENOX1187B98A645,John Mayer,All We Ever Do Is Say Goodbye,folk,Lauryn Hill,Interlude 5,r&b/soul,4058.0,Erykah Badu,I Want You,r&b/soul,3182.0,Twista,I'm A Winner (Amended Album Version),hip hop,2569.0,Lauryn Hill,Interlude 5,r&b/soul,3662.4000000000033,Erykah Badu,I Want You,r&b/soul,3036.6062499999985,R. Kelly,Don't You Say No,r&b/soul,2431.043749999999,Kelly Price,Don't Say Goodbye,r&b/soul,0.5440054369177465,Lisa Stansfield,Goodbye,punk,0.5016856803172768,Morcheeba,Part Of The Process,electronic,0.49571303337761097,Kelly Price,Don't Say Goodbye,r&b/soul,0.5576360185477601,Lisa Stansfield,Goodbye,punk,0.515954481420897,Phantom Planet,See You Next Summer,rock,0.5087351263108321
TRETJUU128F426402A,SOYHOTV12A8C132B9B,ARZENOX1187B98A645,John Mayer,Clarity,folk,R. Kelly,I Mean (I Don't Mean It),r&b/soul,3416.0,Beastie Boys,B-Boy Bouillabaisse: A.W.O.L. (2009 Digital Remaster),hip hop,3347.0,Lauryn Hill,Interlude 5,r&b/soul,3332.0,R. Kelly,I Mean (I Don't Mean It),r&b/soul,3240.002500000001,Beastie Boys,B-Boy Bouillabaisse: A.W.O.L. (2009 Digital Remaster),hip hop,2999.242499999999,Lauryn Hill,Interlude 5,r&b/soul,2916.1600000000026,Cat Stevens,Rubylove,folk,0.7899779050641508,Gorky's Zygotic Mynci,Honeymoon With You,pop,0.5841660214865242,Teena Marie,Dear Lover,r&b/soul,0.5288989868982447,Cat Stevens,Rubylove,folk,0.7914090893574053,Gorky's Zygotic Mynci,Honeymoon With You,pop,0.592999738458225,Teena Marie,Dear Lover,r&b/soul,0.5409967898181834
TRNOUUF128F4280B8D,SOHREDT12A8C13862F,ARZENOX1187B98A645,John Mayer,Why Georgia,folk,Eminem,8 Mile,hip hop,3749.0,Beastie Boys,B-Boy Bouillabaisse: A.W.O.L. (2009 Digital Remaster),hip hop,3657.0,Rufio,Over It (Acoustic),punk,3583.0,Eminem,8 Mile,hip hop,3526.0399999999963,Rufio,Over It (Acoustic),punk,3463.2400000000093,Beastie Boys,B-Boy Bouillabaisse: A.W.O.L. (2009 Digital Remaster),hip hop,3361.5599999999936,Eminem,8 Mile,hip hop,0.7480160130617194,Eminem,Rabbit Run,hip hop,0.7477634748512698,Common,Book Of Life,hip hop,0.7462799898868089,Eminem,8 Mile,hip hop,0.75774016369134,Eminem,Rabbit Run,hip hop,0.7575083177970414,Common,Book Of Life,hip hop,0.7555192686623954
TREKVTY128E0784BA3,SOBHKVI12A6701F1C8,ARC8CQZ1187B98DECA,Jack Johnson,Mudfootball (For Moe Lerner),folk,Lauryn Hill,Interlude 5,r&b/soul,2367.0,Beastie Boys,B-Boy Bouillabaisse: A.W.O.L. (2009 Digital Remaster),hip hop,1514.0,Michael Jackson,Man In The Mirror,pop,1355.0,Lauryn Hill,Interlude 5,r&b/soul,2024.7599999999975,Beastie Boys,B-Boy Bouillabaisse: A.W.O.L. (2009 Digital Remaster),hip hop,1227.7925000000005,Michael Jackson,Man In The Mirror,pop,1061.5850000000016,Shane MacGowan And The Popes,More Pricks Than Kicks,folk,0.5190026997832143,Beast,Devil,electronic,0.5055528952192916,Bouncing Souls,East Coast Fuck You,punk,0.4955270649658352,Beast,Devil,electronic,0.5392784452354596,Shane MacGowan And The Popes,More Pricks Than Kicks,folk,0.5382528517857033,Big Moe,S.U.C.,hip hop,0.5233054874891184
TRYNAAP128F427EF64,SOCJTTL12A8C14009F,AR7OA5G1187B98D3A0,Sufjan Stevens,Sister Winter,folk,Lauryn Hill,Interlude 5,r&b/soul,3703.0,Beastie Boys,B-Boy Bouillabaisse: A.W.O.L. (2009 Digital Remaster),hip hop,3494.0,Twista,I'm A Winner (Amended Album Version),hip hop,3410.0,Lauryn Hill,Interlude 5,r&b/soul,3419.6399999999985,Beastie Boys,B-Boy Bouillabaisse: A.W.O.L. (2009 Digital Remaster),hip hop,3257.0324999999993,Twista,I'm A Winner (Amended Album Version),hip hop,3224.8149999999987,Bette Midler,Friends/Oh My My (LIve),folk,0.7716130694009664,Diary of Dreams,Tears of Laughter,punk,0.6869066333973649,Abba,Waterloo,pop,0.6837850855869907,Bette Midler,Friends/Oh My My (LIve),folk,0.7771210723403891,Diary of Dreams,Tears of Laughter,punk,0.6946715261934102,Abba,Waterloo,pop,0.6914900399419549
TRFMWVJ128E0791E70,SODZLMJ127D977E810,ARE0WH81187B9A7BA3,Rufus Wainwright,In A Graveyard,folk,Lauryn Hill,Interlude 5,r&b/soul,613.0,Ja Rule,One of Us,hip hop,541.0,Beastie Boys,B-Boy Bouillabaisse: A.W.O.L. (2009 Digital Remaster),hip hop,461.0,Lauryn Hill,Interlude 5,r&b/soul,517.3199999999999,Ja Rule,One of Us,hip hop,483.1499999999989,Beastie Boys,B-Boy Bouillabaisse: A.W.O.L. (2009 Digital Remaster),hip hop,380.98500000000126,Birth Control,Gamma Ray,rock,0.4731157847452228,Asphyx,Indulge In Frenzy,metal,0.43662632922430333,Naglfar,And The World Shall Be Your Grave,metal,0.4298124676005156,Birth Control,Gamma Ray,rock,0.49465706503974505,Asphyx,Indulge In Frenzy,metal,0.45727531472419775,Reverend Bizarre,Doom Over The World,metal,0.4545166287977355
TRLTTDC128E079380E,SOCTYHG12A679D7E2B,ARE0WH81187B9A7BA3,Rufus Wainwright,Baby,folk,Lauryn Hill,Interlude 5,r&b/soul,5681.0,Twista,I'm A Winner (Amended Album Version),hip hop,5126.0,Beastie Boys,B-Boy Bouillabaisse: A.W.O.L. (2009 Digital Remaster),hip hop,4861.0,Lauryn Hill,Interlude 5,r&b/soul,5285.4,Twista,I'm A Winner (Amended Album Version),hip hop,4867.462499999991,Erykah Badu,I Want You,r&b/soul,4668.606250000009,Less Than Jake,I Think I Love You,reggae,0.8339074933245704,Next,I Still Love You,r&b/soul,0.8239305960493865,Mario Vazquez,Everytime I...,r&b/soul,0.815241410427082,Less Than Jake,I Think I Love You,reggae,0.8386664591573368,Next,I Still Love You,r&b/soul,0.8289853313139036,Mario Vazquez,Everytime I...,r&b/soul,0.8183457283868151
TRUCWXA128F92E4944,SOYGQGR12AF72ABAB8,ARQEBGJ122E6447D2B,Edward Sharpe & The Magnetic Zeros,Janglin,folk,Lauryn Hill,Interlude 5,r&b/soul,1710.0,Beastie Boys,B-Boy Bouillabaisse: A.W.O.L. (2009 Digital Remaster),hip hop,1085.0,Eminem,My Darling,hip hop,1072.0,Lauryn Hill,Interlude 5,r&b/soul,1491.0399999999995,The Prodigy,We Gonna Rock,electronic,1001.7799999999999,Eminem,My Darling,hip hop,937.9762500000002,Suicide Commando,Dead March,electronic,0.6719954819835102,Dead Kennedys,Goons of Hazzard,punk,0.6659943286996238,Thompson Twins,We Are Detective,pop,0.6419592206954038,Dead Kennedys,Goons of Hazzard,punk,0.6786363838670403,Suicide Commando,Dead March,electronic,0.6777057515773306,Thompson Twins,We Are Detective,pop,0.6545859675012985
TRGQBAX128F426EFCA,SOERZLJ12A8C132D53,AR5FP401187FB523C9,Bob Dylan,Ballad In Plain D,folk,Lauryn Hill,Interlude 5,r&b/soul,4363.0,Beastie Boys,B-Boy Bouillabaisse: A.W.O.L. (2009 Digital Remaster),hip hop,4319.0,Eminem,8 Mile,hip hop,3527.0,Beastie Boys,B-Boy Bouillabaisse: A.W.O.L. (2009 Digital Remaster),hip hop,3868.146249999998,Lauryn Hill,Interlude 5,r&b/soul,3823.879999999996,Eminem,8 Mile,hip hop,3186.753749999999,Con Funk Shun,Electric Lady,r&b/soul,0.765677105830507,Example,Birthday Card,hip hop,0.7493331908470023,Chicago,Caroline (Album Version),pop,0.7444217104322884,Con Funk Shun,Electric Lady,r&b/soul,0.7786801438980581,Example,Birthday Card,hip hop,0.7638939200181829,Chicago,Caroline (Album Version),pop,0.7600571652544487
TRGSDTP128F92F76D1,SOHMZEX12A8C132F5F,AR5FP401187FB523C9,Bob Dylan,One Of Us Must Know (Sooner Or Later),folk,Lauryn Hill,Interlude 5,r&b/soul,8617.0,Twista,I'm A Winner (Amended Album Version),hip hop,6823.0,Erykah Badu,I Want You,r&b/soul,5664.0,Lauryn Hill,Interlude 5,r&b/soul,8099.959999999999,Twista,I'm A Winner (Amended Album Version),hip hop,6485.097500000006,Erykah Badu,I Want You,r&b/soul,5473.973750000007,Angela Bofill,I Try,r&b/soul,0.8249023999190257,Leonard Cohen,Chelsea Hotel #2,folk,0.8194665364814024,Clawfinger,Revenge,metal,0.8091981097180713,Angela Bofill,I Try,r&b/soul,0.8300310278249087,Leonard Cohen,Chelsea Hotel #2,folk,0.8255527888645763,Clawfinger,Revenge,metal,0.8158894872455159
TRMRMTN128F92D426F,SOIZDJI12A8C1435C7,ARSF0K11187B9AF319,James Taylor,It's Growing,folk,Lauryn Hill,Interlude 5,r&b/soul,5582.0,Daft Punk,Touch It / Technologic,electronic,4204.0,Vanilla Ice,Ice Is Workin' It,hip hop,4069.0,Lauryn Hill,Interlude 5,r&b/soul,5028.159999999998,Daft Punk,Touch It / Technologic,electronic,3985.398750000005,Vanilla Ice,Ice Is Workin' It,hip hop,3807.1300000000033,Big Bad Voodoo Daddy,Big And Bad,jazz,0.6544471983993573,16 Horsepower,Coal Black Horses,country,0.6411735414584463,TLC,Shock Dat Monkey,r&b/soul,0.5359128863342352,Big Bad Voodoo Daddy,Big And Bad,jazz,0.6623058767432092,16 Horsepower,Coal Black Horses,country,0.6494944600193853,TLC,Shock Dat Monkey,r&b/soul,0.5487054736705547
TRDFPTZ128F14B108C,SOJKUOG12A6D4FD11D,ARSF0K11187B9AF319,James Taylor,Oh_ Susannah (LP Version),folk,Beastie Boys,B-Boy Bouillabaisse: A.W.O.L. (2009 Digital Remaster),hip hop,2513.0,Lauryn Hill,Interlude 5,r&b/soul,2392.0,Twista,I'm A Winner (Amended Album Version),hip hop,2121.0,Beastie Boys,B-Boy Bouillabaisse: A.W.O.L. (2009 Digital Remaster),hip hop,2319.1174999999994,Lauryn Hill,Interlude 5,r&b/soul,2160.1600000000003,Twista,I'm A Winner (Amended Album Version),hip hop,1969.485000000005,Snoop Dogg,Snoopafella (Edited),hip hop,0.7393268470616022,King Tee,Act A Fool,hip hop,0.7233995794695326,Arc Angels,Shape I'm In,blues,0.7175666732967756,Snoop Dogg,Snoopafella (Edited),hip hop,0.751170263555241,King Tee,Act A Fool,hip hop,0.7361404325547102,Beastie Boys,B-Boy Bouillabaisse: A.W.O.L. (2009 Digital Remaster),hip hop,0.7270736977073202
TROZEMN128F4262CCA,SOHSTLE12A8C132425,ARSF0K11187B9AF319,James Taylor,Something In The Way She Moves,folk,Lauryn Hill,Interlude 5,r&b/soul,4724.0,Beastie Boys,B-Boy Bouillabaisse: A.W.O.L. (2009 Digital Remaster),hip hop,3817.0,Twiztid,She Ain't Afraid,hip hop,3260.0,Lauryn Hill,Interlude 5,r&b/soul,4229.039999999996,Beastie Boys,B-Boy Bouillabaisse: A.W.O.L. (2009 Digital Remaster),hip hop,3403.0762499999955,Twiztid,She Ain't Afraid,hip hop,2971.83375,Atmosphere,Hair,hip hop,0.6717997645006921,Obie Trice,Got Some Teeth,hip hop,0.6500910799894744,The Pharcyde,Passin' Me By,hip hop,0.6495420206197321,Atmosphere,Hair,hip hop,0.6898237509042626,Obie Trice,Got Some Teeth,hip hop,0.6668673603111734,The Pharcyde,Passin' Me By,hip hop,0.6661505056060111
TRGAZWQ12903CB0BA9,SOGJZZZ12AF72AA43B,ARYQES41187B9B960F,David Gray,Draw The Line,folk,Lauryn Hill,Interlude 5,r&b/soul,1466.0,Beastie Boys,B-Boy Bouillabaisse: A.W.O.L. (2009 Digital Remaster),hip hop,1176.0,Marques Houston,Cancel (Album Version),r&b/soul,1002.0,Lauryn Hill,Interlude 5,r&b/soul,1160.5599999999995,Beastie Boys,B-Boy Bouillabaisse: A.W.O.L. (2009 Digital Remaster),hip hop,920.5675000000007,Marques Houston,Cancel (Album Version),r&b/soul,898.0425000000007,Against All Authority,Stand In Line,reggae,0.43708266604311063,Beck,Farewell Ride,rock,0.43543919986695345,Pat Green,California,country,0.43100933238323774,Against All Authority,Stand In Line,reggae,0.4568882237507943,Beck,Farewell Ride,rock,0.4554883361460728,Pat Green,California,country,0.4541322126490904
TRSNACX128E078AA88,SOKYDGS12A6701E3CB,ARYQES41187B9B960F,David Gray,Sail Away,folk,Fatboy Slim,The Rockafeller Skank,electronic,4327.0,Lauryn Hill,Interlude 5,r&b/soul,3842.0,Danity Kane,Hold Me Down (Album Version),r&b/soul,3580.0,Fatboy Slim,The Rockafeller Skank,electronic,4138.200000000026,Lauryn Hill,Interlude 5,r&b/soul,3407.7600000000057,Danity Kane,Hold Me Down (Album Version),r&b/soul,3378.8100000000077,OV7,Angelica,latin,0.6312952792090791,Usher,Nice & Slow,r&b/soul,0.6208463246777821,The Quireboys,Misled,rock,0.6154786750501673,OV7,Angelica,latin,0.6422368518882587,Usher,Nice & Slow,r&b/soul,0.6338410188205807,The Quireboys,Misled,rock,0.6288536656274727
TRXCQOC12903CB0BBA,SOEWUQY12AB0188156,ARYQES41187B9B960F,David Gray,Stella The Artist,folk,Lauryn Hill,Interlude 5,r&b/soul,1637.0,Beastie Boys,B-Boy Bouillabaisse: A.W.O.L. (2009 Digital Remaster),hip hop,1278.0,Twiztid,She Ain't Afraid,hip hop,1016.0,Lauryn Hill,Interlude 5,r&b/soul,1419.8800000000024,Beastie Boys,B-Boy Bouillabaisse: A.W.O.L. (2009 Digital Remaster),hip hop,1096.4274999999993,Twiztid,She Ain't Afraid,hip hop,889.5925000000002,Bob Dylan,Ballad In Plain D,folk,0.4701420897661209,Biz Markie,Vapors,hip hop,0.47013878935441417,Karan Casey,Song Of Lies,folk,0.4632499483995309,Biz Markie,Vapors,hip hop,0.5017708039497569,Bob Dylan,Ballad In Plain D,folk,0.49636157511637835,Karan Casey,Song Of Lies,folk,0.48815745465517957
TRPGPVH128F429B2F0,SOGACYC12A8C13C528,ARZWK2R1187B98F09F,Rise Against,Swing Life Away (Acoustic),folk,Lauryn Hill,Interlude 5,r&b/soul,4554.0,Beastie Boys,B-Boy Bouillabaisse: A.W.O.L. (2009 Digital Remaster),hip hop,3753.0,Twista,I'm A Winner (Amended Album Version),hip hop,3492.0,Lauryn Hill,Interlude 5,r&b/soul,4106.879999999996,Beastie Boys,B-Boy Bouillabaisse: A.W.O.L. (2009 Digital Remaster),hip hop,3379.0837499999975,Twista,I'm A Winner (Amended Album Version),hip hop,3199.7924999999996,Josh Turner,Soulmate,country,0.7046213058004958,Tony Sly,On the Outside,folk,0.689861665468378,Skankin' Pickle,Gas In My Car,reggae,0.6801670204477914,Josh Turner,Soulmate,country,0.7189496142418095,Tony Sly,On the Outside,folk,0.706768690944044,Skankin' Pickle,Gas In My Car,reggae,0.697442950464658
TRHLRGU128F42643FB,SORGTNE12D02193408,AR5FP401187FB523C9,Bob Dylan,Billy 4,folk,Lauryn Hill,Interlude 5,r&b/soul,3007.0,Twista,I'm A Winner (Amended Album Version),hip hop,2423.0,Eminem,My Darling,hip hop,2140.0,Lauryn Hill,Interlude 5,r&b/soul,2607.7199999999984,Twista,I'm A Winner (Amended Album Version),hip hop,2162.0575000000017,Pain of Salvation,Spitfall,metal,1939.955000000002,Pain of Salvation,Spitfall,metal,0.6418661041430578,Murs,The Dance,hip hop,0.5932247393876987,Warrant,Hollywood (So Far_ So Good),rock,0.5865989028345368,Pain of Salvation,Spitfall,metal,0.6626789551653871,Murs,The Dance,hip hop,0.6265403539181253,John Cale,Graham Greene,folk,0.6059454199125038
TRFCCKL128F426EE8E,SORACYK12D02193097,AR5FP401187FB523C9,Bob Dylan,Stuck Inside Of Mobile With The Memphis Blues Again,folk,Lauryn Hill,Interlude 5,r&b/soul,7190.0,Beastie Boys,B-Boy Bouillabaisse: A.W.O.L. (2009 Digital Remaster),hip hop,5605.0,Twista,I'm A Winner (Amended Album Version),hip hop,4521.0,Lauryn Hill,Interlude 5,r&b/soul,6336.239999999996,Beastie Boys,B-Boy Bouillabaisse: A.W.O.L. (2009 Digital Remaster),hip hop,4891.020000000001,Twista,I'm A Winner (Amended Album Version),hip hop,3963.0400000000036,Biz Markie,Vapors,hip hop,0.6353965509281032,Tonedeff,Ridiculous,hip hop,0.6167885032279087,The Arrogant Sons Of Bitches,Kill The President,punk,0.6160583982478228,Biz Markie,Vapors,hip hop,0.6678006172278396,Tonedeff,Ridiculous,hip hop,0.6462188123703354,Atmosphere,Hair,hip hop,0.6437198518961156
TRGOYOU128F93223F2,SOWILEH12CF5F8729B,AR5FP401187FB523C9,Bob Dylan,Pretty Peggy-O,folk,Lauryn Hill,Interlude 5,r&b/soul,1454.0,Beastie Boys,B-Boy Bouillabaisse: A.W.O.L. (2009 Digital Remaster),hip hop,1186.0,Eminem,My Darling,hip hop,1144.0,Lauryn Hill,Interlude 5,r&b/soul,1201.92,Marques Houston,Cancel (Album Version),r&b/soul,1014.2037500000001,Eminem,My Darling,hip hop,989.7037500000004,Rasputina,Mr. E. Leon Rauis,rock,0.5228907274239615,Bad Religion,Automatic Man (Album Version),punk,0.5110774648400714,Bauhaus,The Sanity Assassin,punk,0.5018354299347355,Rasputina,Mr. E. Leon Rauis,rock,0.5416654706732521,Bad Religion,Automatic Man (Album Version),punk,0.5282993028416241,THERION,Darkness eve,metal,0.5179596269795272
TROMGSH128F427A408,SOBADWZ12CF5F86CD7,AR5FP401187FB523C9,Bob Dylan,She Belongs To Me,folk,Twiztid,She Ain't Afraid,hip hop,1718.0,UGK (Underground Kingz),She Luv It,hip hop,1594.0,The Corrs,Queen Of Hollywood ( LP Version ),pop,1481.0,Twiztid,She Ain't Afraid,hip hop,1578.7375000000002,UGK (Underground Kingz),She Luv It,hip hop,1500.400000000002,The Corrs,Queen Of Hollywood ( LP Version ),pop,1402.6749999999984,Lionel Richie,She's Amazing,r&b/soul,0.7441348931319451,Janie Fricke,She's Single Again,country,0.7286398001650679,DAN SEALS,Addicted,country,0.7259392328589465,Lionel Richie,She's Amazing,r&b/soul,0.7496652116822717,Janie Fricke,She's Single Again,country,0.7369258686409615,DAN SEALS,Addicted,country,0.7344662537966612
TRFBWEC128F42B8346,SOFDFBL12CF5F89018,AR5FP401187FB523C9,Bob Dylan,When The Deal Goes Down,folk,Lauryn Hill,Interlude 5,r&b/soul,4500.0,Beastie Boys,B-Boy Bouillabaisse: A.W.O.L. (2009 Digital Remaster),hip hop,3401.0,Twista,I'm A Winner (Amended Album Version),hip hop,3122.0,Lauryn Hill,Interlude 5,r&b/soul,4137.519999999997,Beastie Boys,B-Boy Bouillabaisse: A.W.O.L. (2009 Digital Remaster),hip hop,3097.8662499999978,Twista,I'm A Winner (Amended Album Version),hip hop,2885.1075000000037,Martin Jondo,Hold You,reggae,0.7790156913243086,Hieroglyphics,Shift Shape,hip hop,0.7589073932774832,The Streets,The Irony Of It All (Album Version),electronic,0.7532121135683434,Martin Jondo,Hold You,reggae,0.7910491929359419,Hieroglyphics,Shift Shape,hip hop,0.7729686927188213,The Streets,The Irony Of It All (Album Version),electronic,0.7677562712748037
TRDVYVJ128F426F7C0,SOXYGEE12CF5F875CF,AR5FP401187FB523C9,Bob Dylan,With God On Our Side,folk,Lauryn Hill,Interlude 5,r&b/soul,3985.0,Beastie Boys,B-Boy Bouillabaisse: A.W.O.L. (2009 Digital Remaster),hip hop,3634.0,Vanilla Ice,Ice Is Workin' It,hip hop,2801.0,Lauryn Hill,Interlude 5,r&b/soul,3508.439999999999,Beastie Boys,B-Boy Bouillabaisse: A.W.O.L. (2009 Digital Remaster),hip hop,3235.4637500000003,Vanilla Ice,Ice Is Workin' It,hip hop,2575.6700000000073,Lost Boyz,Keep It Real,hip hop,0.7048937862645819,Warren G,We Brings Heat,hip hop,0.6934558728704446,Mack 10,LBC And The ING (Explicit),hip hop,0.6713103670352553,Lost Boyz,Keep It Real,hip hop,0.7258165704315714,Warren G,We Brings Heat,hip hop,0.7158439676971885,Mack 10,LBC And The ING (Explicit),hip hop,0.6962439773360479
TREKVGV128E0788976,SOSHHZB12A6701F0C5,ARN5NHX1187FB4F755,The Smashing Pumpkins,Terrapin,folk,Lauryn Hill,Interlude 5,r&b/soul,2977.0,Twista,I'm A Winner (Amended Album Version),hip hop,2510.0,Erykah Badu,I Want You,r&b/soul,2368.0,Lauryn Hill,Interlude 5,r&b/soul,2781.9600000000014,Twista,I'm A Winner (Amended Album Version),hip hop,2382.5350000000017,Erykah Badu,I Want You,r&b/soul,2296.317500000001,Fat Joe,Preacher On A Sunday Morning,hip hop,0.686505395893889,Ayo,Only You,r&b/soul,0.6764096026138853,Y&T,Beautiful Dreamer,rock,0.6739731453621975,Fat Joe,Preacher On A Sunday Morning,hip hop,0.6963398906057763,Ayo,Only You,r&b/soul,0.6852653143008917,Y&T,Beautiful Dreamer,rock,0.6809746977294956
TRUUBKE128F426F5C0,SONBFSZ12AF729E7A3,ARSF0K11187B9AF319,James Taylor,On The 4th of July,folk,Lauryn Hill,Interlude 5,r&b/soul,3136.0,Beastie Boys,B-Boy Bouillabaisse: A.W.O.L. (2009 Digital Remaster),hip hop,2180.0,Ja Rule,One of Us,hip hop,2127.0,Lauryn Hill,Interlude 5,r&b/soul,2795.6000000000035,Ja Rule,One of Us,hip hop,1921.1875000000007,Beastie Boys,B-Boy Bouillabaisse: A.W.O.L. (2009 Digital Remaster),hip hop,1895.33125,Kurt Elling,Moonlight Serenade,jazz,0.6564247701933839,Sebadoh,Showtape '91,electronic,0.6470054100429387,Immortal Technique,The 4th Branch,hip hop,0.6463528621017678,Kurt Elling,Moonlight Serenade,jazz,0.6741126880317854,Sebadoh,Showtape '91,electronic,0.6659066271574315,Immortal Technique,The 4th Branch,hip hop,0.6655735905638792
TRJZYIT128F426D5BE,SONYMBG12CF5826721,ARSF0K11187B9AF319,James Taylor,Company Man,folk,Lauryn Hill,Interlude 5,r&b/soul,4436.0,Twista,I'm A Winner (Amended Album Version),hip hop,3564.0,Michael Jackson,Man In The Mirror,pop,3240.0,Lauryn Hill,Interlude 5,r&b/soul,4112.160000000001,Twista,I'm A Winner (Amended Album Version),hip hop,3352.360000000003,Michael Jackson,Man In The Mirror,pop,2962.360000000003,Jeff Timmons,Can't You See,pop,0.7833967498079518,Ayo,Only You,r&b/soul,0.7690250460497676,HELLYEAH,Nausea,metal,0.7671443386897437,Jeff Timmons,Can't You See,pop,0.7889231788967777,HELLYEAH,Nausea,metal,0.7770988005949183,Ayo,Only You,r&b/soul,0.7767673301754846
TRYOIZM128F14567A0,SODRUMV12A6D4F7A58,ARTBSEF1187FB3CBDE,Jimmy Buffett,Ace,folk,Lauryn Hill,Interlude 5,r&b/soul,2508.0,Beastie Boys,B-Boy Bouillabaisse: A.W.O.L. (2009 Digital Remaster),hip hop,2241.0,Michael Jackson,Man In The Mirror,pop,2060.0,Lauryn Hill,Interlude 5,r&b/soul,2062.7200000000003,Beastie Boys,B-Boy Bouillabaisse: A.W.O.L. (2009 Digital Remaster),hip hop,1868.6224999999952,Michael Jackson,Man In The Mirror,pop,1678.2450000000033,Bellamy Brothers,Old Hippie,country,0.6759179570691175,Suicidal Tendencies,Possessed To Skate,metal,0.6572485236859034,Binary Star,Wolfman Jack,hip hop,0.6500895763653691,Bellamy Brothers,Old Hippie,country,0.6899667082079847,Binary Star,Wolfman Jack,hip hop,0.67493263812083,Suicidal Tendencies,Possessed To Skate,metal,0.6720943098962607
TRQYFLB128E078941E,SOBRYFG12AF72A1BAE,ARGHBVV1187FB4D57A,Ryan Adams,How Do You Keep Love Alive,folk,Lauryn Hill,Interlude 5,r&b/soul,3347.0,Twista,I'm A Winner (Amended Album Version),hip hop,3295.0,Erykah Badu,I Want You,r&b/soul,2643.0,Twista,I'm A Winner (Amended Album Version),hip hop,3066.525,Lauryn Hill,Interlude 5,r&b/soul,2997.400000000001,Erykah Badu,I Want You,r&b/soul,2514.512499999997,The Smashing Pumpkins,The Guns of Love Disastrous,rock,0.6441043207316767,Jim White,Buzzards of Love,folk,0.6376504192751741,Jeff Timmons,Can't You See,pop,0.6358794944887637,The Smashing Pumpkins,The Guns of Love Disastrous,rock,0.6572720253602651,Jim White,Buzzards of Love,folk,0.6544057887647112,Slum Village,Conant Gardens,hip hop,0.6498491137650593
TRZUSDI128F4259806,SOXBQDJ12A6D4F93CC,ARGHBVV1187FB4D57A,Ryan Adams,When The Stars Go Blue,folk,Twista,I'm A Winner (Amended Album Version),hip hop,2749.0,Lauryn Hill,Interlude 5,r&b/soul,2386.0,Erykah Badu,I Want You,r&b/soul,2034.0,Twista,I'm A Winner (Amended Album Version),hip hop,2593.877500000001,Lauryn Hill,Interlude 5,r&b/soul,2148.640000000001,Erykah Badu,I Want You,r&b/soul,1946.7637500000014,Diana Ross,Do You Know Where You're Going To,r&b/soul,0.5674580868569645,Jennifer Lopez,Theme From Mahagony (Do You Know Where You're Going To),electronic,0.5529860298617106,Bon Jovi,Superman Tonight,rock,0.5365564444532811,Diana Ross,Do You Know Where You're Going To,r&b/soul,0.5756519429010702,Jennifer Lopez,Theme From Mahagony (Do You Know Where You're Going To),electronic,0.5616768149120054,Bon Jovi,Superman Tonight,rock,0.5469083387728301
TRWUFEW128F14782F3,SOBCLWO12A6D4F83AD,AR90WS41187FB3F064,Ray LaMontagne,Forever My Friend,folk,Lauryn Hill,Interlude 5,r&b/soul,4171.0,Beastie Boys,B-Boy Bouillabaisse: A.W.O.L. (2009 Digital Remaster),hip hop,3187.0,Eminem,8 Mile,hip hop,3124.0,Lauryn Hill,Interlude 5,r&b/soul,3727.5600000000036,Eminem,8 Mile,hip hop,2844.138749999993,Beastie Boys,B-Boy Bouillabaisse: A.W.O.L. (2009 Digital Remaster),hip hop,2816.161249999997,The Tear Garden,Judgement Hour,electronic,0.6032377995339927,Demi Lovato,This Is Me (Acoustic Full Version),pop,0.6027426520047567,The Thermals,Time to Lose,punk,0.6026333497750034,The Tear Garden,Judgement Hour,electronic,0.6235777533283492,Demi Lovato,This Is Me (Acoustic Full Version),pop,0.6204819523891244,Bowling For Soup,Boulevard,punk,0.6155496935042378
TRPZXTD128F14856D4,SOFZRDV12A6D4FACB1,AR90WS41187FB3F064,Ray LaMontagne,How Come [Acoustic Mix],folk,Lauryn Hill,Interlude 5,r&b/soul,3048.0,Beastie Boys,B-Boy Bouillabaisse: A.W.O.L. (2009 Digital Remaster),hip hop,2639.0,Eminem,8 Mile,hip hop,2166.0,Lauryn Hill,Interlude 5,r&b/soul,2694.7199999999993,Beastie Boys,B-Boy Bouillabaisse: A.W.O.L. (2009 Digital Remaster),hip hop,2343.559999999996,Eminem,8 Mile,hip hop,1943.0400000000027,Nick Cave & The Bad Seeds,Midnight Man,rock,0.5627382432242967,Interpol,Pace Is The Trick,rock,0.5611403390898285,Beastie Boys,B-Boy Bouillabaisse: A.W.O.L. (2009 Digital Remaster),hip hop,0.555408385517161,Nick Cave & The Bad Seeds,Midnight Man,rock,0.5852238166776126,Beastie Boys,B-Boy Bouillabaisse: A.W.O.L. (2009 Digital Remaster),hip hop,0.5836354299324463,Fugees (Tranzlator Crew),Temple,hip hop,0.5818670194058317
TRIOKOC128F4267572,SOIOLFS12D021989DD,ARTQ8QP1187FB3D220,Leonard Cohen,Chelsea Hotel #2,folk,Lauryn Hill,Interlude 5,r&b/soul,6689.0,Twista,I'm A Winner (Amended Album Version),hip hop,5830.0,Erykah Badu,I Want You,r&b/soul,4980.0,Lauryn Hill,Interlude 5,r&b/soul,6297.080000000003,Twista,I'm A Winner (Amended Album Version),hip hop,5573.867500000003,Erykah Badu,I Want You,r&b/soul,4835.958750000001,Harry Belafonte,Angelina,latin,0.8419100364972352,The Blues Brothers,Everybody Needs Somebody To Love,blues,0.8379721205027777,Bob Dylan,One Of Us Must Know (Sooner Or Later),folk,0.8194665364814021,Harry Belafonte,Angelina,latin,0.8471485144612962,The Blues Brothers,Everybody Needs Somebody To Love,blues,0.8431146149360579,Bob Dylan,One Of Us Must Know (Sooner Or Later),folk,0.8255527888645763
TREBQMO128F42828DB,SOOHIHR12AF72A7053,ARIDDOM1187B9A1360,We Are Scientists,Lethal Enforcer (Live From Union Chapel_ London),folk,Lauryn Hill,Interlude 5,r&b/soul,4731.0,Twista,I'm A Winner (Amended Album Version),hip hop,3964.0,Beastie Boys,B-Boy Bouillabaisse: A.W.O.L. (2009 Digital Remaster),hip hop,3735.0,Lauryn Hill,Interlude 5,r&b/soul,4302.279999999999,Twista,I'm A Winner (Amended Album Version),hip hop,3683.817499999985,Vanilla Ice,Ice Is Workin' It,hip hop,3496.290000000003,Blues Traveler,Hook,blues,0.6808831495857783,Greeley Estates,This Song Goes Out To (Album Version),punk,0.6728202770664742,Tristan Prettyman,War Out Of Peace,folk,0.6695478507569059,Blues Traveler,Hook,blues,0.6948590830891974,Murs,You & I,hip hop,0.6849975944183156,Tristan Prettyman,War Out Of Peace,folk,0.6838619934925734
TRIQKDQ128F146F504,SOVWOMM12A6D4F8484,ARCJKV91187FB46210,KT Tunstall,Change,folk,Lauryn Hill,Interlude 5,r&b/soul,3840.0,Erykah Badu,I Want You,r&b/soul,3147.0,Beastie Boys,B-Boy Bouillabaisse: A.W.O.L. (2009 Digital Remaster),hip hop,3129.0,Lauryn Hill,Interlude 5,r&b/soul,3516.160000000001,Erykah Badu,I Want You,r&b/soul,3027.980000000002,Beastie Boys,B-Boy Bouillabaisse: A.W.O.L. (2009 Digital Remaster),hip hop,2858.180000000003,Bouncing Souls_ The,Pervert,electronic,0.7534982285256862,Cherish,Oooh,r&b/soul,0.7449380765193726,Matt Nathanson,More Than This,folk,0.7408473371049459,Bouncing Souls_ The,Pervert,electronic,0.7621562886148283,Cherish,Oooh,r&b/soul,0.7529615521109958,Matt Nathanson,More Than This,folk,0.7502234885264435
TRBFURI128F1455498,SOLMCFH12A58A7FACE,ARCJKV91187FB46210,KT Tunstall,Under The Weather,folk,Lauryn Hill,Interlude 5,r&b/soul,3820.0,Twista,I'm A Winner (Amended Album Version),hip hop,3403.0,Beastie Boys,B-Boy Bouillabaisse: A.W.O.L. (2009 Digital Remaster),hip hop,3189.0,Lauryn Hill,Interlude 5,r&b/soul,3490.64,Twista,I'm A Winner (Amended Album Version),hip hop,3187.7524999999964,Beastie Boys,B-Boy Bouillabaisse: A.W.O.L. (2009 Digital Remaster),hip hop,2913.5637499999953,Eagles Of Death Metal,Already Died,rock,0.723179547491723,Soul Asylum,Stranger,rock,0.7166639685347178,Conway Twitty,Where I Stand,country,0.6976664602578648,Eagles Of Death Metal,Already Died,rock,0.7325690820752915,Soul Asylum,Stranger,rock,0.7278528371557337,Conway Twitty,Where I Stand,country,0.708217848970303
TRVLECJ128E078235B,SOSJLXU12A6310F2B2,AR0L04E1187B9AE90C,The Verve,So Sister,folk,Beastie Boys,B-Boy Bouillabaisse: A.W.O.L. (2009 Digital Remaster),hip hop,5200.0,Lauryn Hill,Interlude 5,r&b/soul,4868.0,Erykah Badu,I Want You,r&b/soul,4562.0,Beastie Boys,B-Boy Bouillabaisse: A.W.O.L. (2009 Digital Remaster),hip hop,4841.471249999997,Lauryn Hill,Interlude 5,r&b/soul,4439.279999999999,Erykah Badu,I Want You,r&b/soul,4404.433750000012,A Tribe Called Quest,Hot Sex,hip hop,0.7770050661458132,Cherish,Oooh,r&b/soul,0.7470661000618821,Less Than Jake,I Think I Love You,reggae,0.7283906212623198,A Tribe Called Quest,Hot Sex,hip hop,0.7842282792838822,Cherish,Oooh,r&b/soul,0.7541778427106477,Less Than Jake,I Think I Love You,reggae,0.7360537918528917
TRMLKKJ128E0798A59,SONNMHJ12A67AE098E,AR8886N1187B9B330A,Liz Phair,Lost Tonight,folk,Lauryn Hill,Interlude 5,r&b/soul,5305.0,Twista,I'm A Winner (Amended Album Version),hip hop,4323.0,Erykah Badu,I Want You,r&b/soul,3824.0,Lauryn Hill,Interlude 5,r&b/soul,4938.839999999998,Twista,I'm A Winner (Amended Album Version),hip hop,4083.7025000000044,Erykah Badu,I Want You,r&b/soul,3689.426249999994,Black Eyed Peas,Sexy,hip hop,0.7484415930715236,Lauryn Hill,Interlude 1,r&b/soul,0.7453642964459308,Eric B. & Rakim,I Know You Got Soul,hip hop,0.7401118409903445,Black Eyed Peas,Sexy,hip hop,0.7595398537227716,Lauryn Hill,Interlude 1,r&b/soul,0.7562653547560878,Eric B. & Rakim,I Know You Got Soul,hip hop,0.7505309506646636
TRYBZQD12903CD1380,SONJLBP12AB018A66C,AR9UC071187B9B76FD,The Pogues,Sunnyside Of The Street,folk,Beastie Boys,B-Boy Bouillabaisse: A.W.O.L. (2009 Digital Remaster),hip hop,2505.0,Eminem,8 Mile,hip hop,2269.0,Lauryn Hill,Interlude 5,r&b/soul,2189.0,Beastie Boys,B-Boy Bouillabaisse: A.W.O.L. (2009 Digital Remaster),hip hop,2315.733749999998,Eminem,8 Mile,hip hop,2126.16625,Lauryn Hill,Interlude 5,r&b/soul,1962.6799999999992,Charlotte Martin,In Parentheses,rock,0.7842984035407897,RODNEY CROWELL,Preachin' To The Choir,country,0.7796691403611449,Common,Book Of Life,hip hop,0.7784546780980046,Charlotte Martin,In Parentheses,rock,0.7923614115045462,RODNEY CROWELL,Preachin' To The Choir,country,0.7890104881257605,Josh Martinez,Tour is War,hip hop,0.7880236809033332
TRHYZQR128F428F5C5,SOAWESO12A8C13AC4E,ARRH63Y1187FB47783,Kanye West,Can't Tell Me Nothing,hip hop,Lauryn Hill,Interlude 5,r&b/soul,8750.0,Twista,I'm A Winner (Amended Album Version),hip hop,7472.0,Beastie Boys,B-Boy Bouillabaisse: A.W.O.L. (2009 Digital Remaster),hip hop,6899.0,Lauryn Hill,Interlude 5,r&b/soul,7863.120000000004,Twista,I'm A Winner (Amended Album Version),hip hop,6892.395,Abba,Move On,pop,6362.577500000001,Pat Travers,I La La La Love You,blues,0.6925987322478199,Puressence,India,classical,0.6888713211656355,Grand Puba,Very Special (LP Version),hip hop,0.672007369289719,Puressence,India,classical,0.7024266522111294,Pat Travers,I La La La Love You,blues,0.7011174828583588,Grand Puba,Very Special (LP Version),hip hop,0.6912566449605438
TRPQDHV128E07845CB,SOWZAHB12AF72A4B46,ARRH63Y1187FB47783,Kanye West,Graduation Day,hip hop,Lauryn Hill,Interlude 5,r&b/soul,3980.0,Twista,I'm A Winner (Amended Album Version),hip hop,3177.0,Erykah Badu,I Want You,r&b/soul,2856.0,Lauryn Hill,Interlude 5,r&b/soul,3672.719999999996,Twista,I'm A Winner (Amended Album Version),hip hop,2976.182499999998,Erykah Badu,I Want You,r&b/soul,2743.0662500000017,Immortal Technique,Crossing the Boundary,hip hop,0.7823577457682078,Clawfinger,Revenge,metal,0.7586942459881054,Harry Belafonte,Angelina,latin,0.7579775378434868,Immortal Technique,Crossing the Boundary,hip hop,0.7942108846996822,Clawfinger,Revenge,metal,0.7679399302907091,Harry Belafonte,Angelina,latin,0.7675755335260797
TRHAGFQ128F428B8EA,SOLBUFV12A67020A39,ARRH63Y1187FB47783,Kanye West,Wake Up Mr. West,hip hop,Lauryn Hill,Interlude 5,r&b/soul,2853.0,Twista,I'm A Winner (Amended Album Version),hip hop,2582.0,Erykah Badu,I Want You,r&b/soul,2236.0,Lauryn Hill,Interlude 5,r&b/soul,2624.84,Twista,I'm A Winner (Amended Album Version),hip hop,2432.889999999999,Erykah Badu,I Want You,r&b/soul,2152.1449999999995,Todd Snider,Looking For A Job,country,0.705380312309066,Harry Belafonte,Angelina,latin,0.7048338001882191,Shannon McNally,Down And Dirty,blues,0.6976273475421826,Todd Snider,Looking For A Job,country,0.718813276487547,Harry Belafonte,Angelina,latin,0.715868751350209,Obie Trice,Hoodrats,hip hop,0.7083972352800746
TRQXYGU128E079236A,SOIJTSI12A6701FD8B,ARTDQRC1187FB4EFD4,Black Eyed Peas,A8,hip hop,Lauryn Hill,Interlude 5,r&b/soul,16403.0,Twista,I'm A Winner (Amended Album Version),hip hop,13125.0,Erykah Badu,I Want You,r&b/soul,11110.0,Lauryn Hill,Interlude 5,r&b/soul,15326.599999999999,Twista,I'm A Winner (Amended Album Version),hip hop,12421.537499999999,Erykah Badu,I Want You,r&b/soul,10714.393750000008,Jeff Timmons,Can't You See,pop,0.7695401493939122,The Blues Brothers,Everybody Needs Somebody To Love,blues,0.7644836441216571,The Berzerker,All About You,metal,0.7629142957633493,Jeff Timmons,Can't You See,pop,0.775640173200905,The Blues Brothers,Everybody Needs Somebody To Love,blues,0.7724608046830249,The Berzerker,All About You,metal,0.77028834503191
TRBUESY128F92F81F6,SOVVVXC12AB017F162,ARTDQRC1187FB4EFD4,Black Eyed Peas,Boom Boom Guetta,hip hop,Slick Rick,Let's Get Crazy,hip hop,5646.0,Twista,I'm A Winner (Amended Album Version),hip hop,5165.0,Calvin Harris,The Girls,electronic,4988.0,Slick Rick,Let's Get Crazy,hip hop,5495.672499999968,Calvin Harris,The Girls,electronic,4821.57999999997,Twista,I'm A Winner (Amended Album Version),hip hop,4787.415,Slick Rick,Let's Get Crazy,hip hop,0.7763683564334068,Esmée Denters,Getting Over You,r&b/soul,0.5809463170148278,The Rolling Stones,Fight (1994 Digital Remaster),rock,0.5719654414363874,Slick Rick,Let's Get Crazy,hip hop,0.7809157463430818,Esmée Denters,Getting Over You,r&b/soul,0.5910307485315972,The Rolling Stones,Fight (1994 Digital Remaster),rock,0.5821427032702406
TRPDBLM128E0792367,SOZRPOY12A8C1455F5,ARTDQRC1187FB4EFD4,Black Eyed Peas,Communication,hip hop,Lauryn Hill,Interlude 5,r&b/soul,7908.0,Daft Punk,Touch It / Technologic,electronic,6512.0,Vanilla Ice,Ice Is Workin' It,hip hop,6373.0,Lauryn Hill,Interlude 5,r&b/soul,7092.880000000002,Daft Punk,Touch It / Technologic,electronic,6190.2712499999925,Vanilla Ice,Ice Is Workin' It,hip hop,5987.590000000018,Dilated Peoples,Live On Stage,hip hop,0.708004723505401,Slum Village,Conant Gardens,hip hop,0.6871821591396629,Above The Law,Flow On (Move Me No Mountain),hip hop,0.6815502506040072,Dilated Peoples,Live On Stage,hip hop,0.7203881266821792,Slum Village,Conant Gardens,hip hop,0.7013992079218276,Above The Law,Flow On (Move Me No Mountain),hip hop,0.6962022825726946
TRLINLH128F9346400,SOROKRP12AF729F9B4,ARTDQRC1187FB4EFD4,Black Eyed Peas,One Tribe,hip hop,Ja Rule,One of Us,hip hop,10279.0,Lauryn Hill,Interlude 5,r&b/soul,9253.0,Beastie Boys,B-Boy Bouillabaisse: A.W.O.L. (2009 Digital Remaster),hip hop,5715.0,Ja Rule,One of Us,hip hop,9642.649999999989,Lauryn Hill,Interlude 5,r&b/soul,8200.519999999995,Brand Nubian,All For One (Explicit) (2006 Remastered LP Version),hip hop,5124.069999999999,Cutting Crew,One For The Mockingbird,rock,0.6387809100410825,Avail,N30,punk,0.6258167391979077,Bob Marley & The Wailers,One Love / People Get Ready,reggae,0.5869638593102428,Cutting Crew,One For The Mockingbird,rock,0.6484252929966451,Avail,N30,punk,0.6355929422524544,Bob Marley & The Wailers,One Love / People Get Ready,reggae,0.598910012511148
TREPPUG128F9301FAB,SOBRREA12A6701C403,ARTDQRC1187FB4EFD4,Black Eyed Peas,Sexy,hip hop,Lauryn Hill,Interlude 5,r&b/soul,8731.0,Twista,I'm A Winner (Amended Album Version),hip hop,7236.0,Beastie Boys,B-Boy Bouillabaisse: A.W.O.L. (2009 Digital Remaster),hip hop,6427.0,Lauryn Hill,Interlude 5,r&b/soul,8064.9199999999955,Twista,I'm A Winner (Amended Album Version),hip hop,6800.694999999993,Beastie Boys,B-Boy Bouillabaisse: A.W.O.L. (2009 Digital Remaster),hip hop,5869.9724999999935,Kat DeLuna,Run The Show,r&b/soul,0.7988137786752565,Natasha Bedingfield,Stumble,pop,0.792816749515401,The Zutons,What's Your Problem,rock,0.7910204605077439,Kat DeLuna,Run The Show,r&b/soul,0.8086650794028996,Natasha Bedingfield,Stumble,pop,0.8013219695593266,Anastacia,Club Megamix,rock,0.7996723191919811
TRBBVNR128E078E1E4,SOCMYLF12A67020A4D,ARTDQRC1187FB4EFD4,Black Eyed Peas,Tell Your Momma Come,hip hop,Lauryn Hill,Interlude 5,r&b/soul,6243.0,Vanilla Ice,It's A Party,hip hop,5347.0,Marques Houston,Cancel (Album Version),r&b/soul,4786.0,Lauryn Hill,Interlude 5,r&b/soul,5490.439999999997,Vanilla Ice,It's A Party,hip hop,5002.417500000011,Marques Houston,Cancel (Album Version),r&b/soul,4529.863750000003,Nick Cave & The Bad Seeds,Midnight Man,rock,0.5732986916526958,Misery Speaks,Sounds Of Brutality,metal,0.5566868914053553,Dungeon Family,Trans DF Express,r&b/soul,0.5504982982156562,Nick Cave & The Bad Seeds,Midnight Man,rock,0.5903315118479259,Misery Speaks,Sounds Of Brutality,metal,0.5711604400355598,Dungeon Family,Trans DF Express,r&b/soul,0.5694203753612118
TRTJVGX128E078EB1C,SOUNVLC12A6701C406,ARTDQRC1187FB4EFD4,Black Eyed Peas,The Apl Song,hip hop,Lauryn Hill,Interlude 5,r&b/soul,2904.0,Beastie Boys,B-Boy Bouillabaisse: A.W.O.L. (2009 Digital Remaster),hip hop,2547.0,Twista,I'm A Winner (Amended Album Version),hip hop,2255.0,Lauryn Hill,Interlude 5,r&b/soul,2521.280000000002,Beastie Boys,B-Boy Bouillabaisse: A.W.O.L. (2009 Digital Remaster),hip hop,2226.9400000000023,Vanilla Ice,Ice Is Workin' It,hip hop,2015.0400000000004,Lost Boyz,Keep It Real,hip hop,0.6453813894774352,Souls Of Mischief,Fa Sho Fo Real,hip hop,0.6249810593350296,Dead Prez,Fucked Up,hip hop,0.6212271001065154,Lost Boyz,Keep It Real,hip hop,0.6706259924490934,Souls Of Mischief,Fa Sho Fo Real,hip hop,0.6540992986714538,Dead Prez,Fucked Up,hip hop,0.6469686558533245
TRDJOCY128F4294CD5,SOTHRKJ12A6701C2D8,ARRH63Y1187FB47783,Kanye West,Diamonds From Sierra Leone,hip hop,Lauryn Hill,Interlude 5,r&b/soul,7877.0,Beastie Boys,B-Boy Bouillabaisse: A.W.O.L. (2009 Digital Remaster),hip hop,6292.0,Twista,I'm A Winner (Amended Album Version),hip hop,5811.0,Lauryn Hill,Interlude 5,r&b/soul,6927.5599999999995,Beastie Boys,B-Boy Bouillabaisse: A.W.O.L. (2009 Digital Remaster),hip hop,5498.005000000005,Twista,I'm A Winner (Amended Album Version),hip hop,5190.509999999996,Onyx,Onyx Is Back,hip hop,0.6774987218359217,Archers Of Loaf,Web In Front,rock,0.5897832951715122,Chrisette Michele,All I Ever Think About,r&b/soul,0.5807370983004027,Onyx,Onyx Is Back,hip hop,0.6965440087632736,Archers Of Loaf,Web In Front,rock,0.6087633742965205,Chrisette Michele,All I Ever Think About,r&b/soul,0.6018680423221451
TREADOS128E078EC1F,SORAWSB12A6701FBC8,ARTH9041187FB43E1F,Eminem,If I Had,hip hop,Lauryn Hill,Interlude 5,r&b/soul,9605.0,Beastie Boys,B-Boy Bouillabaisse: A.W.O.L. (2009 Digital Remaster),hip hop,9469.0,Eminem,8 Mile,hip hop,8214.0,Beastie Boys,B-Boy Bouillabaisse: A.W.O.L. (2009 Digital Remaster),hip hop,8578.063750000007,Lauryn Hill,Interlude 5,r&b/soul,8539.639999999998,Eminem,8 Mile,hip hop,7541.636249999993,Skip James,I'm So Glad,blues,0.7339131273986789,Clipse,Freedom,hip hop,0.6942984443687412,Swollen Members,Concerto,hip hop,0.6889559816502863,Skip James,I'm So Glad,blues,0.7344757735871994,Clipse,Freedom,hip hop,0.7108053288697619,Swollen Members,Concerto,hip hop,0.7058563994824767
TRHPAVK128E078EC9C,SOKJZZN12A6701C77A,ARTH9041187FB43E1F,Eminem,Ken Kaniff,hip hop,Lauryn Hill,Interlude 5,r&b/soul,8216.0,Beastie Boys,B-Boy Bouillabaisse: A.W.O.L. (2009 Digital Remaster),hip hop,7588.0,Eminem,8 Mile,hip hop,6209.0,Lauryn Hill,Interlude 5,r&b/soul,7308.880000000001,Beastie Boys,B-Boy Bouillabaisse: A.W.O.L. (2009 Digital Remaster),hip hop,6829.396249999989,Eminem,8 Mile,hip hop,5636.503750000001,Madness,Cardiac Arrest,reggae,0.7270522887070988,K'Naan,Voices In My Head,hip hop,0.7269704479576512,Organized Konfusion,Releasing Hypnotical Gases,hip hop,0.7257340005560228,Madness,Cardiac Arrest,reggae,0.7456132409803983,Organized Konfusion,Releasing Hypnotical Gases,hip hop,0.7442381017090358,Saul Williams,Elohim (1972),hip hop,0.7412218710825725
TRGLNKG128F9307689,SOFVLYU12AB017F502,ARTH9041187FB43E1F,Eminem,My Darling,hip hop,Lauryn Hill,Interlude 5,r&b/soul,22766.0,Twista,I'm A Winner (Amended Album Version),hip hop,18521.0,Beastie Boys,B-Boy Bouillabaisse: A.W.O.L. (2009 Digital Remaster),hip hop,16797.0,Lauryn Hill,Interlude 5,r&b/soul,21108.15999999998,Twista,I'm A Winner (Amended Album Version),hip hop,17437.547500000004,Beastie Boys,B-Boy Bouillabaisse: A.W.O.L. (2009 Digital Remaster),hip hop,15410.586250000002,Kevin Devine,Fever Moon,folk,0.8462124674347401,Clawfinger,Revenge,metal,0.8416920316225485,The Inchtabokatables,Underdrive,rock,0.839301064052874,Kevin Devine,Fever Moon,folk,0.8531169870408263,Clawfinger,Revenge,metal,0.8474561027279263,The Inchtabokatables,Underdrive,rock,0.8437087151733264
TRCHZXW128E079288A,SOMEJDK12D0219BB71,ARTH9041187FB43E1F,Eminem,8 Mile,hip hop,Beastie Boys,B-Boy Bouillabaisse: A.W.O.L. (2009 Digital Remaster),hip hop,17013.0,Lauryn Hill,Interlude 5,r&b/soul,16626.0,Twista,I'm A Winner (Amended Album Version),hip hop,14068.0,Beastie Boys,B-Boy Bouillabaisse: A.W.O.L. (2009 Digital Remaster),hip hop,15583.50125,Lauryn Hill,Interlude 5,r&b/soul,14916.640000000001,Mario Vazquez,Everytime I...,r&b/soul,13159.437499999973,Common,Book Of Life,hip hop,0.8921928015781531,Eminem,Rabbit Run,hip hop,0.8693785025650046,Gang Starr,Gotta Get Over (Taking Loot) (Explicit),hip hop,0.8653391439458366,Common,Book Of Life,hip hop,0.896699433811434,Eminem,Rabbit Run,hip hop,0.8769762457980983,Gang Starr,Gotta Get Over (Taking Loot) (Explicit),hip hop,0.8727866174428162
TRCDLUM128F9331CA9,SOOOJWM12A8C13AC0E,ARPDVPJ1187B9ADBE9,Usher,Love Was Here,hip hop,Lauryn Hill,Interlude 5,r&b/soul,7931.0,Twista,I'm A Winner (Amended Album Version),hip hop,7167.0,Erykah Badu,I Want You,r&b/soul,6340.0,Lauryn Hill,Interlude 5,r&b/soul,7277.800000000001,Twista,I'm A Winner (Amended Album Version),hip hop,6740.112499999992,Erykah Badu,I Want You,r&b/soul,6099.931249999983,The Jeff Healey Band,You're Coming Home,blues,0.7483436842603673,Marques Houston,Naked,r&b/soul,0.7201320871740203,Gotye,Coming Back,rock,0.7148908365381266,The Jeff Healey Band,You're Coming Home,blues,0.759042196768557,Marques Houston,Naked,r&b/soul,0.7339754351838812,Gotye,Coming Back,rock,0.7278671472553035
TRPMNRL128F9302AD7,SOEVGOY12AB0181053,ARCGJ6U1187FB4D01F,Akon,Be With You,hip hop,Lauryn Hill,Interlude 5,r&b/soul,14362.0,Beastie Boys,B-Boy Bouillabaisse: A.W.O.L. (2009 Digital Remaster),hip hop,11253.0,Twista,I'm A Winner (Amended Album Version),hip hop,11057.0,Lauryn Hill,Interlude 5,r&b/soul,13482.480000000001,Beastie Boys,B-Boy Bouillabaisse: A.W.O.L. (2009 Digital Remaster),hip hop,10517.477499999999,Twista,I'm A Winner (Amended Album Version),hip hop,10482.205000000018,Clawfinger,Revenge,metal,0.8135375366003703,Machinemade God,With You,metal,0.7757605977112689,Boyz II Men,Could It Be I'm Falling In Love,r&b/soul,0.7635556890909754,Clawfinger,Revenge,metal,0.819537726220782,Machinemade God,With You,metal,0.7824318819588947,Boyz II Men,Could It Be I'm Falling In Love,r&b/soul,0.7706665638678859
TRRIRMX128F92E6272,SOILRPD12A6701E38C,ARCGJ6U1187FB4D01F,Akon,Locked Up,hip hop,Ice Cube,When I Get To Heaven (Remix) (Explicit),hip hop,8786.0,Danity Kane,Hold Me Down (Album Version),r&b/soul,6272.0,Beastie Boys,B-Boy Bouillabaisse: A.W.O.L. (2009 Digital Remaster),hip hop,6231.0,Ice Cube,When I Get To Heaven (Remix) (Explicit),hip hop,8471.776249999999,Britney Spears,Let Me Be,pop,5912.842500000017,Danity Kane,Hold Me Down (Album Version),r&b/soul,5865.3575000000155,Ice Cube,When I Get To Heaven (Remix) (Explicit),hip hop,0.6788456750240714,JET,Let Me Out,rock,0.6362666877782919,Tommy Castro,Nasty Habits,blues,0.6321070553838362,Ice Cube,When I Get To Heaven (Remix) (Explicit),hip hop,0.6865571612397183,JET,Let Me Out,rock,0.6459752707942557,Tommy Castro,Nasty Habits,blues,0.641198889310491
TRCEYQJ128E07862DE,SOAUEBB12A67020DC4,ARLGIX31187B9AE9A0,Jay-Z,So Ghetto,hip hop,Lauryn Hill,Interlude 5,r&b/soul,8107.0,Beastie Boys,B-Boy Bouillabaisse: A.W.O.L. (2009 Digital Remaster),hip hop,7905.0,Eminem,8 Mile,hip hop,7155.0,Lauryn Hill,Interlude 5,r&b/soul,7164.919999999999,Beastie Boys,B-Boy Bouillabaisse: A.W.O.L. (2009 Digital Remaster),hip hop,7117.159999999995,Eminem,8 Mile,hip hop,6560.439999999999,Amel Larrieux,lucky to be me,jazz,0.7741734030921311,Sage Francis,Keep Moving,hip hop,0.7599273913551394,Ledisi,Best Friend,r&b/soul,0.7494190681785059,Amel Larrieux,lucky to be me,jazz,0.77977202325625,Sage Francis,Keep Moving,hip hop,0.7744778017557445,Ledisi,Best Friend,r&b/soul,0.7597862287839753
TRZGUNN128E07862F7,SOGFJJE12A58A80C35,ARLGIX31187B9AE9A0,Jay-Z,Heart Of The City (Ain't No Love),hip hop,Lauryn Hill,Interlude 5,r&b/soul,7878.0,Beastie Boys,B-Boy Bouillabaisse: A.W.O.L. (2009 Digital Remaster),hip hop,7351.0,Eminem,8 Mile,hip hop,6530.0,Lauryn Hill,Interlude 5,r&b/soul,7037.119999999988,Beastie Boys,B-Boy Bouillabaisse: A.W.O.L. (2009 Digital Remaster),hip hop,6647.7912499999975,Eminem,8 Mile,hip hop,5999.308750000009,Anastacia,Club Megamix,rock,0.7728379195250772,Ledisi,Best Friend,r&b/soul,0.769835828832659,Lil Wyte,Ten Toes Tall,hip hop,0.7569565729674572,Anastacia,Club Megamix,rock,0.7862626433588975,Ledisi,Best Friend,r&b/soul,0.7792451081910555,Lil Wyte,Ten Toes Tall,hip hop,0.7731535716743303
TRTVTYS128E0792887,SORCZHK12A6701FFB0,ARTH9041187FB43E1F,Eminem,Rabbit Run,hip hop,Lauryn Hill,Interlude 5,r&b/soul,10439.0,Beastie Boys,B-Boy Bouillabaisse: A.W.O.L. (2009 Digital Remaster),hip hop,9936.0,Twista,I'm A Winner (Amended Album Version),hip hop,9500.0,Lauryn Hill,Interlude 5,r&b/soul,9441.72,Beastie Boys,B-Boy Bouillabaisse: A.W.O.L. (2009 Digital Remaster),hip hop,9101.9975,Twista,I'm A Winner (Amended Album Version),hip hop,8848.244999999999,Eminem,8 Mile,hip hop,0.869378502565011,Common,Book Of Life,hip hop,0.8506579041417849,RODNEY CROWELL,Preachin' To The Choir,country,0.8415246429452589,Eminem,8 Mile,hip hop,0.8769762457980983,Common,Book Of Life,hip hop,0.8573360919159411,RODNEY CROWELL,Preachin' To The Choir,country,0.849360414465328
TRBEBJO128C719646B,SORXHBR12AF72A5DA5,ARCBD0U1187FB466EF,Nelly,Splurge,hip hop,Lauryn Hill,Interlude 5,r&b/soul,20757.0,Beastie Boys,B-Boy Bouillabaisse: A.W.O.L. (2009 Digital Remaster),hip hop,16731.0,Twista,I'm A Winner (Amended Album Version),hip hop,16494.0,Lauryn Hill,Interlude 5,r&b/soul,19408.279999999988,Twista,I'm A Winner (Amended Album Version),hip hop,15612.567499999994,Beastie Boys,B-Boy Bouillabaisse: A.W.O.L. (2009 Digital Remaster),hip hop,15603.096250000002,Remy Ma,I'm,hip hop,0.8464237494375435,Kool Moe Dee,Bad Mutha,hip hop,0.8451237364280093,Clawfinger,Revenge,metal,0.8434406793283176,Remy Ma,I'm,hip hop,0.8525079920543649,Kool Moe Dee,Bad Mutha,hip hop,0.8516197674376584,Clawfinger,Revenge,metal,0.849029887280976
TRMWYIH128E078DCA6,SOMTUPP12A6701FC38,ARCBD0U1187FB466EF,Nelly,St. Louie,hip hop,Lauryn Hill,Interlude 5,r&b/soul,9575.0,Beastie Boys,B-Boy Bouillabaisse: A.W.O.L. (2009 Digital Remaster),hip hop,7227.0,Twista,I'm A Winner (Amended Album Version),hip hop,6326.0,Lauryn Hill,Interlude 5,r&b/soul,8645.799999999994,Beastie Boys,B-Boy Bouillabaisse: A.W.O.L. (2009 Digital Remaster),hip hop,6449.9312500000015,Twista,I'm A Winner (Amended Album Version),hip hop,5718.7374999999965,Soulja Slim,From What I Was Told,hip hop,0.6727790489311313,DJ Quik,Safe + Sound,hip hop,0.6677099638644228,Blues Traveler,Run Around,blues,0.6628208099188245,Soulja Slim,From What I Was Told,hip hop,0.6956358428070462,DJ Quik,Safe + Sound,hip hop,0.6904687041916838,Blues Traveler,Run Around,blues,0.6844385076896574
TRHXTHR128F145E864,SOTUHWK12A6310D7E5,ARCBD0U1187FB466EF,Nelly,Wrap Sumden,hip hop,Lauryn Hill,Interlude 5,r&b/soul,7411.0,Beastie Boys,B-Boy Bouillabaisse: A.W.O.L. (2009 Digital Remaster),hip hop,6648.0,Eminem,8 Mile,hip hop,5497.0,Lauryn Hill,Interlude 5,r&b/soul,6719.160000000002,Beastie Boys,B-Boy Bouillabaisse: A.W.O.L. (2009 Digital Remaster),hip hop,6069.429999999997,Nelly,Splurge,hip hop,5105.490000000013,Remy Ma,I'm,hip hop,0.8330510814071236,Beastie Boys,B-Boy Bouillabaisse: A.W.O.L. (2009 Digital Remaster),hip hop,0.8251990738049629,Lil Wyte,Ten Toes Tall,hip hop,0.817471011029417,Remy Ma,I'm,hip hop,0.8402796190115877,Beastie Boys,B-Boy Bouillabaisse: A.W.O.L. (2009 Digital Remaster),hip hop,0.8376436529288706,Lil Wyte,Ten Toes Tall,hip hop,0.8305199178109834
TRQRAKE128F9322866,SOJQLHA12AB017F7D4,ARLGIX31187B9AE9A0,Jay-Z,Soon You'll Understand,hip hop,Lauryn Hill,Interlude 5,r&b/soul,16833.0,Twista,I'm A Winner (Amended Album Version),hip hop,14552.0,Erykah Badu,I Want You,r&b/soul,11823.0,Lauryn Hill,Interlude 5,r&b/soul,15670.120000000012,Twista,I'm A Winner (Amended Album Version),hip hop,13792.019999999995,Erykah Badu,I Want You,r&b/soul,11395.609999999997,Clawfinger,Revenge,metal,0.8172833654342354,Chely Wright,Between A Mother And A Child,country,0.8126473257695459,Harry Belafonte,Angelina,latin,0.8017084907007064,Clawfinger,Revenge,metal,0.8240500724231242,Chely Wright,Between A Mother And A Child,country,0.8209644768440513,Harry Belafonte,Angelina,latin,0.8093392605993524
TRCDAUA128E0784644,SOAZMZB12A6701D958,ARLGIX31187B9AE9A0,Jay-Z,Encore,hip hop,Lauryn Hill,Interlude 5,r&b/soul,9611.0,Twista,I'm A Winner (Amended Album Version),hip hop,8460.0,Erykah Badu,I Want You,r&b/soul,6725.0,Lauryn Hill,Interlude 5,r&b/soul,8810.599999999999,Twista,I'm A Winner (Amended Album Version),hip hop,7936.912500000005,Erykah Badu,I Want You,r&b/soul,6430.831249999992,Good Old War,Tell Me (Acoustic),folk,0.8157285543350989,Natasha Bedingfield,Stumble,pop,0.8076014582768106,Beastie Boys,So What'Cha Want (Butt Naked Version) (Explicit) (2009 Digital Remaster),hip hop,0.8069587678611947,Good Old War,Tell Me (Acoustic),folk,0.8259639967078707,Beastie Boys,So What'Cha Want (Butt Naked Version) (Explicit) (2009 Digital Remaster),hip hop,0.8162256778666267,Natasha Bedingfield,Stumble,pop,0.8151545838093671
TRBCPZS128F145ECC1,SOOKDOU12D0219A1C0,ARCBD0U1187FB466EF,Nelly,Say Now,hip hop,Lauryn Hill,Interlude 5,r&b/soul,7559.0,Michael Jackson,Man In The Mirror,pop,6921.0,Fatboy Slim,The Rockafeller Skank,electronic,6009.0,Lauryn Hill,Interlude 5,r&b/soul,6644.520000000001,Michael Jackson,Man In The Mirror,pop,6136.982499999994,Fatboy Slim,The Rockafeller Skank,electronic,5611.400000000008,Bruce Hornsby and the Range,The Red Plains,folk,0.6061194489518096,Blink-182,Online Songs,punk,0.6059385776483648,Ini Kamoze,Here Comes The Hotstepper,reggae,0.5962512597307607,Blink-182,Online Songs,punk,0.6237764408472842,Bruce Hornsby and the Range,The Red Plains,folk,0.6185799010369691,Ini Kamoze,Here Comes The Hotstepper,reggae,0.6064342889763552
TRWFVOW128E0793847,SOZDHYB12A679D7E52,ARZER7I1187FB385AF,Dr. Dre,Been There Done That,hip hop,Lauryn Hill,Interlude 5,r&b/soul,6947.0,Beastie Boys,B-Boy Bouillabaisse: A.W.O.L. (2009 Digital Remaster),hip hop,5817.0,Michael Jackson,Man In The Mirror,pop,5648.0,Lauryn Hill,Interlude 5,r&b/soul,6172.3600000000015,Beastie Boys,B-Boy Bouillabaisse: A.W.O.L. (2009 Digital Remaster),hip hop,5169.186250000004,Michael Jackson,Man In The Mirror,pop,4983.872499999998,Mobb Deep,Live Foul,hip hop,0.6982076517092826,Lost Boyz,Keep It Real,hip hop,0.6381602946481103,OutKast,Claimin' True,hip hop,0.6378632481194199,Mobb Deep,Live Foul,hip hop,0.7168507480305717,Lost Boyz,Keep It Real,hip hop,0.6613645872091801,Souls Of Mischief,Do You Want It?,hip hop,0.6599652717296057
TRWZWOX128F935A084,SOTYTWT12A58A7BBEE,AR9LJ9D1187FB4303D,Sean Kingston,Magical,hip hop,Lauryn Hill,Interlude 5,r&b/soul,5677.0,Stevie Wonder,All Day Sucker,r&b/soul,5057.0,Brick & Lace,Love Is Wicked,r&b/soul,5031.0,Lauryn Hill,Interlude 5,r&b/soul,5062.439999999997,Stevie Wonder,All Day Sucker,r&b/soul,4844.91,Brick & Lace,Love Is Wicked,r&b/soul,4785.5099999999975,Ben E. King,Supernatural Thing Part 1,r&b/soul,0.7067527753415445,Ladyhawke,Love Don't Live Here,electronic,0.6890688376692649,Aretha Franklin,A Deeper Love,r&b/soul,0.6863434513649195,Ben E. King,Supernatural Thing Part 1,r&b/soul,0.7159543389876427,Ladyhawke,Love Don't Live Here,electronic,0.6980204346348534,Aretha Franklin,A Deeper Love,r&b/soul,0.6951663405273613
TRXGBGU128F935A092,SOGKYFP12AB0185ED3,AR9LJ9D1187FB4303D,Sean Kingston,Over,hip hop,Lauryn Hill,Interlude 5,r&b/soul,6535.0,Beastie Boys,B-Boy Bouillabaisse: A.W.O.L. (2009 Digital Remaster),hip hop,5407.0,Twista,I'm A Winner (Amended Album Version),hip hop,5135.0,Lauryn Hill,Interlude 5,r&b/soul,5848.68,Beastie Boys,B-Boy Bouillabaisse: A.W.O.L. (2009 Digital Remaster),hip hop,4833.046249999996,Twista,I'm A Winner (Amended Album Version),hip hop,4686.467500000002,Marilyn Monroe,Do It Again,jazz,0.7160385288649272,Albert Hammond Jr.,Bright Young Thing,rock,0.7033672945159088,Wall Of Voodoo,Do It Again,pop,0.6562499972731518,Marilyn Monroe,Do It Again,jazz,0.734288180086579,Albert Hammond Jr.,Bright Young Thing,rock,0.7169261586694056,Marques Houston,Naked,r&b/soul,0.6744386318958402
TRFKPZK128F935A08D,SOJHMSM12AB0185233,AR9LJ9D1187FB4303D,Sean Kingston,Wrap U Around Me,hip hop,Danity Kane,Hold Me Down (Album Version),r&b/soul,6024.0,Five,That's What You Told Me,pop,5223.0,Lauryn Hill,Interlude 5,r&b/soul,5089.0,Danity Kane,Hold Me Down (Album Version),r&b/soul,5768.250000000026,Five,That's What You Told Me,pop,5011.499999999994,Lauryn Hill,Interlude 5,r&b/soul,4537.000000000015,Diana Krall,Peel Me A Grape,jazz,0.6994488668706793,Jill Scott,He Loves Me (Lyzel In E Flat),r&b/soul,0.6651443334644153,Jeff Buckley,Be Your Husband,blues,0.6415283655082863,Diana Krall,Peel Me A Grape,jazz,0.7042804296396256,Jill Scott,He Loves Me (Lyzel In E Flat),r&b/soul,0.67081577954257,Jeff Buckley,Be Your Husband,blues,0.6507598774277561
TRWVTDX128F931ECEF,SOUOEMP12A8C13866E,ARDDMYP1187B9B8AE4,M.I.A.,Paper Planes,hip hop,Lauryn Hill,Interlude 5,r&b/soul,8072.0,Beastie Boys,B-Boy Bouillabaisse: A.W.O.L. (2009 Digital Remaster),hip hop,7106.0,Twista,I'm A Winner (Amended Album Version),hip hop,5644.0,Lauryn Hill,Interlude 5,r&b/soul,7464.799999999999,Beastie Boys,B-Boy Bouillabaisse: A.W.O.L. (2009 Digital Remaster),hip hop,6598.212500000007,Nelly,Splurge,hip hop,5264.637500000002,Brand Nubian,All For One (Explicit) (2006 Remastered LP Version),hip hop,0.7680797407766811,Remy Ma,I'm,hip hop,0.7608096802470286,The Clash,I Fought The Law,punk,0.7468341453171985,Brand Nubian,All For One (Explicit) (2006 Remastered LP Version),hip hop,0.776999349082176,Remy Ma,I'm,hip hop,0.769496976440744,Big L,Lifestylez Ov Da Poor & Dangerous,hip hop,0.7553429725110976
TRWTZGX128F149535F,SOQFNGB12A6D4FA61E,AR9RYZP1187FB36C6A,Thousand Foot Krutch,Set It Off,hip hop,Lauryn Hill,Interlude 5,r&b/soul,5985.0,Beastie Boys,B-Boy Bouillabaisse: A.W.O.L. (2009 Digital Remaster),hip hop,4891.0,Daft Punk,Touch It / Technologic,electronic,4576.0,Lauryn Hill,Interlude 5,r&b/soul,5214.039999999999,Daft Punk,Touch It / Technologic,electronic,4271.701250000006,Beastie Boys,B-Boy Bouillabaisse: A.W.O.L. (2009 Digital Remaster),hip hop,4246.263750000002,John Legend,Out Of Sight,r&b/soul,0.6394761374214989,Smif-n-Wessun,LET's GIT IT ON,hip hop,0.623417137308187,Shannon McNally,Miracle Mile,country,0.618303724113028,John Legend,Out Of Sight,r&b/soul,0.6575173470477002,Smif-n-Wessun,LET's GIT IT ON,hip hop,0.6444180361569123,Organized Konfusion,Confrontations,hip hop,0.640770187106105
TRCACEF128F42434D7,SOEFLLL12AF72A15EA,AR7NPRY1187B9ADE15,Ludacris,Ho,hip hop,Lauryn Hill,Interlude 5,r&b/soul,4262.0,Big Bad Voodoo Daddy,Mambo Swing,jazz,3395.0,Beastie Boys,B-Boy Bouillabaisse: A.W.O.L. (2009 Digital Remaster),hip hop,3224.0,Lauryn Hill,Interlude 5,r&b/soul,3798.320000000001,Big Bad Voodoo Daddy,Mambo Swing,jazz,3328.8500000000035,Twista,I'm A Winner (Amended Album Version),hip hop,2874.9699999999984,Big Bad Voodoo Daddy,Mambo Swing,jazz,0.8275470070215415,Gene Autry,Up On The House Top,country,0.6658309762782383,Nina Hagen,Live On Mars,punk,0.42644945064489326,Big Bad Voodoo Daddy,Mambo Swing,jazz,0.8286527685473251,Gene Autry,Up On The House Top,country,0.6742611420066916,Nina Hagen,Live On Mars,punk,0.4323110927386168
TRCQNWN128F92EA07D,SOEARQO12AB017F7F0,ARVTAI41187B9B8B67,Wu-Tang Clan,The What,hip hop,Lauryn Hill,Interlude 5,r&b/soul,5138.0,Twista,I'm A Winner (Amended Album Version),hip hop,4480.0,Beastie Boys,B-Boy Bouillabaisse: A.W.O.L. (2009 Digital Remaster),hip hop,4091.0,Lauryn Hill,Interlude 5,r&b/soul,4569.439999999998,Twista,I'm A Winner (Amended Album Version),hip hop,4108.427500000002,Beastie Boys,B-Boy Bouillabaisse: A.W.O.L. (2009 Digital Remaster),hip hop,3615.5262500000067,Immortal Technique,That's What It Is,hip hop,0.7229745743863888,Aesop Rock,Mars Attacks,hip hop,0.7224920128510334,Cam'Ron,Bubble Music,hip hop,0.7183852001543046,Aesop Rock,Mars Attacks,hip hop,0.7484972895490318,Immortal Technique,That's What It Is,hip hop,0.7442728902025324,Cam'Ron,Bubble Music,hip hop,0.7378569294732891
TRYHHXT128F4276F89,SOKMCHV12D02194FF6,AR23C041187FB4D534,50 Cent,Rowdy Rowdy,hip hop,Lauryn Hill,Interlude 5,r&b/soul,6437.0,Beastie Boys,B-Boy Bouillabaisse: A.W.O.L. (2009 Digital Remaster),hip hop,5453.0,Twista,I'm A Winner (Amended Album Version),hip hop,5239.0,Lauryn Hill,Interlude 5,r&b/soul,5726.760000000001,Beastie Boys,B-Boy Bouillabaisse: A.W.O.L. (2009 Digital Remaster),hip hop,4859.042500000005,Twista,I'm A Winner (Amended Album Version),hip hop,4774.834999999993,Wu-Tang Clan,Da Mystery Of Chessboxin',hip hop,0.7930668090285982,Company Flow,The Fire In Which You Burn (feat. J-Treds & The Brewin From The Juggaknots),hip hop,0.7622132918618644,Def Squad,You Do_ I Do,hip hop,0.7615667137426068,Wu-Tang Clan,Da Mystery Of Chessboxin',hip hop,0.8092966735575772,Company Flow,The Fire In Which You Burn (feat. J-Treds & The Brewin From The Juggaknots),hip hop,0.7825224390980428,Def Squad,You Do_ I Do,hip hop,0.7775343206630656
TRIGDUK128E0784045,SOFXFJC12A6310E2F1,ARZ5H0P1187B98A1DD,Snoop Dogg,Bang Out,hip hop,Lauryn Hill,Interlude 5,r&b/soul,5629.0,Beastie Boys,B-Boy Bouillabaisse: A.W.O.L. (2009 Digital Remaster),hip hop,5095.0,Twista,I'm A Winner (Amended Album Version),hip hop,4948.0,Lauryn Hill,Interlude 5,r&b/soul,4970.279999999999,Beastie Boys,B-Boy Bouillabaisse: A.W.O.L. (2009 Digital Remaster),hip hop,4544.127499999998,Twista,I'm A Winner (Amended Album Version),hip hop,4517.504999999992,Wu-Tang Clan,Uzi,hip hop,0.6536404155780982,Kool Keith,Clifton,hip hop,0.6449039473917946,Lil Wyte,Ten Toes Tall,hip hop,0.6448174644826868,Wu-Tang Clan,Uzi,hip hop,0.6788064827768119,Lil Wyte,Ten Toes Tall,hip hop,0.6691453207971828,Kool Keith,Clifton,hip hop,0.6671982078043007
TRNVKOI128E0799173,SOIYRHZ12A67AD8126,ARZ5H0P1187B98A1DD,Snoop Dogg,Snoopafella (Edited),hip hop,Lauryn Hill,Interlude 5,r&b/soul,15031.0,Beastie Boys,B-Boy Bouillabaisse: A.W.O.L. (2009 Digital Remaster),hip hop,13137.0,Twista,I'm A Winner (Amended Album Version),hip hop,11084.0,Lauryn Hill,Interlude 5,r&b/soul,13750.360000000017,Beastie Boys,B-Boy Bouillabaisse: A.W.O.L. (2009 Digital Remaster),hip hop,12066.030000000008,Twista,I'm A Winner (Amended Album Version),hip hop,10247.06,Us3,Goodbye,jazz,0.8616027405496952,King Tee,Act A Fool,hip hop,0.8607171272163124,Beastie Boys,B-Boy Bouillabaisse: A.W.O.L. (2009 Digital Remaster),hip hop,0.8554211356996331,Us3,Goodbye,jazz,0.8702964194888465,King Tee,Act A Fool,hip hop,0.8695694012122461,Beastie Boys,B-Boy Bouillabaisse: A.W.O.L. (2009 Digital Remaster),hip hop,0.8650766272567033
TRLVRJP128F93519FB,SOOENST12AC9E1344B,ARZYMH91187B99CEFC,Atmosphere,Hair,hip hop,Lauryn Hill,Interlude 5,r&b/soul,10509.0,Beastie Boys,B-Boy Bouillabaisse: A.W.O.L. (2009 Digital Remaster),hip hop,9207.0,Twista,I'm A Winner (Amended Album Version),hip hop,7901.0,Lauryn Hill,Interlude 5,r&b/soul,9432.6,Beastie Boys,B-Boy Bouillabaisse: A.W.O.L. (2009 Digital Remaster),hip hop,8306.83125,Twista,I'm A Winner (Amended Album Version),hip hop,7197.537499999999,Eric B. & Rakim,What's On Your Mind,hip hop,0.8046953575223272,Beastie Boys,B-Boy Bouillabaisse: A.W.O.L. (2009 Digital Remaster),hip hop,0.8001580434449247,Example,Birthday Card,hip hop,0.7952730121131881,Eric B. & Rakim,What's On Your Mind,hip hop,0.818815366805303,Beastie Boys,B-Boy Bouillabaisse: A.W.O.L. (2009 Digital Remaster),hip hop,0.8161024490747625,Example,Birthday Card,hip hop,0.8084758026197649
TRBZXAC12903CBB0CE,SOHAYPC12A6D4FB7A7,ARZYMH91187B99CEFC,Atmosphere,Happymess,hip hop,Lauryn Hill,Interlude 5,r&b/soul,10649.0,Beastie Boys,B-Boy Bouillabaisse: A.W.O.L. (2009 Digital Remaster),hip hop,8009.0,Twista,I'm A Winner (Amended Album Version),hip hop,7264.0,Lauryn Hill,Interlude 5,r&b/soul,9844.920000000004,Beastie Boys,B-Boy Bouillabaisse: A.W.O.L. (2009 Digital Remaster),hip hop,7336.566249999996,Twista,I'm A Winner (Amended Album Version),hip hop,6738.507500000002,Murs,You & I,hip hop,0.8130814239195991,Kool Moe Dee,Bad Mutha,hip hop,0.8067309259411554,Remy Ma,I'm,hip hop,0.8017325023759193,Murs,You & I,hip hop,0.824366035372372,Kool Moe Dee,Bad Mutha,hip hop,0.8177630584938008,King Tee,Guitar Playin',hip hop,0.812877151116447
TRUNSXQ128E078B97D,SOALPQQ12A6701F302,ARN0YZ71187B9BA57B,Michael Bublé,Put Your Head On My Shoulder (Album Version),jazz,Lauryn Hill,Interlude 5,r&b/soul,2939.0,Danity Kane,Hold Me Down (Album Version),r&b/soul,2498.0,Five,That's What You Told Me,pop,2452.0,Lauryn Hill,Interlude 5,r&b/soul,2655.64,Danity Kane,Hold Me Down (Album Version),r&b/soul,2366.714999999995,Five,That's What You Told Me,pop,2343.430000000001,Brownstone,Kiss And Tell,r&b/soul,0.6856774468740627,Wang Chung,Hypnotize Me,pop,0.677842457560445,Sharon Jones & The Dap-Kings,Tell Me,r&b/soul,0.671843439612541,Brownstone,Kiss And Tell,r&b/soul,0.6976633312578044,Wang Chung,Hypnotize Me,pop,0.6897901908854601,Sharon Jones & The Dap-Kings,Tell Me,r&b/soul,0.6810213726814099
TRFUJLG128F4255312,SOELKTY12A8C135CCC,ARN0YZ71187B9BA57B,Michael Bublé,Stuck In The Middle With You (Non-Album Track),jazz,Lauryn Hill,Interlude 5,r&b/soul,6146.0,Twista,I'm A Winner (Amended Album Version),hip hop,5387.0,Beastie Boys,B-Boy Bouillabaisse: A.W.O.L. (2009 Digital Remaster),hip hop,5357.0,Lauryn Hill,Interlude 5,r&b/soul,5687.840000000005,Twista,I'm A Winner (Amended Album Version),hip hop,5087.577500000008,Beastie Boys,B-Boy Bouillabaisse: A.W.O.L. (2009 Digital Remaster),hip hop,4973.851249999998,Mac Lethal,Rotten Apple Pie,hip hop,0.8300856592954716,A Tribe Called Quest,Hot Sex,hip hop,0.8245009501149433,Remy Ma,I'm,hip hop,0.8112845791108266,Mac Lethal,Rotten Apple Pie,hip hop,0.837945199176861,A Tribe Called Quest,Hot Sex,hip hop,0.8326642603915566,Remy Ma,I'm,hip hop,0.819070083963102
TRQPMHA128E078B979,SOSHDEL12A6701F300,ARN0YZ71187B9BA57B,Michael Bublé,You'll Never Find Another Love Like Mine (Album Version),jazz,Lauryn Hill,Interlude 5,r&b/soul,8846.0,Twista,I'm A Winner (Amended Album Version),hip hop,8012.0,Eminem,My Darling,hip hop,6826.0,Lauryn Hill,Interlude 5,r&b/soul,8205.679999999997,Twista,I'm A Winner (Amended Album Version),hip hop,7593.529999999994,Eminem,My Darling,hip hop,6434.065000000002,Brett Dennen,When She's Gone,folk,0.7404539621045567,Paul Anka,You Are My Destiny,jazz,0.725983780899779,Phyllis Hyman,Falling Star,r&b/soul,0.7248242380419178,Brett Dennen,When She's Gone,folk,0.7457744617225673,Phyllis Hyman,Falling Star,r&b/soul,0.7317463099137409,Paul Anka,You Are My Destiny,jazz,0.7307450668572184
TRZPSAF128F9349767,SOLOQYJ12AB0188A53,AR20CFC1187B98A25D,Ray Charles,Kiss me baby,jazz,Danity Kane,Hold Me Down (Album Version),r&b/soul,2766.0,Lauryn Hill,Interlude 5,r&b/soul,2715.0,Five,That's What You Told Me,pop,2651.0,Danity Kane,Hold Me Down (Album Version),r&b/soul,2614.254999999999,Five,That's What You Told Me,pop,2525.509999999996,Lauryn Hill,Interlude 5,r&b/soul,2387.4800000000014,Aretha Franklin,All Night Long,jazz,0.6633840411473771,Bo Diddley,I'm Looking For A Woman,blues,0.6163158955966399,Slim Harpo,Late Last Night,blues,0.6136944074496768,Aretha Franklin,All Night Long,jazz,0.6717406806374625,Bo Diddley,I'm Looking For A Woman,blues,0.6271205255021244,Slim Harpo,Late Last Night,blues,0.6246459926082454
TRAEPAC12903CE5DC8,SOELRRQ12AB0188C34,AR20CFC1187B98A25D,Ray Charles,Let's Go,jazz,Lauryn Hill,Interlude 5,r&b/soul,4629.0,Twista,I'm A Winner (Amended Album Version),hip hop,4033.0,Danity Kane,Hold Me Down (Album Version),r&b/soul,3503.0,Lauryn Hill,Interlude 5,r&b/soul,4367.719999999997,Twista,I'm A Winner (Amended Album Version),hip hop,3862.2450000000026,Danity Kane,Hold Me Down (Album Version),r&b/soul,3381.9449999999965,Hilary Duff,Play With Fire,pop,0.83564314886208,Leon Jackson,You Don't Know Me,jazz,0.8186475686719433,Harry Connick_ Jr.,You Don't Know Me,jazz,0.8173676222289026,Hilary Duff,Play With Fire,pop,0.8396840181999419,Leon Jackson,You Don't Know Me,jazz,0.8233483257866896,Harry Connick_ Jr.,You Don't Know Me,jazz,0.8221095552280268
TRMJMVW12903CD44F4,SOZKIGX12D021902C2,AR20CFC1187B98A25D,Ray Charles,Moon Over Miami,jazz,Lauryn Hill,Interlude 5,r&b/soul,628.0,Vanilla Ice,It's A Party,hip hop,436.0,Beastie Boys,B-Boy Bouillabaisse: A.W.O.L. (2009 Digital Remaster),hip hop,412.0,Lauryn Hill,Interlude 5,r&b/soul,526.7999999999993,Vanilla Ice,It's A Party,hip hop,389.6625000000005,The Prodigy,We Gonna Rock,electronic,363.1,Diana Krall,Charmed Life,jazz,0.4406129182014991,Dragonforce,Heart of a Dragon,metal,0.43689036318517005,Chaka Khan,Lullaby Of Birdland,jazz,0.42424669403476245,Diana Krall,Charmed Life,jazz,0.4655051307245378,Dragonforce,Heart of a Dragon,metal,0.45978957318854374,Chaka Khan,Lullaby Of Birdland,jazz,0.45068090520852994
TRBXTYM128F930793B,SOAAYTO12D021B0A4B,AREIN101187FB5A5FA,Nat King Cole,Hit That Jive Jack,jazz,Lauryn Hill,Interlude 5,r&b/soul,5170.0,Beastie Boys,B-Boy Bouillabaisse: A.W.O.L. (2009 Digital Remaster),hip hop,4761.0,Michael Jackson,Man In The Mirror,pop,4288.0,Lauryn Hill,Interlude 5,r&b/soul,4717.359999999998,Beastie Boys,B-Boy Bouillabaisse: A.W.O.L. (2009 Digital Remaster),hip hop,4382.467499999998,Twista,I'm A Winner (Amended Album Version),hip hop,3974.1850000000118,N-Dubz,Sex,hip hop,0.6503563740723305,Juvenile,Around The Way [Explicit Album Version],hip hop,0.6478431455711086,Onyx,The Worst,hip hop,0.6462460748082353,N-Dubz,Sex,hip hop,0.6640112241959808,Juvenile,Around The Way [Explicit Album Version],hip hop,0.6616251667757008,Onyx,The Worst,hip hop,0.6597749337002387
TRFORZM12903CDF88C,SODTNSX12D021979B9,AREIN101187FB5A5FA,Nat King Cole,The Christmas Song,jazz,Lauryn Hill,Interlude 5,r&b/soul,1674.0,Beastie Boys,B-Boy Bouillabaisse: A.W.O.L. (2009 Digital Remaster),hip hop,1136.0,Michael Jackson,Man In The Mirror,pop,944.0,Lauryn Hill,Interlude 5,r&b/soul,1519.4399999999976,Beastie Boys,B-Boy Bouillabaisse: A.W.O.L. (2009 Digital Remaster),hip hop,1006.7449999999999,Michael Jackson,Man In The Mirror,pop,811.4900000000011,Billy Gilman,The Christmas Song,country,0.9497017650005115,Gang Starr,Just To Get A Rep,hip hop,0.6086829337448714,Matisyahu,Close My Eyes,reggae,0.5951070970181489,Billy Gilman,The Christmas Song,country,0.9522158241939748,Gang Starr,Just To Get A Rep,hip hop,0.6323971716269889,Matisyahu,Close My Eyes,reggae,0.6182285620531937
TREMJFY12903CF1630,SOMTUNZ12D021B236A,AREIN101187FB5A5FA,Nat King Cole,Too Young,jazz,Lauryn Hill,Interlude 5,r&b/soul,1400.0,Beastie Boys,B-Boy Bouillabaisse: A.W.O.L. (2009 Digital Remaster),hip hop,806.0,Binary Star,Indy 500,hip hop,714.0,Lauryn Hill,Interlude 5,r&b/soul,1215.9999999999982,Beastie Boys,B-Boy Bouillabaisse: A.W.O.L. (2009 Digital Remaster),hip hop,652.1250000000002,Binary Star,Indy 500,hip hop,622.8750000000003,Dan Hartman,We Are The Young,pop,0.5188348478529496,Carole King,We Are All In This Together,folk,0.5102111362907643,Thought Riot,Save The Humans,punk,0.48157589911254034,Dan Hartman,We Are The Young,pop,0.5324500101412878,Carole King,We Are All In This Together,folk,0.5321206915650755,Thought Riot,Save The Humans,punk,0.5051737784923711
TRKBPHV128F92E3B2D,SOBHTSP12D021B0A27,AREIN101187FB5A5FA,Nat King Cole,Unforgettable,jazz,Lauryn Hill,Interlude 5,r&b/soul,1899.0,Michael Jackson,Man In The Mirror,pop,1525.0,The Pharcyde,Otha Fish,hip hop,1354.0,Lauryn Hill,Interlude 5,r&b/soul,1722.3599999999992,Michael Jackson,Man In The Mirror,pop,1373.560000000001,The Pharcyde,Otha Fish,hip hop,1262.2,Dilated Peoples,Clockwork,hip hop,0.581924750271035,Johnny Mathis,The Windmills Of Your Mind,blues,0.5657645593341247,Michael Bublé,That's All (Album Version),classical,0.5631505296369707,Dilated Peoples,Clockwork,hip hop,0.6016092411518471,Johnny Mathis,The Windmills Of Your Mind,blues,0.5822395834631303,Joe Nichols,Another Side Of You,country,0.5797494446083384
TRHYGVQ12903D046A9,SOEPFCI12AC46877AA,AREIN101187FB5A5FA,Nat King Cole,Autumn Leaves,jazz,Lauryn Hill,Interlude 5,r&b/soul,1572.0,Beastie Boys,B-Boy Bouillabaisse: A.W.O.L. (2009 Digital Remaster),hip hop,1120.0,Twista,I'm A Winner (Amended Album Version),hip hop,1070.0,Lauryn Hill,Interlude 5,r&b/soul,1399.0399999999995,Beastie Boys,B-Boy Bouillabaisse: A.W.O.L. (2009 Digital Remaster),hip hop,975.3575000000008,Eminem,My Darling,hip hop,957.1325000000008,Dawn of Relic,The Awakening,metal,0.5862140234521419,Dusty Springfield,Meditation,jazz,0.5584673794427323,Snog,Into The Light,electronic,0.5510577888746014,Dawn of Relic,The Awakening,metal,0.6035304042203067,Dusty Springfield,Meditation,jazz,0.5788828223712844,311,Firewater,rock,0.5754381238653518
TRWIGSY128F92FE6B6,SOHZWJK12AB017DCF8,AREIN101187FB5A5FA,Nat King Cole,Love Is A Many Splendored Thing,jazz,Lauryn Hill,Interlude 5,r&b/soul,1247.0,Michael Jackson,Man In The Mirror,pop,1090.0,Beastie Boys,B-Boy Bouillabaisse: A.W.O.L. (2009 Digital Remaster),hip hop,1004.0,Lauryn Hill,Interlude 5,r&b/soul,1068.5199999999977,Michael Jackson,Man In The Mirror,pop,936.9825000000019,Beastie Boys,B-Boy Bouillabaisse: A.W.O.L. (2009 Digital Remaster),hip hop,854.7412499999995,Marvin Gaye,That's The Way Love Is,r&b/soul,0.5704907538328311,Bette Midler,The Rose,pop,0.5683491376103943,Giuliano Palma & The Bluebeaters,Somewhere In My Heart,reggae,0.555295220345321,Bette Midler,The Rose,pop,0.5853694070049635,Marvin Gaye,That's The Way Love Is,r&b/soul,0.5849201282374121,Giuliano Palma & The Bluebeaters,Somewhere In My Heart,reggae,0.575161050162068
TRHEGPE128F9311A85,SOHHACX12AB0181443,AREIN101187FB5A5FA,Nat King Cole,Smoke Gets in Your Eyes,jazz,Beastie Boys,B-Boy Bouillabaisse: A.W.O.L. (2009 Digital Remaster),hip hop,1997.0,Lauryn Hill,Interlude 5,r&b/soul,1906.0,Twista,I'm A Winner (Amended Album Version),hip hop,1771.0,Beastie Boys,B-Boy Bouillabaisse: A.W.O.L. (2009 Digital Remaster),hip hop,1810.8112500000022,Lauryn Hill,Interlude 5,r&b/soul,1683.3600000000008,Twista,I'm A Winner (Amended Album Version),hip hop,1625.497500000007,Bryan Ferry,Smoke Gets In Your Eyes,folk,0.9598809690955777,Frenzal Rhomb,I Love Fucking Up,punk,0.6990726697270981,Patsy Cline,I Love You Honey,country,0.69410631118436,Bryan Ferry,Smoke Gets In Your Eyes,folk,0.9615489344015546,Frenzal Rhomb,I Love Fucking Up,punk,0.7078443967508355,Patsy Cline,I Love You Honey,country,0.702430049446232
TRWZCIQ12903C97881,SOKLXSK12A58A7C3DA,AREIN101187FB5A5FA,Nat King Cole,If You Can't Smile And Say Yes,jazz,Lauryn Hill,Interlude 5,r&b/soul,3250.0,R. Kelly,Don't You Say No,r&b/soul,2375.0,Beastie Boys,B-Boy Bouillabaisse: A.W.O.L. (2009 Digital Remaster),hip hop,2150.0,Lauryn Hill,Interlude 5,r&b/soul,2996.0799999999995,R. Kelly,Don't You Say No,r&b/soul,2290.3025000000002,Eminem,My Darling,hip hop,1973.577499999998,R. Kelly,Don't You Say No,r&b/soul,0.7420650301266755,Kelly Price,Don't Say Goodbye,r&b/soul,0.6678917888501971,A Tribe Called Quest,Rap Promoter,hip hop,0.6469414151461151,R. Kelly,Don't You Say No,r&b/soul,0.7486364422954158,Kelly Price,Don't Say Goodbye,r&b/soul,0.6800893517252719,A Tribe Called Quest,Rap Promoter,hip hop,0.6610104303769662
TREENNZ128F145B67D,SOALXFE12A6D4F78B0,AREIN101187FB5A5FA,Nat King Cole,She's Funny That Way,jazz,Lauryn Hill,Interlude 5,r&b/soul,3712.0,Beastie Boys,B-Boy Bouillabaisse: A.W.O.L. (2009 Digital Remaster),hip hop,3221.0,Eminem,My Darling,hip hop,3085.0,Lauryn Hill,Interlude 5,r&b/soul,3424.9599999999973,Beastie Boys,B-Boy Bouillabaisse: A.W.O.L. (2009 Digital Remaster),hip hop,2980.955000000001,Eminem,My Darling,hip hop,2909.3050000000003,Guy Clark,I Don't Love You Much Do I (2007 Remastered LP Version),country,0.8118769735659338,Keyshia Cole,I Changed My Mind,r&b/soul,0.7947174268107954,Anastacia,Club Megamix,rock,0.766260845926835,Guy Clark,I Don't Love You Much Do I (2007 Remastered LP Version),country,0.8169047955167411,Keyshia Cole,I Changed My Mind,r&b/soul,0.8020789901428723,Anastacia,Club Megamix,rock,0.7754714430742043
TRVUYIL128F4275FAD,SOCKFLV12A8C133605,AREIN101187FB5A5FA,Nat King Cole,The Ruby And The Pearl (2003 Digital Remaster),jazz,Lauryn Hill,Interlude 5,r&b/soul,2218.0,Beastie Boys,B-Boy Bouillabaisse: A.W.O.L. (2009 Digital Remaster),hip hop,1625.0,Dilated Peoples,Expansion Team Theme,hip hop,1563.0,Lauryn Hill,Interlude 5,r&b/soul,2019.2800000000025,Dilated Peoples,Expansion Team Theme,hip hop,1490.2349999999876,Beastie Boys,B-Boy Bouillabaisse: A.W.O.L. (2009 Digital Remaster),hip hop,1458.815,Dilated Peoples,Expansion Team Theme,hip hop,0.6324604352912784,Patricia Barber,Phaeton,jazz,0.5745397407741621,Snog,Into The Light,electronic,0.5697915434614342,Dilated Peoples,Expansion Team Theme,hip hop,0.6430775696660427,Patricia Barber,Phaeton,jazz,0.5877345201340949,Snog,Into The Light,electronic,0.5832268370598154
TRHOXSK128F145C9F9,SOLCRAY12A6D4F6095,AREIN101187FB5A5FA,Nat King Cole,The Very Thought Of You,jazz,Lauryn Hill,Interlude 5,r&b/soul,3398.0,Twista,I'm A Winner (Amended Album Version),hip hop,2878.0,Beastie Boys,B-Boy Bouillabaisse: A.W.O.L. (2009 Digital Remaster),hip hop,2441.0,Lauryn Hill,Interlude 5,r&b/soul,3149.5999999999995,Twista,I'm A Winner (Amended Album Version),hip hop,2715.662500000004,Life Without Buildings,New Town,rock,2281.8937500000075,Boyz II Men,Amazed,r&b/soul,0.7350222437746655,7L & Esoteric,Boxcutter Rap,hip hop,0.7197463586373146,Marissa Nadler,Famous Blue Raincoat,folk,0.708860409524065,Boyz II Men,Amazed,r&b/soul,0.7446471259315678,7L & Esoteric,Boxcutter Rap,hip hop,0.7308070669318518,Marissa Nadler,Famous Blue Raincoat,folk,0.7208331122794644
TRETXLU12903CD5688,SOIMSGC12D02198A5A,ARRL2QH1187B9AC814,Bing Crosby,Rudolph The Red-Nosed Reindeer,jazz,Lauryn Hill,Interlude 5,r&b/soul,3806.0,Twista,I'm A Winner (Amended Album Version),hip hop,2567.0,Beastie Boys,B-Boy Bouillabaisse: A.W.O.L. (2009 Digital Remaster),hip hop,2556.0,Lauryn Hill,Interlude 5,r&b/soul,3493.2000000000003,Twista,I'm A Winner (Amended Album Version),hip hop,2362.5749999999975,Beastie Boys,B-Boy Bouillabaisse: A.W.O.L. (2009 Digital Remaster),hip hop,2294.412499999997,Gene Autry,Rudolph The Red Nosed Reindeer,classical,0.758490921489151,Classified,All About U,hip hop,0.7178248063855532,Sara Gazarek,Yours (Live),jazz,0.7009285801973577,Gene Autry,Rudolph The Red Nosed Reindeer,classical,0.7688021592271441,Classified,All About U,hip hop,0.73169100437109,Sara Gazarek,Yours (Live),jazz,0.7139231121911069
TRORBTM128F93368FB,SOBEALQ12AB017EC86,ARBJ22B1187B9AD31C,Norah Jones,December,jazz,Twista,I'm A Winner (Amended Album Version),hip hop,2451.0,Beastie Boys,B-Boy Bouillabaisse: A.W.O.L. (2009 Digital Remaster),hip hop,2307.0,Lauryn Hill,Interlude 5,r&b/soul,2297.0,Twista,I'm A Winner (Amended Album Version),hip hop,2297.080000000004,Beastie Boys,B-Boy Bouillabaisse: A.W.O.L. (2009 Digital Remaster),hip hop,2110.040000000001,Lauryn Hill,Interlude 5,r&b/soul,2061.48,Marilyn Monroe,When I Fall In Love,jazz,0.6581244224660249,Descendents,When I Get Old,punk,0.6524725067505608,Tina Turner,All The Woman (Recorded Live In London '99),pop,0.6520204845866947,Marilyn Monroe,When I Fall In Love,jazz,0.667356774338222,Descendents,When I Get Old,punk,0.6613952399697519,Tina Turner,All The Woman (Recorded Live In London '99),pop,0.6610822342429592
TRFCNIJ128F423F32E,SOTBYQW12A6D4FE74B,ARBJ22B1187B9AD31C,Norah Jones,Don't Know Why (Live),jazz,Beastie Boys,B-Boy Bouillabaisse: A.W.O.L. (2009 Digital Remaster),hip hop,3481.0,Lauryn Hill,Interlude 5,r&b/soul,3363.0,R. Kelly,I Mean (I Don't Mean It),r&b/soul,3249.0,Beastie Boys,B-Boy Bouillabaisse: A.W.O.L. (2009 Digital Remaster),hip hop,3256.3425000000025,R. Kelly,I Mean (I Don't Mean It),r&b/soul,3135.3024999999993,Mario Vazquez,Everytime I...,r&b/soul,3113.8750000000005,Mr. Vegas,I Don't Know Why I Love You,reggae,0.7964535510271367,Millencolin,Random I Am (Album Version),punk,0.775460898396144,Classified,Freezin In The Cold,hip hop,0.7678561831880045,Mr. Vegas,I Don't Know Why I Love You,reggae,0.8008764409912635,Millencolin,Random I Am (Album Version),punk,0.7808365982363298,Classified,Freezin In The Cold,hip hop,0.7738191946775766
TRYNZAL128F1464B5A,SOPHSDC12B0B8081BB,ARBJ22B1187B9AD31C,Norah Jones,Humble Me,jazz,Lauryn Hill,Interlude 5,r&b/soul,5323.0,Twista,I'm A Winner (Amended Album Version),hip hop,5013.0,Danity Kane,Hold Me Down (Album Version),r&b/soul,4160.0,Lauryn Hill,Interlude 5,r&b/soul,4964.200000000002,Twista,I'm A Winner (Amended Album Version),hip hop,4778.512499999993,Danity Kane,Hold Me Down (Album Version),r&b/soul,3993.7624999999975,The Berzerker,All About You,metal,0.8165288629506875,Syleena Johnson,All Of Me,r&b/soul,0.8117365374398715,Midtown,Knew It All Along (Acoustic),folk,0.7895723176353722,The Berzerker,All About You,metal,0.8221052713222236,Syleena Johnson,All Of Me,r&b/soul,0.8171996183834259,Dance Hall Crashers,Othello,reggae,0.7968144145664815
TRNGOHS128E0781235,SOOVFTG12AF72A4B85,ARBJ22B1187B9AD31C,Norah Jones,I've Got To See You Again,jazz,Lauryn Hill,Interlude 5,r&b/soul,3882.0,Twista,I'm A Winner (Amended Album Version),hip hop,3674.0,Beastie Boys,B-Boy Bouillabaisse: A.W.O.L. (2009 Digital Remaster),hip hop,3420.0,Lauryn Hill,Interlude 5,r&b/soul,3582.08,Twista,I'm A Winner (Amended Album Version),hip hop,3477.992499999999,Erykah Badu,I Want You,r&b/soul,3235.7712499999957,Hope Of The States,Sadness On My Back,punk,0.7980600525166122,New Found Glory,I'll Never Love Again,punk,0.7904993524487429,Mario Vazquez,Everytime I...,r&b/soul,0.7705833987088742,Hope Of The States,Sadness On My Back,punk,0.8042621450617822,New Found Glory,I'll Never Love Again,punk,0.79558930609822,Mario Vazquez,Everytime I...,r&b/soul,0.7747224262263515
TRPPHPQ128F4258FFC,SOOEHBK12A8AE479F1,ARBJ22B1187B9AD31C,Norah Jones,Sinkin' Soon (iTunes Live Session),jazz,Lauryn Hill,Interlude 5,r&b/soul,1880.0,The Prodigy,We Gonna Rock,electronic,1845.0,Beastie Boys,B-Boy Bouillabaisse: A.W.O.L. (2009 Digital Remaster),hip hop,1345.0,The Prodigy,We Gonna Rock,electronic,1792.9400000000028,Lauryn Hill,Interlude 5,r&b/soul,1627.92,Katy Perry,Hot N Cold (Innerpartysystem Main),electronic,1196.6437500000047,The Misfits,Static Age,punk,0.6088881546560606,Charlie Robison,Good Times,country,0.6052537335027683,Thompson Twins,We Are Detective,pop,0.6016170377215161,Charlie Robison,Good Times,country,0.6187127253648694,The Misfits,Static Age,punk,0.6162911634776579,Thompson Twins,We Are Detective,pop,0.6137257989065713
TRSSOKM128F1464B5C,SOQJPKL12A6D4F7D49,ARBJ22B1187B9AD31C,Norah Jones,The Long Way Home,jazz,Lauryn Hill,Interlude 5,r&b/soul,3704.0,Twista,I'm A Winner (Amended Album Version),hip hop,3049.0,Beastie Boys,B-Boy Bouillabaisse: A.W.O.L. (2009 Digital Remaster),hip hop,2970.0,Lauryn Hill,Interlude 5,r&b/soul,3374.639999999998,Twista,I'm A Winner (Amended Album Version),hip hop,2833.7524999999982,Erykah Badu,I Want You,r&b/soul,2811.9512500000014,Mario Vazquez,Everytime I...,r&b/soul,0.717289587211446,Manafest,Runaway,hip hop,0.7127018400143108,Josh Groban,Broken Vow (Album Version),classical,0.6997727652755005,Manafest,Runaway,hip hop,0.7243430639706159,Mario Vazquez,Everytime I...,r&b/soul,0.7219462124932764,Jonny Lang,Breakin Me,blues,0.7132739503730822
TRKMCAV128E0782298,SOGMFQZ12A6310EF6C,ARBJ22B1187B9AD31C,Norah Jones,Those Sweet Words,jazz,Lauryn Hill,Interlude 5,r&b/soul,2801.0,Twista,I'm A Winner (Amended Album Version),hip hop,2007.0,Beastie Boys,B-Boy Bouillabaisse: A.W.O.L. (2009 Digital Remaster),hip hop,1913.0,Lauryn Hill,Interlude 5,r&b/soul,2554.439999999997,Twista,I'm A Winner (Amended Album Version),hip hop,1845.8649999999973,Beastie Boys,B-Boy Bouillabaisse: A.W.O.L. (2009 Digital Remaster),hip hop,1706.8074999999972,Hello Saferide,Get Sick Soon,folk,0.6155402809897483,Slum Village,Call Me (Clean Version),hip hop,0.6153864168007992,Clawfinger,Revenge,metal,0.6130673655147686,Slum Village,Call Me (Clean Version),hip hop,0.6357729901878229,A Tribe Called Quest,Baby Phife's Return,hip hop,0.6312851549806506,Hello Saferide,Get Sick Soon,folk,0.6291416057782379
TRBQFLA128F423F329,SODUTPQ12A6D4FE737,ARBJ22B1187B9AD31C,Norah Jones,Wish I Could (Live),jazz,Lauryn Hill,Interlude 5,r&b/soul,3054.0,Beastie Boys,B-Boy Bouillabaisse: A.W.O.L. (2009 Digital Remaster),hip hop,2646.0,Twista,I'm A Winner (Amended Album Version),hip hop,2505.0,Lauryn Hill,Interlude 5,r&b/soul,2774.3200000000015,Beastie Boys,B-Boy Bouillabaisse: A.W.O.L. (2009 Digital Remaster),hip hop,2412.110000000001,Twista,I'm A Winner (Amended Album Version),hip hop,2322.22,Sage Francis,Keep Moving,hip hop,0.7117156288452975,Berlin,Masquerade,pop,0.7107357271370878,illScarlett,Clearer Now,punk,0.7100511528739114,Sage Francis,Keep Moving,hip hop,0.7263399641309348,illScarlett,Clearer Now,punk,0.723416799878318,Berlin,Masquerade,pop,0.7202896112367141
TRCLZPO128F427CD3A,SOMMQAC12CF5F86E67,ARBJ22B1187B9AD31C,Norah Jones,My Dear Country,jazz,Lauryn Hill,Interlude 5,r&b/soul,4157.0,Beastie Boys,B-Boy Bouillabaisse: A.W.O.L. (2009 Digital Remaster),hip hop,3183.0,Nelly,Splurge,hip hop,2584.0,Lauryn Hill,Interlude 5,r&b/soul,3822.119999999997,Beastie Boys,B-Boy Bouillabaisse: A.W.O.L. (2009 Digital Remaster),hip hop,2902.9474999999957,Nelly,Splurge,hip hop,2417.242500000003,Beastie Boys,B-Boy Bouillabaisse: A.W.O.L. (2009 Digital Remaster),hip hop,0.711505540254775,The Cat Empire,The Car Song,reggae,0.7065540554632581,Common,Book Of Life,hip hop,0.7011070232074434,Beastie Boys,B-Boy Bouillabaisse: A.W.O.L. (2009 Digital Remaster),hip hop,0.7287728118461179,The Cat Empire,The Car Song,reggae,0.7211970909550356,Ice Cube,Dead Homiez,hip hop,0.7181582639713501
TRWAPCT128F1494611,SONBELN12AB0184D8F,ARIFGKC1187B9B04D5,Dean Martin,I Love The Way You Say Goodnight,jazz,Lauryn Hill,Interlude 5,r&b/soul,5872.0,Twista,I'm A Winner (Amended Album Version),hip hop,5743.0,Erykah Badu,I Want You,r&b/soul,5142.0,Twista,I'm A Winner (Amended Album Version),hip hop,5482.057499999992,Lauryn Hill,Interlude 5,r&b/soul,5472.720000000002,Erykah Badu,I Want You,r&b/soul,4995.2537499999935,OutKast,The Way You Move,hip hop,0.7743663708786931,Doyle Bramhall,Dimples,jazz,0.7166167545055655,Marilyn Manson,Para-noir,metal,0.7100931428050912,OutKast,The Way You Move,hip hop,0.7803755978073242,Doyle Bramhall,Dimples,jazz,0.7214033419938675,Marilyn Manson,Para-noir,metal,0.7143962708611991
TRNBZVW128F92EE688,SOANWBV12AB0184B24,ARIFGKC1187B9B04D5,Dean Martin,White Christmas,jazz,Beastie Boys,B-Boy Bouillabaisse: A.W.O.L. (2009 Digital Remaster),hip hop,1466.0,Eminem,8 Mile,hip hop,1291.0,Twista,I'm A Winner (Amended Album Version),hip hop,1271.0,Beastie Boys,B-Boy Bouillabaisse: A.W.O.L. (2009 Digital Remaster),hip hop,1270.578749999999,Eminem,8 Mile,hip hop,1143.5212499999998,Twista,I'm A Winner (Amended Album Version),hip hop,1118.2824999999993,Jamie Scott & The Town,When Will I See Your Face Again,folk,0.5305304833555632,Mississippi Fred McDowell,When I Lay My Burden Down,blues,0.5209252966392623,Darkel,At The End Of The Sky,electronic,0.5134859791978874,Jamie Scott & The Town,When Will I See Your Face Again,folk,0.5511063866647862,Darkel,At The End Of The Sky,electronic,0.5370846194594372,Mississippi Fred McDowell,When I Lay My Burden Down,blues,0.528870346493555
TRHZOEX128F93588AB,SOEXXLQ12A58A7A0CD,ARIFGKC1187B9B04D5,Dean Martin,Memories Are Made Of This,jazz,Ja Rule,One of Us,hip hop,1301.0,Lauryn Hill,Interlude 5,r&b/soul,1254.0,Black Eyed Peas,One Tribe,hip hop,1110.0,Ja Rule,One of Us,hip hop,1196.4250000000047,Lauryn Hill,Interlude 5,r&b/soul,1081.0399999999995,Black Eyed Peas,One Tribe,hip hop,1042.7899999999997,Dolly Parton,Highlight Of My Life,country,0.5289641868382992,Kenny Loggins,Conviction Of The Heart,jazz,0.5134151418280409,Amici Forever,Requiem for a Soldier (Band of Brothers),classical,0.5072810957841226,Dolly Parton,Highlight Of My Life,country,0.54007117964669,Kenny Loggins,Conviction Of The Heart,jazz,0.5344556251986885,Amici Forever,Requiem for a Soldier (Band of Brothers),classical,0.526420330777086
TREOPOB128F427CD42,SOBWFAI12D021B3991,ARBJ22B1187B9AD31C,Norah Jones,Little Room,jazz,Lauryn Hill,Interlude 5,r&b/soul,2258.0,Beastie Boys,B-Boy Bouillabaisse: A.W.O.L. (2009 Digital Remaster),hip hop,1667.0,The Pharcyde,Otha Fish,hip hop,1444.0,Lauryn Hill,Interlude 5,r&b/soul,2004.0800000000008,Beastie Boys,B-Boy Bouillabaisse: A.W.O.L. (2009 Digital Remaster),hip hop,1454.6524999999995,The Pharcyde,Otha Fish,hip hop,1312.0375000000017,Above The Law,Flow On (Move Me No Mountain),hip hop,0.6016500807007972,David Houston,My Elusive Dreams,country,0.5995306711101378,Dead Kennedys,Kinky Sex Makes the World Go 'Round,punk,0.5988710560468398,Above The Law,Flow On (Move Me No Mountain),hip hop,0.6294858390015771,Dead Kennedys,Kinky Sex Makes the World Go 'Round,punk,0.6264482454202317,David Houston,My Elusive Dreams,country,0.6198494574872324
TRELLQK128F147AD94,SOPTTXR12A58A782BB,ARO7DTP1187B9A1D2B,The Puppini Sisters,Bei Mir Bist Du Schön,jazz,Lauryn Hill,Interlude 5,r&b/soul,4951.0,Twista,I'm A Winner (Amended Album Version),hip hop,3945.0,Eminem,My Darling,hip hop,3365.0,Lauryn Hill,Interlude 5,r&b/soul,4619.8,Twista,I'm A Winner (Amended Album Version),hip hop,3728.5499999999975,Eminem,My Darling,hip hop,3162.275000000002,Good Old War,Tell Me (Acoustic),folk,0.7321694762737689,Josh Groban,When You Say You Love Me (Album Version),classical,0.7236170512759962,RyanDan,Like The Sun,classical,0.722730907359767,Good Old War,Tell Me (Acoustic),folk,0.7428970589282737,Josh Groban,When You Say You Love Me (Album Version),classical,0.7337352353811268,RyanDan,Like The Sun,classical,0.7309337625427584
TRMOHUN128F424DEE6,SOCIAUG12A8C130F7F,ARO7DTP1187B9A1D2B,The Puppini Sisters,Don't Sit Under The Apple Tree,jazz,Danity Kane,Hold Me Down (Album Version),r&b/soul,2902.0,Lauryn Hill,Interlude 5,r&b/soul,2801.0,Nelly,Splurge,hip hop,2711.0,Danity Kane,Hold Me Down (Album Version),r&b/soul,2715.302499999998,Nelly,Splurge,hip hop,2510.341250000002,Lauryn Hill,Interlude 5,r&b/soul,2398.039999999998,Jackson 5,(You Were Made) Especially For Me,r&b/soul,0.573196834230561,Confederate Railroad,I Don't Want To Hang Out With Me (LP Version),country,0.5225871791334086,Republica,Don't You Ever,pop,0.5109093149837735,Jackson 5,(You Were Made) Especially For Me,r&b/soul,0.5850156522938843,Confederate Railroad,I Don't Want To Hang Out With Me (LP Version),country,0.5386758590549793,Republica,Don't You Ever,pop,0.5241248337542679
TRSPEPD128F147AD9A,SOCFSHN12A6D4F73B2,ARO7DTP1187B9A1D2B,The Puppini Sisters,Falling In Love Again,jazz,Lauryn Hill,Interlude 5,r&b/soul,5940.0,Twista,I'm A Winner (Amended Album Version),hip hop,5442.0,Beastie Boys,B-Boy Bouillabaisse: A.W.O.L. (2009 Digital Remaster),hip hop,5336.0,Lauryn Hill,Interlude 5,r&b/soul,5388.000000000017,Twista,I'm A Winner (Amended Album Version),hip hop,5081.2500000000055,Beastie Boys,B-Boy Bouillabaisse: A.W.O.L. (2009 Digital Remaster),hip hop,4874.374999999977,Danni Carlos,Falling In Love Again,pop,0.9470702331417158,Marilyn Monroe,When I Fall In Love,jazz,0.7184179703506497,Bananarama,Lovebite,pop,0.697289552628684,Danni Carlos,Falling In Love Again,pop,0.9492431078620265,Marilyn Monroe,When I Fall In Love,jazz,0.7272569055470027,Bananarama,Lovebite,pop,0.710505587422134
TRAQUUU128F147A689,SOEYNMS12A6D4F7BC8,ARO7DTP1187B9A1D2B,The Puppini Sisters,Heebie Jeebies,jazz,Lauryn Hill,Interlude 5,r&b/soul,4460.0,Beastie Boys,B-Boy Bouillabaisse: A.W.O.L. (2009 Digital Remaster),hip hop,4131.0,R. Kelly,I Mean (I Don't Mean It),r&b/soul,3401.0,Lauryn Hill,Interlude 5,r&b/soul,3996.32,Beastie Boys,B-Boy Bouillabaisse: A.W.O.L. (2009 Digital Remaster),hip hop,3743.2350000000056,Erykah Badu,I Want You,r&b/soul,3227.5849999999905,Martin Sexton,In the Journey,folk,0.6104990450017918,Linda Ronstadt,Lovesick Blues,country,0.5968034687099667,G-Unit,I Don't Want To Talk About It,hip hop,0.5903405507934966,Martin Sexton,In the Journey,folk,0.6276703600726269,Linda Ronstadt,Lovesick Blues,country,0.6120088147723041,G-Unit,I Don't Want To Talk About It,hip hop,0.607916504603817
TREIANS128F147AD97,SOLJYMK12A6D4F73B0,ARO7DTP1187B9A1D2B,The Puppini Sisters,I Will Survive,jazz,Lauryn Hill,Interlude 5,r&b/soul,9817.0,Beastie Boys,B-Boy Bouillabaisse: A.W.O.L. (2009 Digital Remaster),hip hop,8300.0,Twista,I'm A Winner (Amended Album Version),hip hop,7863.0,Lauryn Hill,Interlude 5,r&b/soul,9066.279999999992,Beastie Boys,B-Boy Bouillabaisse: A.W.O.L. (2009 Digital Remaster),hip hop,7672.189999999992,Twista,I'm A Winner (Amended Album Version),hip hop,7372.379999999991,Alexandra Burke,Overcome,r&b/soul,0.8340307808301424,Mario Vazquez,Everytime I...,r&b/soul,0.831402544872025,Next,I Still Love You,r&b/soul,0.8165544081743612,Alexandra Burke,Overcome,r&b/soul,0.8400588906766766,Mario Vazquez,Everytime I...,r&b/soul,0.8329673339203951,Next,I Still Love You,r&b/soul,0.822059213363587
TRPWTNZ128F147AD9F,SOOTOZG12A6D4F73B5,ARO7DTP1187B9A1D2B,The Puppini Sisters,In The Mood,jazz,Lauryn Hill,Interlude 5,r&b/soul,4859.0,Beastie Boys,B-Boy Bouillabaisse: A.W.O.L. (2009 Digital Remaster),hip hop,4484.0,Twista,I'm A Winner (Amended Album Version),hip hop,3974.0,Lauryn Hill,Interlude 5,r&b/soul,4364.040000000002,Beastie Boys,B-Boy Bouillabaisse: A.W.O.L. (2009 Digital Remaster),hip hop,4070.0762499999946,Twista,I'm A Winner (Amended Album Version),hip hop,3650.5275000000042,The Pharcyde,Pack The Pipe,hip hop,0.7134905705740054,Sage Francis,Keep Moving,hip hop,0.7087992799811664,Johnny Cash,I Was There When It Happened,country,0.702594875557308,The Pharcyde,Pack The Pipe,hip hop,0.7295200646140947,Sage Francis,Keep Moving,hip hop,0.7242958708268249,Johnny Cash,I Was There When It Happened,country,0.7147628554624083
TRNDNKN12903CC8A4C,SOQIBZY12AB018A208,ARIFGKC1187B9B04D5,Dean Martin,Kiss,jazz,Lauryn Hill,Interlude 5,r&b/soul,7297.0,Twista,I'm A Winner (Amended Album Version),hip hop,6537.0,Beastie Boys,B-Boy Bouillabaisse: A.W.O.L. (2009 Digital Remaster),hip hop,5055.0,Lauryn Hill,Interlude 5,r&b/soul,6643.800000000002,Twista,I'm A Winner (Amended Album Version),hip hop,6110.112499999993,Erykah Badu,I Want You,r&b/soul,4677.931249999983,The Handful,Memorial Day,hip hop,0.6346792930812675,Hieroglyphics,You Never Knew,hip hop,0.6343210900648842,Boyz II Men,4 Seasons Of Loneliness,r&b/soul,0.6301752570827562,Hieroglyphics,You Never Knew,hip hop,0.6545102826679078,The Handful,Memorial Day,hip hop,0.6542646757730994,Boyz II Men,4 Seasons Of Loneliness,r&b/soul,0.6486180987691934
TRJALGV12903D0447E,SOOCHTW12AC468DF40,ARIFGKC1187B9B04D5,Dean Martin,Let Me Go Lover,jazz,Danity Kane,Hold Me Down (Album Version),r&b/soul,3082.0,Five,That's What You Told Me,pop,3028.0,Lauryn Hill,Interlude 5,r&b/soul,2730.0,Danity Kane,Hold Me Down (Album Version),r&b/soul,2978.847500000004,Five,That's What You Told Me,pop,2942.695000000004,Lauryn Hill,Interlude 5,r&b/soul,2507.3600000000015,Jessica Mauboy,Let Me Be Me,r&b/soul,0.7092907173481264,Diana Krall,Peel Me A Grape,jazz,0.6742289584287275,Jill Scott,He Loves Me (Lyzel In E Flat),r&b/soul,0.6686578626280469,Jessica Mauboy,Let Me Be Me,r&b/soul,0.7153791078828564,Diana Krall,Peel Me A Grape,jazz,0.6791598801046382,Jill Scott,He Loves Me (Lyzel In E Flat),r&b/soul,0.6737487430261436
TRPQFJA128F145AC60,SOLLBAY12AF72A5F48,ARIFGKC1187B9B04D5,Dean Martin,On An Evening In Roma (Sott'er Celo De Roma),jazz,Lauryn Hill,Interlude 5,r&b/soul,1799.0,Beastie Boys,B-Boy Bouillabaisse: A.W.O.L. (2009 Digital Remaster),hip hop,1739.0,The Pharcyde,Otha Fish,hip hop,1620.0,Lauryn Hill,Interlude 5,r&b/soul,1546.9199999999971,Beastie Boys,B-Boy Bouillabaisse: A.W.O.L. (2009 Digital Remaster),hip hop,1528.1912499999974,The Pharcyde,Otha Fish,hip hop,1488.993750000002,Blind Pilot,Paint or Pollen,folk,0.5587097113554502,Amici Forever,Vita Mia,classical,0.514087596213881,Robbie Williams,Never Touch That Switch (Dark Horse Dub Mix),pop,0.4983953253079338,Blind Pilot,Paint or Pollen,folk,0.5792850446739107,Amici Forever,Vita Mia,classical,0.5339097178395226,Robbie Williams,Never Touch That Switch (Dark Horse Dub Mix),pop,0.5186392549293459
TRHBSKB128E07924CB,SOOEYBB12D021B0EAA,ARDCFNZ1187FB3DDB0,Enrique Iglesias,No Puedo Mas Sin Ti (I'm Your Man),latin,Violadores del Verso,Dale tiempo al rumor,hip hop,3303.0,Gilberto Santa Rosa,Desde Que No Estas,latin,2942.0,Tego Calderon,Al Natural (Amended Version),latin,2858.0,Violadores del Verso,Dale tiempo al rumor,hip hop,3166.743750000008,Gilberto Santa Rosa,Desde Que No Estas,latin,2878.8437499999945,Tego Calderon,Al Natural (Amended Version),latin,2765.5500000000047,Gilberto Santa Rosa,Desde Que No Estas,latin,0.808002464230952,Beatriz Luengo,Precisamente Ahora,latin,0.8019008589757488,La 5A Estacion,Algo Mas,latin,0.7741649003149421,Gilberto Santa Rosa,Desde Que No Estas,latin,0.8113457523147225,Beatriz Luengo,Precisamente Ahora,latin,0.8053881780570903,La 5A Estacion,Algo Mas,latin,0.7780688835356941
TRBSLQC128F9333C5D,SOIOBWT12A8C14075B,AR6PJ8R1187FB5AD70,Shakira,En Tus Pupilas,latin,Violadores del Verso,Dale tiempo al rumor,hip hop,2333.0,Violadores del Verso,Cantando,hip hop,1857.0,Victor Manuelle,Lloré Lloré,latin,1581.0,Violadores del Verso,Dale tiempo al rumor,hip hop,2241.7400000000052,Violadores del Verso,Cantando,hip hop,1776.539999999998,Victor Manuelle,Lloré Lloré,latin,1533.1200000000022,Ricardo Arjona,Amor de Tele,latin,0.7956835901251084,Juana Molina,Yo se que,latin,0.7943806874760491,Love Of Lesbian,El ectoplasta,pop,0.7616778937207516,Ricardo Arjona,Amor de Tele,latin,0.7998713666928152,Juana Molina,Yo se que,latin,0.798463415818205,Love Of Lesbian,El ectoplasta,pop,0.768230608501723
TRGJXTC128F4278ECC,SONTHAL12A8C135908,AR6PJ8R1187FB5AD70,Shakira,Que Me Quedes Tu,latin,Violadores del Verso,Dale tiempo al rumor,hip hop,2618.0,Violadores del Verso,Cantando,hip hop,2117.0,Tego Calderon,Al Natural (Amended Version),latin,1872.0,Violadores del Verso,Dale tiempo al rumor,hip hop,2528.641249999998,Violadores del Verso,Cantando,hip hop,2038.2162500000024,Tego Calderon,Al Natural (Amended Version),latin,1811.369999999998,El Gran Combo De Puerto Rico,No Hay Manera,latin,0.8060476255479457,Huey Dunbar,Amor De Siempre,latin,0.7917874176935346,Tito El Bambino,Grito Latino,latin,0.7907285289466222,El Gran Combo De Puerto Rico,No Hay Manera,latin,0.8097341995030434,Huey Dunbar,Amor De Siempre,latin,0.7957888817872214,Tito El Bambino,Grito Latino,latin,0.7945766632425001
TRQEQHH12903CA6CE5,SODBAHE12A8C132D34,AR6PJ8R1187FB5AD70,Shakira,Sombra De Ti,latin,Violadores del Verso,Dale tiempo al rumor,hip hop,3176.0,Los Van Van,El Negro Está Cocinando,latin,2689.0,Victor Manuelle,Lloré Lloré,latin,2671.0,Violadores del Verso,Dale tiempo al rumor,hip hop,3053.686250000002,Los Van Van,El Negro Está Cocinando,latin,2620.2437500000074,Victor Manuelle,Lloré Lloré,latin,2606.827499999999,La 5A Estacion,Ahora Que Te Vas,pop,0.8040094511710666,Beatriz Luengo,Precisamente Ahora,latin,0.8013854914793821,Juniper Moon,Cosas Que Nunca Te Dije,electronic,0.7986021527921368,La 5A Estacion,Ahora Que Te Vas,pop,0.8069001678014539,Beatriz Luengo,Precisamente Ahora,latin,0.8048195108405131,Juniper Moon,Cosas Que Nunca Te Dije,electronic,0.8022013139991617
TRXMTST12903CCD9E1,SOPVLJP12A8C1358F4,AR6PJ8R1187FB5AD70,Shakira,Te Dejo Madrid,latin,Violadores del Verso,Dale tiempo al rumor,hip hop,1910.0,Violadores del Verso,Cantando,hip hop,1524.0,Tryo,Yakamonéyé,reggae,1327.0,Violadores del Verso,Dale tiempo al rumor,hip hop,1830.7812500000061,Violadores del Verso,Cantando,hip hop,1454.1562500000023,Fonky Family,Sans Rémission,hip hop,1254.031249999999,Sanalejo,Mujer Calavera,latin,0.7802429872353586,Natalia Oreiro,Basta De Ti,latin,0.7617791144494526,Ana Gabriel,Miedo,latin,0.7536627887413061,Sanalejo,Mujer Calavera,latin,0.7852584688314189,Natalia Oreiro,Basta De Ti,latin,0.7665407811673396,Ana Gabriel,Miedo,latin,0.7589095832130647
TRAQEOP12903CA65E2,SONPFMD12AB017C1B3,AR6PJ8R1187FB5AD70,Shakira,Tú,latin,Violadores del Verso,Dale tiempo al rumor,hip hop,1271.0,Violadores del Verso,Cantando,hip hop,1038.0,Daddy Yankee,Como Y Vete,reggae,939.0,Violadores del Verso,Dale tiempo al rumor,hip hop,1215.23,Violadores del Verso,Cantando,hip hop,988.8300000000017,Daddy Yankee,Como Y Vete,reggae,895.8799999999993,Carlos Vives,19 De Noviembre,latin,0.8326576699948254,Jerry Rivera,Tierra Sin Sol,latin,0.8144911071773255,Camila,Entre Tus Alas,latin,0.7858011861848845,Carlos Vives,19 De Noviembre,latin,0.8362489262818654,Jerry Rivera,Tierra Sin Sol,latin,0.8188561345120972,Camila,Entre Tus Alas,latin,0.7903073371354952
TRSRORJ128E0791C74,SOMBFMU12A670214E6,ARDCFNZ1187FB3DDB0,Enrique Iglesias,La Chica De Ayer,latin,Abba,Move On,pop,1407.0,Horace Andy,Horse With No Name,reggae,1343.0,Violadores del Verso,Dale tiempo al rumor,hip hop,1222.0,Abba,Move On,pop,1366.100000000001,Horace Andy,Horse With No Name,reggae,1306.199999999999,Violadores del Verso,Dale tiempo al rumor,hip hop,1171.3000000000004,Grupo Niche,Miserable,latin,0.7618343590442104,Illya Kuryaki And The Valderramas,Abarajame,hip hop,0.7464535973621088,Alejandra Guzman,Tu Eres Mi Luz,latin,0.7432646076794819,Grupo Niche,Miserable,latin,0.7668571851736232,Illya Kuryaki And The Valderramas,Abarajame,hip hop,0.752991291300014,Alejandra Guzman,Tu Eres Mi Luz,latin,0.7472755860636138
TRYDDZE128F92F3B79,SOFBLLI12A58A7D19C,ARDCFNZ1187FB3DDB0,Enrique Iglesias,Adicto,latin,Violadores del Verso,Dale tiempo al rumor,hip hop,1983.0,Violadores del Verso,Cantando,hip hop,1710.0,Victor Manuelle,Lloré Lloré,latin,1406.0,Violadores del Verso,Dale tiempo al rumor,hip hop,1901.246250000003,Violadores del Verso,Cantando,hip hop,1637.9212499999974,Victor Manuelle,Lloré Lloré,latin,1363.1074999999985,Aventura,Obsesion (English Remix_ Album Version),latin,0.7900829710289109,Niña Pastori,Cartita de amor,pop,0.7836564000730688,Ricardo Arjona,Animal Nocturno,latin,0.7802368295158609,Aventura,Obsesion (English Remix_ Album Version),latin,0.796114779262946,Niña Pastori,Cartita de amor,pop,0.7890451967444105,Ricardo Arjona,Animal Nocturno,latin,0.7856641174982398
TREGBAS128F145EC8B,SOERVFF12A6D4F790F,ARDCFNZ1187FB3DDB0,Enrique Iglesias,Al Despertar,latin,Victor Manuelle,Lloré Lloré,latin,1633.0,Violadores del Verso,Dale tiempo al rumor,hip hop,1622.0,Violadores del Verso,Cantando,hip hop,1550.0,Victor Manuelle,Lloré Lloré,latin,1595.4275000000025,Violadores del Verso,Dale tiempo al rumor,hip hop,1550.3862500000007,Violadores del Verso,Cantando,hip hop,1486.861250000002,Bebe,La Coqueta,latin,0.800310155954056,Intocable,Te Extrano,latin,0.793271575620901,Panteón Rococó,Buscándote,reggae,0.7922491929960735,Bebe,La Coqueta,latin,0.8048735205818199,Intocable,Te Extrano,latin,0.7977568423979617,Panteón Rococó,Buscándote,reggae,0.7971076508349461
TRXQFEE128F145EC9A,SOJXCPV12A6D4F791D,ARDCFNZ1187FB3DDB0,Enrique Iglesias,Alguien Como Tú,latin,Violadores del Verso,Dale tiempo al rumor,hip hop,1636.0,Violadores del Verso,Cantando,hip hop,1433.0,Victor Manuelle,Lloré Lloré,latin,1349.0,Violadores del Verso,Dale tiempo al rumor,hip hop,1558.6824999999976,Violadores del Verso,Cantando,hip hop,1364.8325000000018,Victor Manuelle,Lloré Lloré,latin,1308.434999999998,Huey Dunbar,Amor De Siempre,latin,0.6958311274118821,Panteón Rococó,Buscándote,reggae,0.6842191821484787,Camilo Sesto,No Sabes Cuanto Te Quiero,latin,0.6628624488217081,Huey Dunbar,Amor De Siempre,latin,0.7020804367392917,Panteón Rococó,Buscándote,reggae,0.6912959317893964,Camilo Sesto,No Sabes Cuanto Te Quiero,latin,0.6706164254888761
TRZGBAF128F145ECA8,SOFAZCL12A58A79B38,ARDCFNZ1187FB3DDB0,Enrique Iglesias,Inalcanzable,latin,Violadores del Verso,Dale tiempo al rumor,hip hop,945.0,Violadores del Verso,Cantando,hip hop,748.0,Danity Kane,Hold Me Down (Album Version),r&b/soul,718.0,Violadores del Verso,Dale tiempo al rumor,hip hop,900.6375000000032,Violadores del Verso,Cantando,hip hop,708.8875000000018,Alain Clark,Heerlijk,r&b/soul,677.7750000000019,Café Quijano,Vete De Mi,latin,0.7206354216899146,Chavela Vargas,Tu Me Acostumbraste,latin,0.6843908463124455,Enrique Iglesias,Lloro Por Ti,latin,0.6764084466404474,Café Quijano,Vete De Mi,latin,0.725253641400674,Chavela Vargas,Tu Me Acostumbraste,latin,0.6892827735923821,Enrique Iglesias,Lloro Por Ti,latin,0.681798255414245
TRUQGGJ128F427E02B,SOOHKUS12A8C13AB12,ARDCFNZ1187FB3DDB0,Enrique Iglesias,Lloro Por Ti,latin,Violadores del Verso,Dale tiempo al rumor,hip hop,2870.0,Violadores del Verso,Cantando,hip hop,2305.0,Victor Manuelle,Lloré Lloré,latin,1816.0,Violadores del Verso,Dale tiempo al rumor,hip hop,2754.6575000000057,Violadores del Verso,Cantando,hip hop,2203.307499999995,Victor Manuelle,Lloré Lloré,latin,1755.4849999999967,Café Quijano,Vete De Mi,latin,0.807003836707673,Reik,Fui,latin,0.7716727929981959,Il Divo,Por Ti Seré (You Raise Me Up),classical,0.756532466596911,Café Quijano,Vete De Mi,latin,0.8111340524279981,Reik,Fui,latin,0.7766371888415745,Il Divo,Por Ti Seré (You Raise Me Up),classical,0.7606448332307226
TRDEKRZ128E0791C7A,SOCPKAV12A670214EC,ARDCFNZ1187FB3DDB0,Enrique Iglesias,Mamacita,latin,Violadores del Verso,Dale tiempo al rumor,hip hop,1694.0,Violadores del Verso,Cantando,hip hop,1623.0,Los Van Van,El Negro Está Cocinando,latin,1450.0,Violadores del Verso,Dale tiempo al rumor,hip hop,1619.8512499999965,Violadores del Verso,Cantando,hip hop,1557.6262499999968,Los Van Van,El Negro Está Cocinando,latin,1408.3187500000033,Fonseca,Sueño,latin,0.7936686321381304,Willie Colon,Guaracha,latin,0.7745757406709293,Cabas,La Quejosa,latin,0.7723260289125787,Fonseca,Sueño,latin,0.7983060717671225,Willie Colon,Guaracha,latin,0.781184766205748,Cabas,La Quejosa,latin,0.7779809488814922
TRFFSMS128F428BC88,SOEMVNF12A8C13C53A,ARDCFNZ1187FB3DDB0,Enrique Iglesias,Miss You,latin,Lauryn Hill,Interlude 5,r&b/soul,13632.0,Twista,I'm A Winner (Amended Album Version),hip hop,12008.0,Erykah Badu,I Want You,r&b/soul,10887.0,Lauryn Hill,Interlude 5,r&b/soul,12757.99999999998,Twista,I'm A Winner (Amended Album Version),hip hop,11436.812499999998,Erykah Badu,I Want You,r&b/soul,10565.781249999967,The Airborne Toxic Event,The Girls In Their Summer Dresses,rock,0.7702333765360799,Tracey Ullman,Breakaway,pop,0.7515335449623124,KeKe Wyatt,Never Do It Again,r&b/soul,0.7285545036093015,The Airborne Toxic Event,The Girls In Their Summer Dresses,rock,0.7737294430604407,Tracey Ullman,Breakaway,pop,0.7550425327997425,KeKe Wyatt,Never Do It Again,r&b/soul,0.7335975568454328
TRUPWID128F4215874,SOPTXAZ12AF729F789,ARDCFNZ1187FB3DDB0,Enrique Iglesias,Para De Jugar,latin,Violadores del Verso,Dale tiempo al rumor,hip hop,2101.0,Violadores del Verso,Cantando,hip hop,1912.0,Wisin & Yandel,Por Mi Reggae Muero,reggae,1730.0,Violadores del Verso,Dale tiempo al rumor,hip hop,1969.8137500000078,Violadores del Verso,Cantando,hip hop,1796.3387499999976,Wisin & Yandel,Por Mi Reggae Muero,reggae,1662.4662499999974,Los Calzones,Libre,reggae,0.6678334929630965,Sanalejo,Mujer Calavera,latin,0.6013846504476954,Gipsy Kings,Madre Mia,latin,0.5978819416236175,Los Calzones,Libre,reggae,0.6722947027867966,Sanalejo,Mujer Calavera,latin,0.6106130596152857,Gipsy Kings,Madre Mia,latin,0.604483787776118
TRIIBVP128E0792750,SOWFIVV12A6701FFBF,ARDCFNZ1187FB3DDB0,Enrique Iglesias,She Be The One,latin,Lauryn Hill,Interlude 5,r&b/soul,6600.0,Twista,I'm A Winner (Amended Album Version),hip hop,6088.0,Michael Jackson,Man In The Mirror,pop,4367.0,Lauryn Hill,Interlude 5,r&b/soul,6047.999999999999,Twista,I'm A Winner (Amended Album Version),hip hop,5727.250000000003,Michael Jackson,Man In The Mirror,pop,3893.7500000000027,Billy Squier,She's A Runner (24-Bit Digitally Remastered 02),rock,0.7362178876869939,The Bluetones,Carnt Be Trusted,pop,0.7318214011196528,Robert Palmer,Too Good To Be True,r&b/soul,0.6811754535586023,Billy Squier,She's A Runner (24-Bit Digitally Remastered 02),rock,0.7437487791483225,The Bluetones,Carnt Be Trusted,pop,0.739590795519174,Robert Palmer,Too Good To Be True,r&b/soul,0.6894555971893391
TRQMXBD128F145ECA2,SONBQQE12A6D4F7922,ARDCFNZ1187FB3DDB0,Enrique Iglesias,Trapecista,latin,Violadores del Verso,Dale tiempo al rumor,hip hop,1950.0,Violadores del Verso,Cantando,hip hop,1664.0,Daddy Yankee,Como Y Vete,reggae,1515.0,Violadores del Verso,Dale tiempo al rumor,hip hop,1870.1475000000025,Violadores del Verso,Cantando,hip hop,1593.5974999999999,Daddy Yankee,Como Y Vete,reggae,1453.2600000000018,Cabas,Guacamaya,latin,0.8067290233381332,El sueño de Morfeo,Sonrisa especial,latin,0.7606556118897979,Kudai,Volar,latin,0.7228805827676602,Cabas,Guacamaya,latin,0.8107519604972093,El sueño de Morfeo,Sonrisa especial,latin,0.7655637412106407,Kudai,Volar,latin,0.728733969848113
TREGRRQ128F145EC8D,SOMRUDM12A6D4F7911,ARDCFNZ1187FB3DDB0,Enrique Iglesias,Tu Vacio,latin,Violadores del Verso,Dale tiempo al rumor,hip hop,2723.0,Violadores del Verso,Cantando,hip hop,2313.0,Victor Manuelle,Lloré Lloré,latin,1972.0,Violadores del Verso,Dale tiempo al rumor,hip hop,2611.46,Violadores del Verso,Cantando,hip hop,2214.660000000003,Victor Manuelle,Lloré Lloré,latin,1913.4799999999989,Aventura,Todavía Me Amas,latin,0.8378540706906125,Los Van Van,Quien No Ha Dicho Una Mentira,latin,0.8258469914832135,Camilo Sesto,No Sabes Cuanto Te Quiero,latin,0.8202069574987271,Aventura,Todavía Me Amas,latin,0.8419892355587912,Los Van Van,Quien No Ha Dicho Una Mentira,latin,0.8305141623440622,Camilo Sesto,No Sabes Cuanto Te Quiero,latin,0.8251332986321729
TRLILBA128F42158A3,SOPPWVJ12A6D4F7915,ARDCFNZ1187FB3DDB0,Enrique Iglesias,Volveré,latin,Violadores del Verso,Dale tiempo al rumor,hip hop,1781.0,Victor Manuelle,Lloré Lloré,latin,1540.0,Tego Calderon,Al Natural (Amended Version),latin,1532.0,Violadores del Verso,Dale tiempo al rumor,hip hop,1684.0362499999974,Victor Manuelle,Lloré Lloré,latin,1489.1275000000037,Tego Calderon,Al Natural (Amended Version),latin,1466.2100000000046,Joe Veras,Intentalo tu,latin,0.7050780604016601,Raulin Rodriguez,ya No,latin,0.6973344230025176,Natalia Oreiro,Gitano Corazon,latin,0.695412368691721,Joe Veras,Intentalo tu,latin,0.7132860159735198,Raulin Rodriguez,ya No,latin,0.7047160219839157,Natalia Oreiro,Gitano Corazon,latin,0.7033752313996001
TRBFJPO128F4295BE3,SOZOEJC12CF5CFAD99,AR6PJ8R1187FB5AD70,Shakira,Estoy Aquí,latin,Violadores del Verso,Dale tiempo al rumor,hip hop,687.0,Johnny Prez,Te Vuelvo Loca,reggae,576.0,Tego Calderon,Al Natural (Amended Version),latin,543.0,Violadores del Verso,Dale tiempo al rumor,hip hop,644.538749999999,Johnny Prez,Te Vuelvo Loca,reggae,549.0325000000001,Tego Calderon,Al Natural (Amended Version),latin,514.1899999999997,Móveis Coloniais de Acaju,Receio do remorso,reggae,0.7506641275018918,Ana Carolina,Rosas,pop,0.745895544069859,Raimundos,Nêga Jurema,metal,0.7176370241878628,Móveis Coloniais de Acaju,Receio do remorso,reggae,0.7535410105085976,Ana Carolina,Rosas,pop,0.7496491157650809,Raimundos,Nêga Jurema,metal,0.7217252418300996
TRCLERB12903CBBC8D,SODKNST12D02193AD7,ARB054P1187B9AD32E,Santana,Life Is Anew,latin,Lauryn Hill,Interlude 5,r&b/soul,1944.0,Twista,I'm A Winner (Amended Album Version),hip hop,1399.0,Beastie Boys,B-Boy Bouillabaisse: A.W.O.L. (2009 Digital Remaster),hip hop,1243.0,Lauryn Hill,Interlude 5,r&b/soul,1787.6000000000006,Twista,I'm A Winner (Amended Album Version),hip hop,1296.7874999999988,Beastie Boys,B-Boy Bouillabaisse: A.W.O.L. (2009 Digital Remaster),hip hop,1112.2062499999993,Tony Bennett,Because Of You,jazz,0.6892562575485368,Assemblage 23,MAPS OF REALITY,pop,0.6394537290294549,Dawn of Relic,The Awakening,metal,0.5831553281937345,Tony Bennett,Because Of You,jazz,0.6979276657996403,Assemblage 23,MAPS OF REALITY,pop,0.6509717320768102,Dawn of Relic,The Awakening,metal,0.5958706870221957
TRNXCMJ128F4295BC6,SOCYFSR12AB018C4AF,AR6PJ8R1187FB5AD70,Shakira,Donde Estas Corazon,latin,Violadores del Verso,Dale tiempo al rumor,hip hop,2540.0,Violadores del Verso,La ciudad nunca duerme,hip hop,1973.0,Rey Ruiz,No Existe Un Lugar,latin,1868.0,Violadores del Verso,Dale tiempo al rumor,hip hop,2442.4024999999983,Violadores del Verso,La ciudad nunca duerme,hip hop,1907.1650000000084,Rey Ruiz,No Existe Un Lugar,latin,1822.5699999999988,Rosana,Nadie mas que yo (directo Las Ventas),latin,0.7576177968446103,Todos Tus Muertos,No Mas Apartheid,reggae,0.7418362874093055,Mecano,Cenando En Paris,latin,0.7395760097340414,Rosana,Nadie mas que yo (directo Las Ventas),latin,0.7623361782989397,Todos Tus Muertos,No Mas Apartheid,reggae,0.7437103690368632,Mecano,Cenando En Paris,latin,0.7430553759796567
TRNXJGR128F93044E7,SOUGMXP12AB017C76C,AR6PJ8R1187FB5AD70,Shakira,Octavo Día,latin,Violadores del Verso,Dale tiempo al rumor,hip hop,1325.0,Violadores del Verso,Cantando,hip hop,1247.0,Victor Manuelle,Lloré Lloré,latin,1004.0,Violadores del Verso,Dale tiempo al rumor,hip hop,1266.695,Violadores del Verso,Cantando,hip hop,1195.5949999999996,Victor Manuelle,Lloré Lloré,latin,973.409999999999,Malu,Agua De Mayo,latin,0.7681111578529526,Malu,Y Sigo Preguntandome,latin,0.7477452464948455,Joan Manuel Serrat,Mediterraneo,folk,0.74739805858827,Malu,Agua De Mayo,latin,0.7738504648542559,Malu,Y Sigo Preguntandome,latin,0.75420571824152,Joan Manuel Serrat,Mediterraneo,folk,0.7541124213306418
TRJHDIB128F92E5849,SOVJQJJ12A8C1448E7,AR6PJ8R1187FB5AD70,Shakira,Te Necesito,latin,Violadores del Verso,Dale tiempo al rumor,hip hop,1756.0,Violadores del Verso,Cantando,hip hop,1436.0,Johnny Prez,Te Vuelvo Loca,reggae,1398.0,Violadores del Verso,Dale tiempo al rumor,hip hop,1671.7112499999987,Violadores del Verso,Cantando,hip hop,1361.6862500000018,Johnny Prez,Te Vuelvo Loca,reggae,1344.467499999998,Aventura,Todavía Me Amas,latin,0.8460525926496941,Aventura,Obsesion (English Remix_ Album Version),latin,0.8301555782215182,Luz Casal,No Te Vayas,blues,0.828120811511585,Aventura,Todavía Me Amas,latin,0.8502642554113827,Aventura,Obsesion (English Remix_ Album Version),latin,0.8351481735151566,Luz Casal,No Te Vayas,blues,0.8320262743702862
TRYQVKS128F4259A11,SOXVXZS12AF72ABF9F,ARB054P1187B9AD32E,Santana,Evil Ways,latin,Lauryn Hill,Interlude 5,r&b/soul,3945.0,Beastie Boys,B-Boy Bouillabaisse: A.W.O.L. (2009 Digital Remaster),hip hop,2783.0,Michael Jackson,Man In The Mirror,pop,2768.0,Lauryn Hill,Interlude 5,r&b/soul,3650.6000000000035,Beastie Boys,B-Boy Bouillabaisse: A.W.O.L. (2009 Digital Remaster),hip hop,2536.8,Michael Jackson,Man In The Mirror,pop,2515.5999999999954,Fat Joe,Preacher On A Sunday Morning,hip hop,0.6727633351225779,Amel Larrieux,Sweet Misery,r&b/soul,0.6711500040743342,The Monkees,I'll Spend My Life With You,pop,0.6697169677297824,Fat Joe,Preacher On A Sunday Morning,hip hop,0.688377986229675,Atmosphere,Happymess,hip hop,0.6853527735800584,Westside Connection,Superstar (Double Murder = Double Platinum),r&b/soul,0.6848710777238295
TRSOTQI128E0789132,SOURGXB12A6701F9E5,ARJW1SP1187FB4CA51,Pink Martini,Anna (el negro zumbon),latin,Lauryn Hill,Interlude 5,r&b/soul,2965.0,Danity Kane,Hold Me Down (Album Version),r&b/soul,2314.0,Beastie Boys,B-Boy Bouillabaisse: A.W.O.L. (2009 Digital Remaster),hip hop,2066.0,Lauryn Hill,Interlude 5,r&b/soul,2587.7999999999993,Danity Kane,Hold Me Down (Album Version),r&b/soul,2139.2374999999997,Five,That's What You Told Me,pop,1753.4749999999992,Inti Illimani,El Arado,latin,0.5589757276617525,Rosana,A fuego lento (directo Las Ventas),latin,0.5495209923490737,Thomas Dybdahl,U,pop,0.4981967620562254,Inti Illimani,El Arado,latin,0.5687488472595515,Rosana,A fuego lento (directo Las Ventas),latin,0.558964734607865,Gloria Estefan,Nuevo Dia (New Day),latin,0.5144103695797536
TRZHOUV128F9316269,SOIYPYO12AB017C8BE,ARJW1SP1187FB4CA51,Chavela Vargas,Piensa en mi,latin,Abba,Move On,pop,627.0,Violadores del Verso,Dale tiempo al rumor,hip hop,614.0,Horace Andy,Horse With No Name,reggae,601.0,Abba,Move On,pop,599.3924999999996,Violadores del Verso,Dale tiempo al rumor,hip hop,579.7775000000015,Horace Andy,Horse With No Name,reggae,576.1599999999981,Enrique Iglesias,La Chica De Ayer,latin,0.6397449352162271,Maelo Ruiz,Asi Eres Tu,latin,0.5873872815717566,Shakira,Tú,latin,0.5870702138628171,Enrique Iglesias,La Chica De Ayer,latin,0.6470591680907622,Maelo Ruiz,Asi Eres Tu,latin,0.5960973863107749,Shakira,Tú,latin,0.5956847588351356
TRPXMGA128F42A98BA,SOGHCII12D021B3225,ARB054P1187B9AD32E,Santana,Esperando,latin,Beastie Boys,B-Boy Bouillabaisse: A.W.O.L. (2009 Digital Remaster),hip hop,1122.0,The Roots,Mellow My Man,hip hop,1113.0,Nina Simone,My Baby Just Cares For Me,jazz,1109.0,Nina Simone,My Baby Just Cares For Me,jazz,1051.879999999997,The Roots,Mellow My Man,hip hop,1021.0199999999977,Beastie Boys,B-Boy Bouillabaisse: A.W.O.L. (2009 Digital Remaster),hip hop,949.660000000001,Nina Simone,My Baby Just Cares For Me,jazz,0.4657479448889276,Patty Griffin,Waiting For My Child,country,0.46427378521255,Doyle Bramhall,Cryin',blues,0.44406399990366446,Patty Griffin,Waiting For My Child,country,0.48348364324196236,Nina Simone,My Baby Just Cares For Me,jazz,0.4783821398184999,Doyle Bramhall,Cryin',blues,0.46160054217113705
TRBYMWR128F425DD8E,SOMNTDT12A8AE47628,AR65K7A1187FB4DAA4,Beyoncé,Beautiful Liar (Bello Embustero),latin,Enrique Iglesias,Miss You,latin,1932.0,Violadores del Verso,Dale tiempo al rumor,hip hop,1779.0,Tracey Ullman,Breakaway,pop,1748.0,Enrique Iglesias,Miss You,latin,1844.1249999999952,Tracey Ullman,Breakaway,pop,1694.5350000000014,Violadores del Verso,Dale tiempo al rumor,hip hop,1685.2050000000013,Frank Reyes,Vine A Decirte Adios,latin,0.6821002016409298,Rey Ruiz,No Existe Un Lugar,latin,0.6710903556626346,Shakira,Años Luz,pop,0.6434667545561407,Frank Reyes,Vine A Decirte Adios,latin,0.6859793305271504,Rey Ruiz,No Existe Un Lugar,latin,0.6770187355102132,Shakira,Años Luz,pop,0.6510024687072693
TRPAZDJ128F42881A1,SOGAFMO12D02199AD2,ARYN2M61187B995BD6,Juanes,Rosario Tijeras,latin,Abba,Move On,pop,2808.0,Horace Andy,Horse With No Name,reggae,2595.0,Violadores del Verso,Dale tiempo al rumor,hip hop,2494.0,Abba,Move On,pop,2730.8012500000054,Horace Andy,Horse With No Name,reggae,2525.5399999999945,Violadores del Verso,Dale tiempo al rumor,hip hop,2398.303749999996,Joan Manuel Serrat,La Aristocracia del Barrio,latin,0.8266839582292687,Tito El Bambino,Sol_ Playa Y Arena,reggae,0.7903248421002798,Mercedes Sosa,El Cosechero,latin,0.7583598406171247,Joan Manuel Serrat,La Aristocracia del Barrio,latin,0.8298251097347298,Tito El Bambino,Sol_ Playa Y Arena,reggae,0.7937309125358529,Mercedes Sosa,El Cosechero,latin,0.7626811957876786
TRHZGZO128F9341C4A,SOAUETF12D02199708,ARLUF1T1187FB3603B,Ricardo Arjona,Animal Nocturno,latin,Violadores del Verso,Dale tiempo al rumor,hip hop,2421.0,Violadores del Verso,Cantando,hip hop,2178.0,Violadores del Verso,La ciudad nunca duerme,hip hop,1658.0,Violadores del Verso,Dale tiempo al rumor,hip hop,2339.246250000004,Violadores del Verso,Cantando,hip hop,2105.9212499999976,Los Van Van,El Negro Está Cocinando,latin,1606.0437500000041,Los Van Van,Quien No Ha Dicho Una Mentira,latin,0.8838088464808739,El Barrio,Don Manuel Sr. Molina,latin,0.8621295216693591,Juan Carlos Baglietto,Cuando,latin,0.8582421817882214,Los Van Van,Quien No Ha Dicho Una Mentira,latin,0.8865650602336969,El Barrio,Don Manuel Sr. Molina,latin,0.8654340962571605,Juan Carlos Baglietto,Cuando,latin,0.86156836677929
TRDFNLR12903CB0FE4,SOFDJSB12AB0183B5B,ARGN0KR1187B991A99,Camila,Alejate De Mi,latin,Violadores del Verso,Dale tiempo al rumor,hip hop,2804.0,Victor Manuelle,Lloré Lloré,latin,2504.0,Los Van Van,El Negro Está Cocinando,latin,2440.0,Violadores del Verso,Dale tiempo al rumor,hip hop,2682.9537500000047,Victor Manuelle,Lloré Lloré,latin,2440.492500000003,Los Van Van,El Negro Está Cocinando,latin,2371.956250000005,Aventura,Obsesion (English Remix_ Album Version),latin,0.7841278322562857,Bebe,La Coqueta,latin,0.7807775059034039,Edurne,Aqui Se Termino (Never Forever),pop,0.7678101767569827,Aventura,Obsesion (English Remix_ Album Version),latin,0.7898638191270088,Bebe,La Coqueta,latin,0.7863864435880652,Edurne,Aqui Se Termino (Never Forever),pop,0.7735494241238626
TROBWIG12903CB0FD7,SODWRNB12AB0183B3B,ARGN0KR1187B991A99,Camila,Entre Tus Alas,latin,Violadores del Verso,Dale tiempo al rumor,hip hop,1915.0,Violadores del Verso,Cantando,hip hop,1542.0,Victor Manuelle,Lloré Lloré,latin,1308.0,Violadores del Verso,Dale tiempo al rumor,hip hop,1839.583749999996,Violadores del Verso,Cantando,hip hop,1475.5087499999968,Victor Manuelle,Lloré Lloré,latin,1268.4324999999994,Carlos Vives,19 De Noviembre,latin,0.8158806214442527,Fanny Lu,Es Por Ti,latin,0.7986090887480799,Carlos Vives,Amor Latino,latin,0.7882810532143935,Carlos Vives,19 De Noviembre,latin,0.8195208037719853,Fanny Lu,Es Por Ti,latin,0.8025887616656597,Carlos Vives,Amor Latino,latin,0.7918395959918446
TRDWUTF12903CA9249,SODRAIV12A8C1430AB,ARGN0KR1187B991A99,Camila,Me Basto,latin,Violadores del Verso,Dale tiempo al rumor,hip hop,1368.0,Violadores del Verso,Cantando,hip hop,1265.0,Daddy Yankee,Como Y Vete,reggae,1257.0,Violadores del Verso,Dale tiempo al rumor,hip hop,1294.4849999999992,Violadores del Verso,Cantando,hip hop,1200.1849999999993,Daddy Yankee,Como Y Vete,reggae,1200.1600000000012,Luz Casal,No Te Vayas,blues,0.6970393645830357,Intocable,Te Extrano,latin,0.6900673011204177,Enrique Iglesias,Al Despertar,latin,0.6868878800974603,Luz Casal,No Te Vayas,blues,0.7033607175156156,Intocable,Te Extrano,latin,0.6967956337518377,Enrique Iglesias,Al Despertar,latin,0.693488685426632
TRCRNBS128F9347F55,SOTOLCQ12AF729AC84,ARGN0KR1187B991A99,Camila,Va Para Ti,latin,Enrique Iglesias,Miss You,latin,3888.0,Tracey Ullman,Breakaway,pop,3474.0,Los Van Van,El Negro Está Cocinando,latin,2940.0,Enrique Iglesias,Miss You,latin,3774.000000000012,Tracey Ullman,Breakaway,pop,3404.639999999989,Los Van Van,El Negro Está Cocinando,latin,2871.600000000005,Moenia,Manto Estelar,electronic,0.8178395890882646,Mecano,La Estación,latin,0.7808296081882492,Rey Ruiz,No Me Acostumbro,latin,0.6822611974465076,Moenia,Manto Estelar,electronic,0.8202663217275167,Mecano,La Estación,latin,0.78266981996399,Rey Ruiz,No Me Acostumbro,latin,0.6868530733604221
TRDYKYQ12903CAD2B8,SOCDZHG12A58A81315,AR81DGA1187B9A0A43,Reik,Fui,latin,Violadores del Verso,Dale tiempo al rumor,hip hop,1123.0,Violadores del Verso,Cantando,hip hop,963.0,Violadores del Verso,La ciudad nunca duerme,hip hop,811.0,Violadores del Verso,Dale tiempo al rumor,hip hop,1074.8349999999964,Violadores del Verso,Cantando,hip hop,920.5349999999997,Violadores del Verso,La ciudad nunca duerme,hip hop,778.5100000000008,Enrique Iglesias,Lloro Por Ti,latin,0.7716727929982024,Gilberto Santa Rosa,No Pense Enamorarme Otra Vez,latin,0.7387701560116817,Canteca de macao,La rabia,latin,0.730301728115961,Enrique Iglesias,Lloro Por Ti,latin,0.7766371888415745,Gilberto Santa Rosa,No Pense Enamorarme Otra Vez,latin,0.7448531250656283,Canteca de macao,La rabia,latin,0.7356504997947901
TRAYQRI12903CAD2A1,SOFPPPB12AB018BB18,AR81DGA1187B9A0A43,Reik,Ilusionado,latin,Violadores del Verso,Dale tiempo al rumor,hip hop,1263.0,Los Van Van,El Negro Está Cocinando,latin,1189.0,Violadores del Verso,Cantando,hip hop,1154.0,Violadores del Verso,Dale tiempo al rumor,hip hop,1195.1887500000014,Los Van Van,El Negro Está Cocinando,latin,1150.8812500000013,Violadores del Verso,Cantando,hip hop,1094.2137500000006,Bebe,La Coqueta,latin,0.6863901532701995,Daddy Yankee,Todos Quieren A Raymond,reggae,0.6720259445806478,Fonseca,Sueño,latin,0.6594268454630673,Bebe,La Coqueta,latin,0.6949663275352392,Daddy Yankee,Todos Quieren A Raymond,reggae,0.682693490330219,Fonseca,Sueño,latin,0.6674967319502595
TRGFMTT12903CAD2A2,SOIKGCB12AF72A11C6,AR81DGA1187B9A0A43,Reik,Piel De Ciudad,latin,Violadores del Verso,Cantando,hip hop,1253.0,Violadores del Verso,Dale tiempo al rumor,hip hop,1226.0,Victor Manuelle,Lloré Lloré,latin,1193.0,Violadores del Verso,Cantando,hip hop,1190.4200000000012,Victor Manuelle,Lloré Lloré,latin,1155.7599999999993,Violadores del Verso,Dale tiempo al rumor,hip hop,1155.0200000000011,Lynda,Voy A Seguir,latin,0.6220650450528374,Juanes,Tu Y Yo,latin,0.598653373225891,Camila,Alejate De Mi,latin,0.5929319239744407,Lynda,Voy A Seguir,latin,0.6320537686475144,Juanes,Tu Y Yo,latin,0.608231897975064,Camila,Alejate De Mi,latin,0.6027363984654994
TRJXNZL128F92E54EE,SOQUZCC12A8C140463,AR81DGA1187B9A0A43,Reik,Quedate,latin,Violadores del Verso,Dale tiempo al rumor,hip hop,2547.0,Los Van Van,El Negro Está Cocinando,latin,2002.0,Violadores del Verso,Cantando,hip hop,1951.0,Violadores del Verso,Dale tiempo al rumor,hip hop,2454.472499999995,Los Van Van,El Negro Está Cocinando,latin,1949.9875000000002,Violadores del Verso,Cantando,hip hop,1869.4225000000017,Gilberto Santa Rosa,Ni Te Llamo Ni Te Busco,latin,0.8279530909899613,Aventura,Todavía Me Amas,latin,0.8220633955761161,Edurne,Aqui Se Termino (Never Forever),pop,0.8118627566400809,Gilberto Santa Rosa,Ni Te Llamo Ni Te Busco,latin,0.8315872982003084,Aventura,Todavía Me Amas,latin,0.8260536790580612,Edurne,Aqui Se Termino (Never Forever),pop,0.8160223564817328
TRDOVAF128F93112F7,SOLRFDT12AB0183B0D,ARU3BQ91187FB5A3D6,Animal Collective,Brother Sport,latin,Lauryn Hill,Interlude 5,r&b/soul,2783.0,Michael Jackson,Man In The Mirror,pop,2126.0,Marques Houston,Cancel (Album Version),r&b/soul,2124.0,Lauryn Hill,Interlude 5,r&b/soul,2514.3600000000006,Marques Houston,Cancel (Album Version),r&b/soul,2032.5675000000006,Fatboy Slim,Acid 8000,electronic,1974.2424999999998,Fergie,Get Your Hands Up,hip hop,0.5837471954337082,Ignite,In Moderation,metal,0.5651490092363557,Depeche Mode,Freestate,electronic,0.5593264021266137,Fergie,Get Your Hands Up,hip hop,0.5941177712013598,Ignite,In Moderation,metal,0.5773178593548627,Depeche Mode,Freestate,electronic,0.5692627890631652
TRVPMSA128F9331D03,SOJQZHG12AB0185EAB,ART5MUE1187B98C961,Metallica,The Prince,metal,Beastie Boys,B-Boy Bouillabaisse: A.W.O.L. (2009 Digital Remaster),hip hop,1689.0,Lauryn Hill,Interlude 5,r&b/soul,1523.0,Erykah Badu,I Want You,r&b/soul,1448.0,Beastie Boys,B-Boy Bouillabaisse: A.W.O.L. (2009 Digital Remaster),hip hop,1505.8887500000003,Erykah Badu,I Want You,r&b/soul,1367.5262500000026,Lauryn Hill,Interlude 5,r&b/soul,1304.039999999999,Diana Krall,I've Grown Accustomed To His Face,jazz,0.5553501946748247,Gil Scott-Heron,Me And The Devil,blues,0.5370830567350922,The Pietasters,Crime,reggae,0.5270964997743132,Diana Krall,I've Grown Accustomed To His Face,jazz,0.5705951008000594,Gil Scott-Heron,Me And The Devil,blues,0.5592928659148159,The Pietasters,Crime,reggae,0.5432249025218393
TRPCZPE12903CAF5BD,SOAVPPJ12A8C13EFBC,ARC9CR51187FB51A13,Avenged Sevenfold,Second Heartbeat,metal,Lauryn Hill,Interlude 5,r&b/soul,3310.0,Beastie Boys,B-Boy Bouillabaisse: A.W.O.L. (2009 Digital Remaster),hip hop,2658.0,Twista,I'm A Winner (Amended Album Version),hip hop,2620.0,Lauryn Hill,Interlude 5,r&b/soul,2890.4800000000014,Twista,I'm A Winner (Amended Album Version),hip hop,2345.8299999999995,Beastie Boys,B-Boy Bouillabaisse: A.W.O.L. (2009 Digital Remaster),hip hop,2307.165000000002,Rufio,Just a Memory,punk,0.6473704752904147,Leon Jackson,A Song For You,jazz,0.6379830512215784,Musiq,Whereareyougoing,r&b/soul,0.6376728308327402,Rufio,Just a Memory,punk,0.6689599218780159,Leon Jackson,A Song For You,jazz,0.6590634224753672,Musiq,Whereareyougoing,r&b/soul,0.658762686126843
TRNUDHG12903CAF56B,SOLFXQT12A8C13E06C,ARC9CR51187FB51A13,Avenged Sevenfold,To End The Rapture,metal,Lauryn Hill,Interlude 5,r&b/soul,626.0,Ja Rule,One of Us,hip hop,343.0,Pain of Salvation,Spitfall,metal,341.0,Lauryn Hill,Interlude 5,r&b/soul,578.1599999999996,Pain of Salvation,Spitfall,metal,317.9899999999998,Ja Rule,One of Us,hip hop,314.07500000000084,Theatres Des Vampires,Throne Of Dark Immortals,metal,0.573460696684584,Anacrusis,What You Became,metal,0.5537710997797838,Incantation,Apocalyptic Destroyer of Angels,metal,0.5409897585041105,Theatres Des Vampires,Throne Of Dark Immortals,metal,0.583115436899835,Anacrusis,What You Became,metal,0.5634006699500398,Bad Religion,Chimaera (Album Version),punk,0.5513067596400915
TRJAABI12903CF759F,SOKACRK12AC90759DA,ARJ94571187B98C352,blessthefall,Witness,metal,Lauryn Hill,Interlude 5,r&b/soul,5559.0,Twista,I'm A Winner (Amended Album Version),hip hop,4362.0,Eminem,My Darling,hip hop,3888.0,Lauryn Hill,Interlude 5,r&b/soul,5165.2400000000025,Twista,I'm A Winner (Amended Album Version),hip hop,4104.664999999998,Eminem,My Darling,hip hop,3646.9824999999983,Brand New Heavies_ The,"You Are The Universe (Roger's Universal 7"" Edit)",jazz,0.7550326775457129,Chiasm,Incision,electronic,0.7536400580169542,Kevin Devine,It's Only Your Life,folk,0.7516731253085116,Chiasm,Incision,electronic,0.7617512019044316,Brand New Heavies_ The,"You Are The Universe (Roger's Universal 7"" Edit)",jazz,0.7607870252913538,Kevin Devine,It's Only Your Life,folk,0.7596541767604351
TRREMAP128F42983BD,SOWEDJU12D02198FF6,ARU6HMT1187FB38801,HIM,Heartache Every Moment,metal,Lauryn Hill,Interlude 5,r&b/soul,2505.0,Vanilla Ice,Ice Is Workin' It,hip hop,1834.0,Beastie Boys,B-Boy Bouillabaisse: A.W.O.L. (2009 Digital Remaster),hip hop,1811.0,Lauryn Hill,Interlude 5,r&b/soul,2229.000000000008,Vanilla Ice,Ice Is Workin' It,hip hop,1703.4999999999927,Daft Punk,Touch It / Technologic,electronic,1618.0625000000002,Final Fantasy,The Miner Becomes Forgetful,folk,0.5551331100515836,Reckless Kelly,Broken Heart,country,0.5440784501995997,Classified,All About U,hip hop,0.5403661666619634,Final Fantasy,The Miner Becomes Forgetful,folk,0.5733116454565457,Classified,All About U,hip hop,0.56094269289156,Reckless Kelly,Broken Heart,country,0.5607269076324319
TRFRDZW128F429C337,SOAVNID12A8C13B197,ARU6HMT1187FB38801,HIM,Sigillum Diaboli,metal,Lauryn Hill,Interlude 5,r&b/soul,7876.0,Erykah Badu,I Want You,r&b/soul,6915.0,Beastie Boys,B-Boy Bouillabaisse: A.W.O.L. (2009 Digital Remaster),hip hop,6895.0,Lauryn Hill,Interlude 5,r&b/soul,7412.320000000004,Erykah Badu,I Want You,r&b/soul,6744.584999999986,Beastie Boys,B-Boy Bouillabaisse: A.W.O.L. (2009 Digital Remaster),hip hop,6507.234999999995,Bouncing Souls_ The,Pervert,electronic,0.7617312197364924,Joe Henry,Sold,pop,0.7504284091754663,Gang Starr,Gotta Get Over (Taking Loot) (Explicit),hip hop,0.7375985211391811,Bouncing Souls_ The,Pervert,electronic,0.7674733890742158,Joe Henry,Sold,pop,0.7560001819507821,Gang Starr,Gotta Get Over (Taking Loot) (Explicit),hip hop,0.7437197471761641
TRHVUCJ128F934B68C,SOPDMDM12A8C132ABD,ARWMY7E1187B9B7049,As I Lay Dying,Refined By Your Embrace,metal,Twista,I'm A Winner (Amended Album Version),hip hop,1451.0,Lauryn Hill,Interlude 5,r&b/soul,1318.0,Beastie Boys,B-Boy Bouillabaisse: A.W.O.L. (2009 Digital Remaster),hip hop,1187.0,Twista,I'm A Winner (Amended Album Version),hip hop,1389.672499999998,Lauryn Hill,Interlude 5,r&b/soul,1224.159999999999,Beastie Boys,B-Boy Bouillabaisse: A.W.O.L. (2009 Digital Remaster),hip hop,1108.5237499999978,Jay-Jay Johanson,I fantasize of you,electronic,0.770344494854286,Eminem,Rabbit Run,hip hop,0.7545167557102137,KATAKLYSM,Beyond Salvation,metal,0.7484882701172652,Jay-Jay Johanson,I fantasize of you,electronic,0.7769301279624139,Eminem,Rabbit Run,hip hop,0.7614979452464139,KATAKLYSM,Beyond Salvation,metal,0.7545010379247884
TRIBZVH128F934B68D,SOWJVZY12A8C132AC2,ARWMY7E1187B9B7049,As I Lay Dying,The Innocence Spilled,metal,Lauryn Hill,Interlude 5,r&b/soul,1358.0,Beastie Boys,B-Boy Bouillabaisse: A.W.O.L. (2009 Digital Remaster),hip hop,1172.0,Eminem,My Darling,hip hop,1076.0,Lauryn Hill,Interlude 5,r&b/soul,1207.1200000000003,Beastie Boys,B-Boy Bouillabaisse: A.W.O.L. (2009 Digital Remaster),hip hop,1045.8224999999998,Eminem,My Darling,hip hop,983.6474999999988,Dashboard Confessional,The End Of An Anchor,punk,0.6282569847458236,Robben Ford,Something For The Pain,blues,0.6145886713221957,Dominici,So Help Me God,electronic,0.5890386617071754,Dashboard Confessional,The End Of An Anchor,punk,0.6429775687565498,Robben Ford,Something For The Pain,blues,0.6307495590298327,Onyx,Feel Me,hip hop,0.607793765392342
TRZOLOQ128F428FA00,SOHEPVU12A8C13A03D,ARMGBBW1187FB4A7A0,August Burns Red,An American Dream,metal,Lauryn Hill,Interlude 5,r&b/soul,623.0,Ja Rule,One of Us,hip hop,527.0,The Pharcyde,Otha Fish,hip hop,510.0,Lauryn Hill,Interlude 5,r&b/soul,479.4800000000001,Ja Rule,One of Us,hip hop,440.22500000000025,Jennifer Lopez,The Way It Is,pop,438.0950000000014,Silje Nergaard,This Is Not America,jazz,0.5202757631751308,Poisonblack,Bear The Cross,metal,0.5019947799932443,Against All Authority,Threat,reggae,0.4958331206152238,Silje Nergaard,This Is Not America,jazz,0.534408956120613,Poisonblack,Bear The Cross,metal,0.5189855735517976,Against All Authority,Threat,reggae,0.518232718424729
TRFQWAQ128F14B084D,SOLXNXB12A6D4FBCDA,ARPFK3E1187B9A43BF,Underoath,The Changing Of Times,metal,Lauryn Hill,Interlude 5,r&b/soul,3021.0,Twista,I'm A Winner (Amended Album Version),hip hop,2329.0,Beastie Boys,B-Boy Bouillabaisse: A.W.O.L. (2009 Digital Remaster),hip hop,2184.0,Lauryn Hill,Interlude 5,r&b/soul,2759.719999999996,Twista,I'm A Winner (Amended Album Version),hip hop,2158.2450000000017,Beastie Boys,B-Boy Bouillabaisse: A.W.O.L. (2009 Digital Remaster),hip hop,1965.4975000000056,Musiq,Whereareyougoing,r&b/soul,0.7310229209739124,Ginuwine,Only When ur Lonely,r&b/soul,0.7195886914474401,Hello Saferide,Get Sick Soon,folk,0.7172162374203631,Musiq,Whereareyougoing,r&b/soul,0.7449862482077669,Ginuwine,Only When ur Lonely,r&b/soul,0.733394067028018,Hello Saferide,Get Sick Soon,folk,0.7267941008784884
TRLKWJA128F92E154E,SOFDWFR12A58A77D46,ARLHB6B1187B9B1B14,Haste The Day,Autumn,metal,Beastie Boys,B-Boy Bouillabaisse: A.W.O.L. (2009 Digital Remaster),hip hop,787.0,Daft Punk,Touch It / Technologic,electronic,776.0,The Roots,Mellow My Man,hip hop,719.0,Daft Punk,Touch It / Technologic,electronic,718.6262500000001,Slick Rick,Let's Get Crazy,hip hop,674.1787500000017,Beastie Boys,B-Boy Bouillabaisse: A.W.O.L. (2009 Digital Remaster),hip hop,665.4387499999984,Texta,Sprachbarrieren,hip hop,0.552472887330899,Jupiter Jones,Auf das Leben,folk,0.5248169877476923,Samy Deluxe,Viel Mehr,hip hop,0.5115900473878588,Texta,Sprachbarrieren,hip hop,0.5613776561989384,Jupiter Jones,Auf das Leben,folk,0.5348470254830876,Samy Deluxe,Viel Mehr,hip hop,0.5249714919813976
TRNQSWR128EF34375F,SOWHMAY12A67ADD2E3,ARLHB6B1187B9B1B14,Haste The Day,Chorus Of Angels,metal,Ja Rule,One of Us,hip hop,2670.0,Lauryn Hill,Interlude 5,r&b/soul,2651.0,Röyksopp,Remind Me (Live),electronic,2586.0,Röyksopp,Remind Me (Live),electronic,2485.5150000000017,Fatboy Slim,Right Here Right Now,electronic,2362.7600000000007,Ja Rule,One of Us,hip hop,2327.3500000000013,Ed Harcourt,Fireflies Take Flight,folk,0.43957041079605547,Röyksopp,Remind Me (Live),electronic,0.4193425187427223,Vienna Teng,Now Three,folk,0.40621675634955,Ed Harcourt,Fireflies Take Flight,folk,0.45975612795704196,Vienna Teng,Now Three,folk,0.43066850856805156,Röyksopp,Remind Me (Live),electronic,0.42653761230192777
TRGQLSE128F93257D8,SOUZNST12A58A7EF1D,ARQETJY1187FB3FE74,Demon Hunter,Follow The Wolves,metal,Ja Rule,One of Us,hip hop,1494.0,Eminem,If I Had,hip hop,1075.0,Lauryn Hill,Interlude 5,r&b/soul,1035.0,Ja Rule,One of Us,hip hop,1326.012499999998,Eminem,If I Had,hip hop,965.7137499999993,BAL-SAGOTH,The chronicle of shadows,metal,794.600000000001,Goatwhore,Vengeance of Demonic Fury,metal,0.519677993100568,Sandy Denny,Full Moon,folk,0.5149723665996204,Akercocke,Son Of The Morning,metal,0.4800078923999013,Sandy Denny,Full Moon,folk,0.5332640701283287,Goatwhore,Vengeance of Demonic Fury,metal,0.5315028598171133,Akercocke,Son Of The Morning,metal,0.4948458974865205
TRCAWAA128F93257D1,SOCLOSW12AB0187E07,ARQETJY1187FB3FE74,Demon Hunter,I Am You,metal,Lauryn Hill,Interlude 5,r&b/soul,3589.0,Beastie Boys,B-Boy Bouillabaisse: A.W.O.L. (2009 Digital Remaster),hip hop,2555.0,Twista,I'm A Winner (Amended Album Version),hip hop,2457.0,Lauryn Hill,Interlude 5,r&b/soul,3208.119999999998,Beastie Boys,B-Boy Bouillabaisse: A.W.O.L. (2009 Digital Remaster),hip hop,2236.478750000001,Twista,I'm A Winner (Amended Album Version),hip hop,2208.082500000004,Kingston Falls,The Weak Shall Prevail,metal,0.5675331097085536,For Today,Redemption,metal,0.5524728426306016,Seventh Day Slumber,Burning Bridges,rock,0.5507606502170128,Kingston Falls,The Weak Shall Prevail,metal,0.5841452226386992,For Today,Redemption,metal,0.5688475571419305,Seventh Day Slumber,Burning Bridges,rock,0.56312139828566
TRWPRIF128EF34B8F8,SOXZKPU12AF72AAB3B,ARQETJY1187FB3FE74,Demon Hunter,The Science Of Lies,metal,Lauryn Hill,Interlude 5,r&b/soul,2909.0,Ja Rule,One of Us,hip hop,2041.0,Beastie Boys,B-Boy Bouillabaisse: A.W.O.L. (2009 Digital Remaster),hip hop,1815.0,Lauryn Hill,Interlude 5,r&b/soul,2577.799999999997,Ja Rule,One of Us,hip hop,1840.7499999999993,Beastie Boys,B-Boy Bouillabaisse: A.W.O.L. (2009 Digital Remaster),hip hop,1538.025000000001,Immortal Technique,The 4th Branch,hip hop,0.6672434125699622,Sebadoh,Showtape '91,electronic,0.6039764374246117,Andrew Lloyd Webber,Masquerade,classical,0.5925505558179056,Immortal Technique,The 4th Branch,hip hop,0.6846821034003884,Sebadoh,Showtape '91,electronic,0.6247838357190857,Andrew Lloyd Webber,Masquerade,classical,0.614847186264281
TRKLLYD128F4273FF4,SOHRFIP12A8C12FFD1,AR8DTVF1187B9AA292,Ozzy Osbourne,Slow Down,metal,Lauryn Hill,Interlude 5,r&b/soul,5555.0,Twista,I'm A Winner (Amended Album Version),hip hop,4147.0,Eminem,My Darling,hip hop,4014.0,Lauryn Hill,Interlude 5,r&b/soul,5102.360000000001,Twista,I'm A Winner (Amended Album Version),hip hop,3851.185,Eminem,My Darling,hip hop,3736.942500000002,Field Music,You're Not Supposed To,r&b/soul,0.7024976597282406,Harry Belafonte,Angelina,latin,0.7008287647691585,The Plasmatics,You're A Zombie,punk,0.7003670395015372,Harry Belafonte,Angelina,latin,0.7114579744009516,The Plasmatics,You're A Zombie,punk,0.7113010446343779,Kevin Devine,It's Only Your Life,folk,0.7098931701274067
TRQJQNX128F4266704,SOEVNLW12A8C13401E,AR8DTVF1187B9AA292,Ozzy Osbourne,Steal Away (The Night),metal,Lauryn Hill,Interlude 5,r&b/soul,2136.0,Beastie Boys,B-Boy Bouillabaisse: A.W.O.L. (2009 Digital Remaster),hip hop,1480.0,Eminem,My Darling,hip hop,1399.0,Lauryn Hill,Interlude 5,r&b/soul,1933.599999999997,Beastie Boys,B-Boy Bouillabaisse: A.W.O.L. (2009 Digital Remaster),hip hop,1310.7375,Eminem,My Darling,hip hop,1275.1124999999997,Manic Street Preachers,Further Away,rock,0.6365034119132507,Incognito,Chase The Clouds Away,jazz,0.616078815445286,Burt Bacharach,The Look Of Love,jazz,0.6032381944397326,Manic Street Preachers,Further Away,rock,0.6459665063087461,Incognito,Chase The Clouds Away,jazz,0.6294273849928796,Burt Bacharach,The Look Of Love,jazz,0.6234445403238089
TRYIKZR128E0783C64,SOBEOHW12AF72A5BFC,AR98JLC1187B9ADE23,Megadeth,Black Curtains (2004 Digital Remaster),metal,Beastie Boys,B-Boy Bouillabaisse: A.W.O.L. (2009 Digital Remaster),hip hop,1522.0,Lauryn Hill,Interlude 5,r&b/soul,1485.0,The Roots,Mellow My Man,hip hop,1342.0,Beastie Boys,B-Boy Bouillabaisse: A.W.O.L. (2009 Digital Remaster),hip hop,1338.8887500000003,Lauryn Hill,Interlude 5,r&b/soul,1266.039999999999,The Roots,Mellow My Man,hip hop,1244.2712500000005,Ima Robot,Black Jettas,rock,0.5821581750969682,Martin Sexton,Black Sheep,folk,0.5772949172585258,Joan Baez,Black Is The Color,folk,0.5731883024923987,Ima Robot,Black Jettas,rock,0.6012765820603042,Martin Sexton,Black Sheep,folk,0.5965315473346697,Joan Baez,Black Is The Color,folk,0.5853071854852668
TRIOZOZ128F92FA0C2,SOVOXQN12A3F1EC5FA,AR98JLC1187B9ADE23,Megadeth,Die Dead Enough,metal,Beastie Boys,B-Boy Bouillabaisse: A.W.O.L. (2009 Digital Remaster),hip hop,7906.0,Eminem,8 Mile,hip hop,7598.0,Mario Vazquez,Everytime I...,r&b/soul,7414.0,Beastie Boys,B-Boy Bouillabaisse: A.W.O.L. (2009 Digital Remaster),hip hop,7413.6000000000095,Mario Vazquez,Everytime I...,r&b/soul,7233.999999999974,Eminem,8 Mile,hip hop,7226.399999999995,Manafest,Runaway,hip hop,0.7562206472032845,Deep Dish,Awake Enough,electronic,0.7455293784764403,Joe Bonamassa,Ball Peen Hammer,blues,0.7382286680954132,Manafest,Runaway,hip hop,0.761836093336518,Deep Dish,Awake Enough,electronic,0.7505999415922849,Joe Bonamassa,Ball Peen Hammer,blues,0.7439489791176387
TRUHHWN128F93045BA,SOKAEJQ12AB0181294,ARVSQHB1187B992FF0,Drowning Pool,Bodies,metal,Danity Kane,Hold Me Down (Album Version),r&b/soul,1981.0,Akon,Locked Up,hip hop,1906.0,Lauryn Hill,Interlude 5,r&b/soul,1870.0,Danity Kane,Hold Me Down (Album Version),r&b/soul,1749.120000000002,Akon,Locked Up,hip hop,1743.8199999999972,Jessica Mauboy,Let Me Be Me,r&b/soul,1639.160000000003,Lisa Lisa & Cult Jam,Let The Beat Hit 'Em,r&b/soul,0.3857244986273333,Dean Martin,Let Me Go Lover,jazz,0.37914509770458615,Jessica Mauboy,Let Me Be Me,r&b/soul,0.3278864198538181,Lisa Lisa & Cult Jam,Let The Beat Hit 'Em,r&b/soul,0.40398375318503255,Dean Martin,Let Me Go Lover,jazz,0.3918310297917783,Jessica Mauboy,Let Me Be Me,r&b/soul,0.344624943503443
TRJHNLI128F934B2CA,SONCWXR12D021B1283,AR5Z3L01187B99C5A9,Cannibal Corpse,Rotting Head,metal,Ja Rule,One of Us,hip hop,815.0,Beastie Boys,B-Boy Bouillabaisse: A.W.O.L. (2009 Digital Remaster),hip hop,724.0,Lauryn Hill,Interlude 5,r&b/soul,724.0,Ja Rule,One of Us,hip hop,728.2249999999975,Life Without Buildings,New Town,rock,616.4275000000006,The Pharcyde,Otha Fish,hip hop,616.4125,Moonsorrow,Tuleen Ajettu Maa,metal,0.6553058792971679,Goatwhore,Vengeance of Demonic Fury,metal,0.6524107357156264,Goatwhore,Bloodletting Upon The Cloven Hoof,metal,0.6144605707405313,Moonsorrow,Tuleen Ajettu Maa,metal,0.6720242612554111,Goatwhore,Vengeance of Demonic Fury,metal,0.6617835182605531,Kurt Elling,Resolution,jazz,0.632672464973576
TRQGFHN128F428643E,SOVKLCX12A8C13860D,AR0KBXO1187B996460,Slipknot,Gehenna,metal,Lauryn Hill,Interlude 5,r&b/soul,6553.0,Twista,I'm A Winner (Amended Album Version),hip hop,6296.0,Erykah Badu,I Want You,r&b/soul,5931.0,Lauryn Hill,Interlude 5,r&b/soul,6024.920000000005,Twista,I'm A Winner (Amended Album Version),hip hop,5950.882500000008,Erykah Badu,I Want You,r&b/soul,5736.916250000006,Common,I Want You,hip hop,0.6942820223995627,Jonny Lang,Breakin Me,blues,0.6675026216571323,Psapp,I Want That,electronic,0.6559545034297771,Common,I Want You,hip hop,0.7027788680568936,Jonny Lang,Breakin Me,blues,0.6772164810780862,Psapp,I Want That,electronic,0.6615524853091157
TRHCDHI128F92C4B9B,SOOHRVS12AF729C881,AR0KBXO1187B996460,Slipknot,[sic] [Explicit],metal,Lauryn Hill,Interlude 5,r&b/soul,5014.0,Twista,I'm A Winner (Amended Album Version),hip hop,4682.0,Erykah Badu,I Want You,r&b/soul,3907.0,Lauryn Hill,Interlude 5,r&b/soul,4633.119999999999,Twista,I'm A Winner (Amended Album Version),hip hop,4433.082499999991,Erykah Badu,I Want You,r&b/soul,3767.0162500000074,Clawfinger,Revenge,metal,0.7982978490055763,Shayne Ward,Tangled Up,r&b/soul,0.7895135957122251,Weeping Willows,Your Eyes,pop,0.7886139921785539,Clawfinger,Revenge,metal,0.8055664449826841,Shayne Ward,Tangled Up,r&b/soul,0.7971794189891338,Weeping Willows,Your Eyes,pop,0.7964214263895867
TRVHKNP128F429DDCE,SOENNBZ12A58A7B5A7,ARK9TRQ1187B99C095,Nine Inch Nails,Gunshots by Computer,metal,Lauryn Hill,Interlude 5,r&b/soul,3135.0,Twista,I'm A Winner (Amended Album Version),hip hop,2542.0,Beastie Boys,B-Boy Bouillabaisse: A.W.O.L. (2009 Digital Remaster),hip hop,2420.0,Lauryn Hill,Interlude 5,r&b/soul,2755.9599999999978,Twista,I'm A Winner (Amended Album Version),hip hop,2294.285000000005,Beastie Boys,B-Boy Bouillabaisse: A.W.O.L. (2009 Digital Remaster),hip hop,2103.0175000000004,Lauryn Hill,Ex-Factor,r&b/soul,0.5168808838052986,Grace Jones,Nipple To The Bottle,r&b/soul,0.5007177731307332,Above The Law,Untouchable,hip hop,0.4999485310299619,Lauryn Hill,Ex-Factor,r&b/soul,0.5377272114850229,Binary Star,Honest Expression,hip hop,0.5242725953050008,Above The Law,Untouchable,hip hop,0.5239390877455391
TREFLCZ128F4236589,SOJKLWM12A81C23BBC,ARDQ9AP1187B9BA3F6,Killswitch Engage,Hope Is... (Album Version),metal,Lauryn Hill,Interlude 5,r&b/soul,1777.0,Röyksopp,Remind Me (Live),electronic,1776.0,Enrique Iglesias,Miss You,latin,1498.0,Röyksopp,Remind Me (Live),electronic,1731.6299999999992,Lauryn Hill,Interlude 5,r&b/soul,1526.7600000000014,Enrique Iglesias,Miss You,latin,1417.2499999999973,Supreme Majesty,Heroes Of Our Land,metal,0.6246646920627774,Ella Fitzgerald,Manhattan,jazz,0.5633799221145632,Alexisonfire,We Are the End,metal,0.5335869830557823,Supreme Majesty,Heroes Of Our Land,metal,0.6340553127318005,Ella Fitzgerald,Manhattan,jazz,0.575011056267938,Alexisonfire,We Are the End,metal,0.5454685055683166
TRQFRJG128F4260199,SOVJLIF12A8C137957,ARHXK5N1187B98F942,Opeth,The Moor,metal,Lauryn Hill,Interlude 5,r&b/soul,3473.0,Beastie Boys,B-Boy Bouillabaisse: A.W.O.L. (2009 Digital Remaster),hip hop,2908.0,Twista,I'm A Winner (Amended Album Version),hip hop,2291.0,Lauryn Hill,Interlude 5,r&b/soul,3154.6800000000007,Beastie Boys,B-Boy Bouillabaisse: A.W.O.L. (2009 Digital Remaster),hip hop,2641.7962500000053,Twista,I'm A Winner (Amended Album Version),hip hop,2082.9674999999984,Saul Williams,Elohim (1972),hip hop,0.7603160204056151,Autopsy,Skullptures,metal,0.7259657657705124,Snoop Dogg,Snoopafella (Edited),hip hop,0.7223625933448801,Saul Williams,Elohim (1972),hip hop,0.773323513414559,Autopsy,Skullptures,metal,0.7385221318397993,Snoop Dogg,Snoopafella (Edited),hip hop,0.7375630740202269
TRMFSTL128F427B6C1,SOIXQXH12A8C135FC8,ARMOHN71187FB3959F,Atreyu,This Flesh A Tomb (Instrumental Version),metal,Lauryn Hill,Interlude 5,r&b/soul,4268.0,Beastie Boys,B-Boy Bouillabaisse: A.W.O.L. (2009 Digital Remaster),hip hop,3816.0,Twista,I'm A Winner (Amended Album Version),hip hop,3325.0,Lauryn Hill,Interlude 5,r&b/soul,3883.439999999998,Beastie Boys,B-Boy Bouillabaisse: A.W.O.L. (2009 Digital Remaster),hip hop,3494.401249999994,Twista,I'm A Winner (Amended Album Version),hip hop,3073.6774999999902,Crotchduster,Let Me Into Starfish Land,metal,0.7562160690734316,Matt Nathanson,Bent,folk,0.7556727068515352,Manafest,Runaway,hip hop,0.7554985052223722,Crotchduster,Let Me Into Starfish Land,metal,0.7664126056021127,Matt Nathanson,Bent,folk,0.7658798907769248,Manafest,Runaway,hip hop,0.7653720646791049
TRALERK12903CDCAFD,SOZABYO12A8C143546,ARWMFZH11C8A4219E0,For Today,A Higher Standard,metal,Lauryn Hill,Interlude 5,r&b/soul,1972.0,Vanilla Ice,Ice Is Workin' It,hip hop,1384.0,Daft Punk,Touch It / Technologic,electronic,1382.0,Lauryn Hill,Interlude 5,r&b/soul,1758.5599999999986,Daft Punk,Touch It / Technologic,electronic,1297.7550000000033,Vanilla Ice,Ice Is Workin' It,hip hop,1283.0800000000006,MxPx,It's Undeniable,punk,0.6853663724168805,Basia,Prime Time TV,jazz,0.6722792022799879,Robbie Williams,It's De-Lovely,jazz,0.6546935110729452,MxPx,It's Undeniable,punk,0.6986506430099624,Basia,Prime Time TV,jazz,0.6878967658034362,Robbie Williams,It's De-Lovely,jazz,0.6639397904075182
TRDIJKP12903CDCAF4,SOATHYW12A8C143527,ARWMFZH11C8A4219E0,For Today,Redemption,metal,Lauryn Hill,Interlude 5,r&b/soul,1761.0,Beastie Boys,B-Boy Bouillabaisse: A.W.O.L. (2009 Digital Remaster),hip hop,1390.0,Eminem,My Darling,hip hop,1161.0,Lauryn Hill,Interlude 5,r&b/soul,1595.4000000000015,Beastie Boys,B-Boy Bouillabaisse: A.W.O.L. (2009 Digital Remaster),hip hop,1251.5125,Eminem,My Darling,hip hop,1059.637500000001,I Am Ghost,So_ I Guess This Is Goodbye,metal,0.6154378684274522,Atmosphere,Happymess,hip hop,0.6116074730362402,Despised Icon,Furtive Monologue,metal,0.6095927644683617,I Am Ghost,So_ I Guess This Is Goodbye,metal,0.6321840409012528,Atmosphere,Happymess,hip hop,0.6292424298161395,Despised Icon,Furtive Monologue,metal,0.6228251496053563
TRZQYIJ128F92E7F49,SOYPYRU12AB017F852,ARVJR1N1187FB4144A,Lamb Of God,We Die Alone (Bonus Track),metal,Lauryn Hill,Interlude 5,r&b/soul,1626.0,The Prodigy,We Gonna Rock,electronic,1182.0,Hollywood Undead,Undead,hip hop,1013.0,Lauryn Hill,Interlude 5,r&b/soul,1419.92,The Prodigy,We Gonna Rock,electronic,1139.44,Hollywood Undead,Undead,hip hop,915.9799999999991,Lifetime,Daneurysm,metal,0.5794771985190574,Kaizers Orchestra,Die Polizei,rock,0.5459137220887285,Suicide Commando,Dead March,electronic,0.540832584608506,Lifetime,Daneurysm,metal,0.5869391856534222,Kaizers Orchestra,Die Polizei,rock,0.5552489765968329,Tommy James & The Shondells,I Think We're Alone Now (Single/LP Version),pop,0.5523507547078581
TRMYVVL128F92E865E,SODLQJO12A8C139576,ARWIA8D1187B990A0C,STRATOVARIUS,Elements,metal,Lauryn Hill,Interlude 5,r&b/soul,2289.0,Ja Rule,One of Us,hip hop,2216.0,Beastie Boys,B-Boy Bouillabaisse: A.W.O.L. (2009 Digital Remaster),hip hop,2135.0,Ja Rule,One of Us,hip hop,2003.512500000001,Lauryn Hill,Interlude 5,r&b/soul,1937.5600000000024,Beastie Boys,B-Boy Bouillabaisse: A.W.O.L. (2009 Digital Remaster),hip hop,1841.098750000002,Spiral Architect,Fountainhead,metal,0.5643511611369214,Ziggy Marley And The Melody Makers,13 Months Of Sunshine,reggae,0.5587545182408156,BAL-SAGOTH,The chronicle of shadows,metal,0.5425058639766578,Spiral Architect,Fountainhead,metal,0.5809928937741268,Ziggy Marley And The Melody Makers,13 Months Of Sunshine,reggae,0.5721870309909729,BAL-SAGOTH,The chronicle of shadows,metal,0.5582489746603887
TRIKFKO128F426A6FC,SORDWWC12A8C13AA28,ARWIA8D1187B990A0C,STRATOVARIUS,Know The Difference,metal,Lauryn Hill,Interlude 5,r&b/soul,3160.0,Beastie Boys,B-Boy Bouillabaisse: A.W.O.L. (2009 Digital Remaster),hip hop,2246.0,Michael Jackson,Man In The Mirror,pop,2051.0,Lauryn Hill,Interlude 5,r&b/soul,2895.039999999996,Beastie Boys,B-Boy Bouillabaisse: A.W.O.L. (2009 Digital Remaster),hip hop,2024.4199999999987,Michael Jackson,Man In The Mirror,pop,1823.840000000001,Sara Groves,What Do I Know,pop,0.5608945283514114,Julia Fordham,Genius,electronic,0.5510214489163692,John Legend,I Can Change,r&b/soul,0.5414909375099236,Sara Groves,What Do I Know,pop,0.5777648532054018,Julia Fordham,Genius,electronic,0.5595505781204345,John Legend,I Can Change,r&b/soul,0.557300624962853
TRJAFPP128F426AB25,SOXHFBO12A8C13132A,AR9C8IE1187B9ACC99,System of a Down,Peephole,metal,Twista,I'm A Winner (Amended Album Version),hip hop,5819.0,Lauryn Hill,Interlude 5,r&b/soul,5190.0,Life Without Buildings,New Town,rock,4318.0,Twista,I'm A Winner (Amended Album Version),hip hop,5540.0199999999995,Lauryn Hill,Interlude 5,r&b/soul,4763.119999999999,Life Without Buildings,New Town,rock,4140.810000000007,Concrete Blonde,It's Only Money,rock,0.6208140134342525,Jeff Healey,It's Only Money,blues,0.6208140134342525,Ian Van Dahl,Castles In The Sky,electronic,0.6053955509406352,Concrete Blonde,It's Only Money,rock,0.6292793229203554,Jeff Healey,It's Only Money,blues,0.6292793229203554,Ian Van Dahl,Castles In The Sky,electronic,0.6144659106620916
TRYMCCD128F421CD27,SOPTZIL12A6D4FD7AC,ARR057Y1187B9A16E7,Children Of Bodom,Hellhounds on My Trail,metal,Lauryn Hill,Interlude 5,r&b/soul,4753.0,Twista,I'm A Winner (Amended Album Version),hip hop,3783.0,Beastie Boys,B-Boy Bouillabaisse: A.W.O.L. (2009 Digital Remaster),hip hop,3635.0,Lauryn Hill,Interlude 5,r&b/soul,4274.599999999999,Twista,I'm A Winner (Amended Album Version),hip hop,3470.349999999997,Erykah Badu,I Want You,r&b/soul,3328.174999999997,The Sundays,My Finest Hour,pop,0.7185938175801597,Good Old War,Tell Me (Acoustic),folk,0.7117842712995435,Permanent Me,Heartattack,punk,0.7086845694897056,The Sundays,My Finest Hour,pop,0.7325219522759784,Good Old War,Tell Me (Acoustic),folk,0.7279971810899087,Permanent Me,Heartattack,punk,0.7233155202192146
TRVIFKS128F426813A,SOKVYHH12A81C22CC4,ARR057Y1187B9A16E7,Children Of Bodom,No Commands,metal,Lauryn Hill,Interlude 5,r&b/soul,2491.0,Beastie Boys,B-Boy Bouillabaisse: A.W.O.L. (2009 Digital Remaster),hip hop,2308.0,Enrique Iglesias,Miss You,latin,2142.0,Lauryn Hill,Interlude 5,r&b/soul,2211.32,Beastie Boys,B-Boy Bouillabaisse: A.W.O.L. (2009 Digital Remaster),hip hop,2074.110000000003,Enrique Iglesias,Miss You,latin,2051.750000000005,Kosheen,Pride,electronic,0.7190860717153249,The Airborne Toxic Event,The Girls In Their Summer Dresses,rock,0.6929569638575332,Animal Collective,No More Runnin,electronic,0.6732635960442215,Kosheen,Pride,electronic,0.730685325394385,The Airborne Toxic Event,The Girls In Their Summer Dresses,rock,0.7059013632518532,Animal Collective,No More Runnin,electronic,0.685946789689363
TRLHJMW128F1493BA1,SOZUQLN12A5891F885,AR4KS8C1187FB4CF3D,Tori Amos,Mother (2006 Remastered Alternate Mix),metal,Lauryn Hill,Interlude 5,r&b/soul,3989.0,Beastie Boys,B-Boy Bouillabaisse: A.W.O.L. (2009 Digital Remaster),hip hop,3698.0,Twista,I'm A Winner (Amended Album Version),hip hop,3159.0,Lauryn Hill,Interlude 5,r&b/soul,3540.0399999999972,Beastie Boys,B-Boy Bouillabaisse: A.W.O.L. (2009 Digital Remaster),hip hop,3322.544999999999,Twista,I'm A Winner (Amended Album Version),hip hop,2865.5899999999992,Beastie Boys,B-Boy Bouillabaisse: A.W.O.L. (2009 Digital Remaster),hip hop,0.6781064580343268,Parliament,Mr. Wiggles,r&b/soul,0.6660451523952875,Sage Francis,Clickety Clack,hip hop,0.6589298874105372,Beastie Boys,B-Boy Bouillabaisse: A.W.O.L. (2009 Digital Remaster),hip hop,0.7006273830040078,Parliament,Mr. Wiggles,r&b/soul,0.6860587240275627,Sage Francis,Clickety Clack,hip hop,0.6789315977170077
TRZGXNM128F1451ADF,SOGGUIK12A6D4F5F5B,ARHTAPO1187FB5AADE,Iron Maiden,Lord Of The Flies (Live In Dortmund),metal,Lauryn Hill,Interlude 5,r&b/soul,2778.0,Beastie Boys,B-Boy Bouillabaisse: A.W.O.L. (2009 Digital Remaster),hip hop,2016.0,Ja Rule,One of Us,hip hop,1833.0,Lauryn Hill,Interlude 5,r&b/soul,2452.32,Beastie Boys,B-Boy Bouillabaisse: A.W.O.L. (2009 Digital Remaster),hip hop,1743.6412500000001,Ja Rule,One of Us,hip hop,1636.0875000000017,The Starting Line,Photography,punk,0.6413408846177058,Pigeon John,Growin' Old,hip hop,0.6270552968291512,Pretty Maids,Perfect Stranger,metal,0.6115632869142172,The Starting Line,Photography,punk,0.649652866201779,Pigeon John,Growin' Old,hip hop,0.6422040191894371,Pretty Maids,Perfect Stranger,metal,0.6240552973474305
TROGUOT128F147F39A,SOPFDRI12A6D4F83F4,ARHTAPO1187FB5AADE,Iron Maiden,Phantom Of The Opera (Live) (1998 Digital Remaster),metal,Lauryn Hill,Interlude 5,r&b/soul,4990.0,Twista,I'm A Winner (Amended Album Version),hip hop,3658.0,Eminem,My Darling,hip hop,3483.0,Lauryn Hill,Interlude 5,r&b/soul,4688.239999999999,Twista,I'm A Winner (Amended Album Version),hip hop,3460.7899999999995,Eminem,My Darling,hip hop,3298.2949999999983,HELLYEAH,Nausea,metal,0.8406231946758768,Harry Belafonte,Angelina,latin,0.8371306691765787,Delta Goodrem,Predictable,pop,0.8348878714500753,HELLYEAH,Nausea,metal,0.8467369926646121,Harry Belafonte,Angelina,latin,0.8429679722119156,Delta Goodrem,Predictable,pop,0.840067919980346
TRJYSJS128EF356B75,SOTFXJB12A58A7692B,ARQATWU1187B98EE26,Ill Niño,Re-Birth,metal,Lauryn Hill,Interlude 5,r&b/soul,9791.0,Twista,I'm A Winner (Amended Album Version),hip hop,8922.0,Five,That's What You Told Me,pop,7795.0,Lauryn Hill,Interlude 5,r&b/soul,9169.079999999996,Twista,I'm A Winner (Amended Album Version),hip hop,8515.554999999997,Five,That's What You Told Me,pop,7556.710000000002,Sean Lennon,Into The Sun,jazz,0.8338938474189721,The Berzerker,All About You,metal,0.7416617882204967,Avant,Out of Character,blues,0.7410632597529286,Sean Lennon,Into The Sun,jazz,0.8377308272040479,Avant,Out of Character,blues,0.7489598668381433,The Berzerker,All About You,metal,0.748672022688164
TRSUANW128F930BD52,SOHWQLM12AB017E46B,ARDZQ7Z1187B99711A,Kamelot,This Pain,metal,Lauryn Hill,Interlude 5,r&b/soul,2009.0,Beastie Boys,B-Boy Bouillabaisse: A.W.O.L. (2009 Digital Remaster),hip hop,1722.0,Eminem,8 Mile,hip hop,1405.0,Lauryn Hill,Interlude 5,r&b/soul,1760.599999999999,Beastie Boys,B-Boy Bouillabaisse: A.W.O.L. (2009 Digital Remaster),hip hop,1514.268749999999,Eminem,8 Mile,hip hop,1248.2312499999982,Organized Konfusion,Releasing Hypnotical Gases,hip hop,0.5750933171604559,Bob Dylan,Ballad In Plain D,folk,0.5724776268885771,Less Than Jake,Abandon Ship,reggae,0.5659868946676431,Organized Konfusion,Releasing Hypnotical Gases,hip hop,0.5980200053758546,Bob Dylan,Ballad In Plain D,folk,0.5941583075925528,Less Than Jake,Abandon Ship,reggae,0.586963426420464
TRRIRCF128F426A606,SOFRVOH12A8C132F50,ARXPPEY1187FB51DF4,Michael Jackson,You Are Not Alone,pop,Lauryn Hill,Interlude 5,r&b/soul,8798.0,Twista,I'm A Winner (Amended Album Version),hip hop,7672.0,Eminem,My Darling,hip hop,7036.0,Lauryn Hill,Interlude 5,r&b/soul,8176.079999999994,Twista,I'm A Winner (Amended Album Version),hip hop,7265.554999999994,Eminem,My Darling,hip hop,6655.327500000004,New Found Glory,Dressed To Kill,punk,0.7811525199246071,Royksopp,You Don't Have A Clue,electronic,0.7752268528358752,G4,To Where You Are,classical,0.766868064645428,New Found Glory,Dressed To Kill,punk,0.7874136640838154,Royksopp,You Don't Have A Clue,electronic,0.7824166637149198,G4,To Where You Are,classical,0.7746958016316867
TREUPHA128F4278F34,SOTLPVB12CF5CFD7F3,ARXPPEY1187FB51DF4,Michael Jackson,Baby Be Mine,pop,Lauryn Hill,Interlude 5,r&b/soul,7579.0,Twista,I'm A Winner (Amended Album Version),hip hop,6234.0,Beastie Boys,B-Boy Bouillabaisse: A.W.O.L. (2009 Digital Remaster),hip hop,5254.0,Lauryn Hill,Interlude 5,r&b/soul,6964.439999999993,Twista,I'm A Winner (Amended Album Version),hip hop,5832.364999999996,Erykah Badu,I Want You,r&b/soul,4890.132500000002,Kelly Clarkson,Anytime,pop,0.7605082734012643,Alice Smith,Dream,r&b/soul,0.7570053656774904,Fat Joe,Preacher On A Sunday Morning,hip hop,0.7260830175609759,Kelly Clarkson,Anytime,pop,0.7709399009187753,Alice Smith,Dream,r&b/soul,0.7679262438085412,Fat Joe,Preacher On A Sunday Morning,hip hop,0.7391723196073088
TRQAWKR128F425EEC3,SOFHEBR12CF5F892C7,ARXPPEY1187FB51DF4,Michael Jackson,Man In The Mirror,pop,Lauryn Hill,Interlude 5,r&b/soul,22971.0,Twista,I'm A Winner (Amended Album Version),hip hop,19432.0,Beastie Boys,B-Boy Bouillabaisse: A.W.O.L. (2009 Digital Remaster),hip hop,15159.0,Lauryn Hill,Interlude 5,r&b/soul,20648.919999999995,Twista,I'm A Winner (Amended Album Version),hip hop,17914.444999999992,Beastie Boys,B-Boy Bouillabaisse: A.W.O.L. (2009 Digital Remaster),hip hop,13217.097500000003,Petey Pablo,Show Me The Money,hip hop,0.5718009748687517,Bow Wow,Sunshine,hip hop,0.5643738229200912,Lucy Pearl,LaLa,r&b/soul,0.541175082722025,Petey Pablo,Show Me The Money,hip hop,0.5897635004021178,Bow Wow,Sunshine,hip hop,0.5880589018332385,Souls Of Mischief,One,hip hop,0.5623304492220924
TRCYAYD128F92F3758,SODIHGW12CF5F88001,ARXPPEY1187FB51DF4,Michael Jackson,Why You Wanna Trip On Me,pop,Lauryn Hill,Interlude 5,r&b/soul,4979.0,Danity Kane,Hold Me Down (Album Version),r&b/soul,4785.0,Five,That's What You Told Me,pop,4464.0,Danity Kane,Hold Me Down (Album Version),r&b/soul,4585.515000000002,Lauryn Hill,Interlude 5,r&b/soul,4548.440000000001,Five,That's What You Told Me,pop,4299.029999999998,Thomas Dybdahl,U,pop,0.6201604165101683,Bessie Smith,Thinking Blues,blues,0.5978789187092537,George Ducas,Shame On Me,country,0.5962427569999834,Thomas Dybdahl,U,pop,0.6283285693322629,Bessie Smith,Thinking Blues,blues,0.6096649878630613,George Ducas,Shame On Me,country,0.604518605708452
TRGJXNX128F92F8757,SOEURRQ12D02194749,ARORMBJ1241B9CDB1A,Ke$ha,TiK ToK,pop,Lauryn Hill,Interlude 5,r&b/soul,4104.0,Beastie Boys,B-Boy Bouillabaisse: A.W.O.L. (2009 Digital Remaster),hip hop,4058.0,Twista,I'm A Winner (Amended Album Version),hip hop,3618.0,Beastie Boys,B-Boy Bouillabaisse: A.W.O.L. (2009 Digital Remaster),hip hop,3562.5224999999987,Lauryn Hill,Interlude 5,r&b/soul,3511.519999999999,Twista,I'm A Winner (Amended Album Version),hip hop,3230.7949999999987,Mobb Deep,Trife Life,hip hop,0.6667075262446405,Spice Girls,Ain't No Stopping Us Now,r&b/soul,0.6613966525856648,Warren G,We Brings Heat,hip hop,0.621176259226523,Mobb Deep,Trife Life,hip hop,0.6893796234755959,Spice Girls,Ain't No Stopping Us Now,r&b/soul,0.6782559135932518,Warren G,We Brings Heat,hip hop,0.6453767728066259
TRNQDAJ128F92F4AE0,SOQDMKM12A58A7A9B2,ARF5M7Q1187FB501E8,Maroon 5,Nothing Lasts Forever,pop,Lauryn Hill,Interlude 5,r&b/soul,5698.0,Twista,I'm A Winner (Amended Album Version),hip hop,4709.0,Nelly,Splurge,hip hop,4008.0,Lauryn Hill,Interlude 5,r&b/soul,5114.719999999998,Twista,I'm A Winner (Amended Album Version),hip hop,4327.807500000003,Erykah Badu,I Want You,r&b/soul,3793.6287500000053,Useless I.D.,It's Alright,punk,0.6977854778434904,Angela Bofill,I Try,r&b/soul,0.628835058860999,Nelly,Splurge,hip hop,0.6256400206416594,Useless I.D.,It's Alright,punk,0.7116653289954948,Lou Reed,So Alone,rock,0.6444344381904505,Nelly,Splurge,hip hop,0.6425857531241738
TRHKYKI128E07921BC,SOPOYAC12D021B2BE2,ARDCFNZ1187FB3DDB0,Enrique Iglesias,Roamer,pop,Beastie Boys,B-Boy Bouillabaisse: A.W.O.L. (2009 Digital Remaster),hip hop,5514.0,Eminem,8 Mile,hip hop,4976.0,Lauryn Hill,Interlude 5,r&b/soul,4622.0,Beastie Boys,B-Boy Bouillabaisse: A.W.O.L. (2009 Digital Remaster),hip hop,5063.146249999994,Eminem,8 Mile,hip hop,4635.753749999998,Rufio,Over It (Acoustic),punk,4199.241249999997,Us3,It's Like That,jazz,0.7552979748719143,Eminem,8 Mile,hip hop,0.7517455508574978,Dead Prez,Fucked Up,hip hop,0.7362588804630822,Us3,It's Like That,jazz,0.7666848213591823,Eminem,8 Mile,hip hop,0.7642215266355509,Dead Prez,Fucked Up,hip hop,0.7497658843732983
TRTJYFF128F9340CA9,SOYXNXN12A8C131F3D,ARML3X41187FB35F2E,Jason Mraz,Live High (Album Version),pop,Lauryn Hill,Interlude 5,r&b/soul,2496.0,Daft Punk,Touch It / Technologic,electronic,2054.0,Vanilla Ice,Ice Is Workin' It,hip hop,2044.0,Lauryn Hill,Interlude 5,r&b/soul,2100.4000000000005,Daft Punk,Touch It / Technologic,electronic,1897.8562500000005,Vanilla Ice,Ice Is Workin' It,hip hop,1856.9500000000005,Blackstreet,Black & White,hip hop,0.5000502692115252,Jolie Holland,Mexico City,folk,0.4874932228677985,The Brian Setzer Orchestra,Let's Live It Up,jazz,0.46026191946309697,Blackstreet,Black & White,hip hop,0.5247903083791047,Jolie Holland,Mexico City,folk,0.5052363035421391,Jamiroquai,Virtual Insanity,r&b/soul,0.4831657252356816
TRMBGMX128F92FD769,SOREOCT12AB0184E18,ARKSZW81187B9B695D,Mariah Carey,Did I Do That?,pop,Lauryn Hill,Interlude 5,r&b/soul,12494.0,Twista,I'm A Winner (Amended Album Version),hip hop,9967.0,Eminem,My Darling,hip hop,8848.0,Lauryn Hill,Interlude 5,r&b/soul,11608.960000000001,Twista,I'm A Winner (Amended Album Version),hip hop,9388.597499999998,Erykah Badu,I Want You,r&b/soul,8478.72375,Charlie Wilson,What You Do To Me,r&b/soul,0.7990768675616651,Brand New Heavies_ The,"You Are The Universe (Roger's Universal 7"" Edit)",jazz,0.7631379539420372,A Tribe Called Quest,The Hop,hip hop,0.7616972696340067,Charlie Wilson,What You Do To Me,r&b/soul,0.8054571054467728,A Tribe Called Quest,The Hop,hip hop,0.770880030994126,Kevin Devine,It's Only Your Life,folk,0.769442004214009
TRWMZQL128F9306DCB,SOQWWOQ12AAF3B22EA,ARKSZW81187B9B695D,Mariah Carey,I'll Be There,pop,Lauryn Hill,Interlude 5,r&b/soul,7134.0,Twista,I'm A Winner (Amended Album Version),hip hop,6537.0,Beastie Boys,B-Boy Bouillabaisse: A.W.O.L. (2009 Digital Remaster),hip hop,6522.0,Lauryn Hill,Interlude 5,r&b/soul,6594.879999999995,Twista,I'm A Winner (Amended Album Version),hip hop,6184.667500000001,Erykah Badu,I Want You,r&b/soul,6073.858749999974,RyanDan,I'll Be There,classical,0.9570638510280608,Ben Harper And The Blind Boys Of Alabama,There Will Be A Light,blues,0.7905674614617443,The Dells,It's All Up To You,r&b/soul,0.7835298542592499,RyanDan,I'll Be There,classical,0.9577936708564238,Ben Harper And The Blind Boys Of Alabama,There Will Be A Light,blues,0.793572943575263,The Dells,It's All Up To You,r&b/soul,0.7879539273141432
TRRIZDV128F92C1F17,SOBQRXD12A8C13FB26,ARBAW9R1187B98FB6B,Natasha Bedingfield,I Think They're Thinking - Interlude,pop,Beastie Boys,B-Boy Bouillabaisse: A.W.O.L. (2009 Digital Remaster),hip hop,1039.0,Lauryn Hill,Interlude 5,r&b/soul,1025.0,Nelly,Splurge,hip hop,989.0,Beastie Boys,B-Boy Bouillabaisse: A.W.O.L. (2009 Digital Remaster),hip hop,938.98125,Nelly,Splurge,hip hop,929.4437499999981,Mario Vazquez,Everytime I...,r&b/soul,907.4374999999967,The Bastard Fairies,Guns And Dolls,rock,0.569484557071863,Whitney Houston,Thinking About You,pop,0.5649859531015334,Cherish,Oooh,r&b/soul,0.5641155363161795,The Bastard Fairies,Guns And Dolls,rock,0.5804846047689669,Whitney Houston,Thinking About You,pop,0.5771466951321084,Cherish,Oooh,r&b/soul,0.575380998347272
TREXAZN128F425A825,SOUPUNL12A8AE48502,ARBAW9R1187B98FB6B,Natasha Bedingfield,Silent Movie,pop,Lauryn Hill,Interlude 5,r&b/soul,4849.0,Twista,I'm A Winner (Amended Album Version),hip hop,3575.0,Danity Kane,Hold Me Down (Album Version),r&b/soul,3340.0,Lauryn Hill,Interlude 5,r&b/soul,4438.68,Twista,I'm A Winner (Amended Album Version),hip hop,3306.842500000001,Danity Kane,Hold Me Down (Album Version),r&b/soul,3149.8925000000027,Ricky Nelson,Mighty Good,rock,0.708094771581105,Delta Goodrem,Predictable,pop,0.6978586134139816,Royksopp,You Don't Have A Clue,electronic,0.6955586950005662,Ricky Nelson,Mighty Good,rock,0.7196103777143457,Delta Goodrem,Predictable,pop,0.7081814897881549,Royksopp,You Don't Have A Clue,electronic,0.7073473561605901
TRFYGMB128F425A7A2,SOXDIRH12A8AE45FD5,ARBAW9R1187B98FB6B,Natasha Bedingfield,Stumble,pop,Lauryn Hill,Interlude 5,r&b/soul,8293.0,Twista,I'm A Winner (Amended Album Version),hip hop,7445.0,Erykah Badu,I Want You,r&b/soul,6090.0,Lauryn Hill,Interlude 5,r&b/soul,7764.920000000005,Twista,I'm A Winner (Amended Album Version),hip hop,7099.882500000009,Erykah Badu,I Want You,r&b/soul,5895.916250000007,Chris Brown,Ain't No Way (You Won't Love Me),r&b/soul,0.8264005546707714,Clawfinger,Revenge,metal,0.8228813036135704,Anastacia,Club Megamix,rock,0.817867016162311,Chris Brown,Ain't No Way (You Won't Love Me),r&b/soul,0.8328130724606821,Clawfinger,Revenge,metal,0.829075976700141,Anastacia,Club Megamix,rock,0.825193747963769
TRSRDVR128F92E6CF4,SOIXPFM12AF72A3189,ARDCFNZ1187FB3DDB0,Enrique Iglesias,Heroe,pop,Twista,I'm A Winner (Amended Album Version),hip hop,5891.0,Lauryn Hill,Interlude 5,r&b/soul,5886.0,Erykah Badu,I Want You,r&b/soul,4997.0,Twista,I'm A Winner (Amended Album Version),hip hop,5616.829999999988,Lauryn Hill,Interlude 5,r&b/soul,5466.4800000000005,Erykah Badu,I Want You,r&b/soul,4842.814999999987,Enrique Iglesias,Little Girl,pop,0.9954110187808046,Hello Saferide,Get Sick Soon,folk,0.7844123410835808,Level 42,To Be With You Again,pop,0.7607457760687034,Enrique Iglesias,Little Girl,pop,0.9955455951265381,Hello Saferide,Get Sick Soon,folk,0.7907233705356336,Level 42,To Be With You Again,pop,0.7681179384037037
TRNHATG128F428BC8A,SOVSGRO12A8C138859,ARDCFNZ1187FB3DDB0,Enrique Iglesias,Little Girl,pop,Twista,I'm A Winner (Amended Album Version),hip hop,5753.0,Lauryn Hill,Interlude 5,r&b/soul,5725.0,Erykah Badu,I Want You,r&b/soul,4868.0,Twista,I'm A Winner (Amended Album Version),hip hop,5488.449999999993,Lauryn Hill,Interlude 5,r&b/soul,5320.199999999997,Erykah Badu,I Want You,r&b/soul,4719.2250000000095,Enrique Iglesias,Heroe,pop,0.9954110187808053,Hello Saferide,Get Sick Soon,folk,0.7799721965660319,Level 42,To Be With You Again,pop,0.7645189525473,Enrique Iglesias,Heroe,pop,0.9955455951265381,Hello Saferide,Get Sick Soon,folk,0.7863453831346229,Level 42,To Be With You Again,pop,0.7716834565632026
TREMCSO128F4215877,SOSVMLR12A6D4F7921,ARDCFNZ1187FB3DDB0,Enrique Iglesias,Ruleta Rusa,pop,Violadores del Verso,Dale tiempo al rumor,hip hop,2382.0,Johnny Prez,Te Vuelvo Loca,reggae,2139.0,Tego Calderon,Al Natural (Amended Version),latin,2070.0,Violadores del Verso,Dale tiempo al rumor,hip hop,2274.2624999999975,Johnny Prez,Te Vuelvo Loca,reggae,2070.5749999999953,Tego Calderon,Al Natural (Amended Version),latin,1996.900000000005,Luis Miguel,La Media Vuelta,latin,0.7549448460135583,Karamelo Santo,Sacrificio,rock,0.7538834485062885,Johnny Prez,Entra,reggae,0.7437941526091741,Karamelo Santo,Sacrificio,rock,0.7600404918828338,Luis Miguel,La Media Vuelta,latin,0.7593498242919043,Johnny Prez,Entra,reggae,0.7500954419169308
TRMMVPU128F145EC99,SOTTMRS12A6D4F791C,ARDCFNZ1187FB3DDB0,Enrique Iglesias,Contigo,pop,Violadores del Verso,Dale tiempo al rumor,hip hop,3252.0,Tego Calderon,Al Natural (Amended Version),latin,2707.0,Violadores del Verso,Cantando,hip hop,2568.0,Violadores del Verso,Dale tiempo al rumor,hip hop,3108.1387500000064,Tego Calderon,Al Natural (Amended Version),latin,2609.389999999996,Violadores del Verso,Cantando,hip hop,2441.163749999999,Buena Vista Social Club,Candela,latin,0.7256498183406741,Ricardo Montaner,En el último lugar del mundo,latin,0.7186265787581418,Atahualpa Yupanqui,Milonga Del Solitario,folk,0.7133281137274411,Buena Vista Social Club,Candela,latin,0.731668371221979,Ricardo Montaner,En el último lugar del mundo,latin,0.724427634398472,Atahualpa Yupanqui,Milonga Del Solitario,folk,0.7207350918709684
TRFKPYW128F92F21C5,SOJHZAT12D02198B73,AR6PJ8R1187FB5AD70,Shakira,Años Luz,pop,Violadores del Verso,Dale tiempo al rumor,hip hop,2295.0,Violadores del Verso,Cantando,hip hop,1947.0,Los Van Van,El Negro Está Cocinando,latin,1893.0,Violadores del Verso,Dale tiempo al rumor,hip hop,2208.8100000000004,Violadores del Verso,Cantando,hip hop,1871.0100000000014,Los Van Van,El Negro Está Cocinando,latin,1844.5500000000015,Aventura,Obsesion (English Remix_ Album Version),latin,0.8448204165353131,Ana Gabriel,Clemencia,latin,0.8344049196672085,La 5A Estacion,Algo Mas,latin,0.8319353726922657,Aventura,Obsesion (English Remix_ Album Version),latin,0.8486064974777672,Ana Gabriel,Clemencia,latin,0.8379461754934256,La 5A Estacion,Algo Mas,latin,0.8350606568769703
TRCUKHR128F92DF656,SOCWCZN12A8C14388F,ARQ32IT1187FB589D3,Sara Bareilles,Love Song,pop,Lauryn Hill,Interlude 5,r&b/soul,9640.0,Twista,I'm A Winner (Amended Album Version),hip hop,9321.0,Eminem,My Darling,hip hop,7152.0,Lauryn Hill,Interlude 5,r&b/soul,8940.800000000003,Twista,I'm A Winner (Amended Album Version),hip hop,8864.049999999988,Erykah Badu,I Want You,r&b/soul,6780.024999999989,Chris Brown,Ain't No Way (You Won't Love Me),r&b/soul,0.810271533276964,Clawfinger,Revenge,metal,0.7885339231925994,Jeff Timmons,Can't You See,pop,0.785034612012587,Chris Brown,Ain't No Way (You Won't Love Me),r&b/soul,0.8174797111797105,Clawfinger,Revenge,metal,0.7961043133471438,Mutya Buena,Not Your Baby,pop,0.7920351793826961
TRDLWAP128F428F6B9,SORXKZB12AF72A1F72,AR0S7TA1187FB4D024,Christina Aguilera,Candyman,pop,Lauryn Hill,Interlude 5,r&b/soul,2374.0,Beastie Boys,B-Boy Bouillabaisse: A.W.O.L. (2009 Digital Remaster),hip hop,2114.0,Ja Rule,One of Us,hip hop,2024.0,Lauryn Hill,Interlude 5,r&b/soul,1976.5600000000022,Ja Rule,One of Us,hip hop,1783.6999999999953,Beastie Boys,B-Boy Bouillabaisse: A.W.O.L. (2009 Digital Remaster),hip hop,1781.6299999999994,Binary Star,Wolfman Jack,hip hop,0.6312732669389767,Bellamy Brothers,Old Hippie,country,0.6214458595136203,Bad Religion,Automatic Man (Album Version),punk,0.6136401008442085,Binary Star,Wolfman Jack,hip hop,0.6556354648529685,Bellamy Brothers,Old Hippie,country,0.6376046190404733,Bad Religion,Automatic Man (Album Version),punk,0.6288748355708191
TRPEWXU12903CE6EA2,SONLEKN12AC9618818,ARVOZXD12454A4CC66,Selena Gomez & The Scene,Tell Me Something I Don't Know,pop,Lauryn Hill,Interlude 5,r&b/soul,11672.0,R. Kelly,I Mean (I Don't Mean It),r&b/soul,10461.0,Beastie Boys,B-Boy Bouillabaisse: A.W.O.L. (2009 Digital Remaster),hip hop,9474.0,Lauryn Hill,Interlude 5,r&b/soul,10805.359999999982,R. Kelly,I Mean (I Don't Mean It),r&b/soul,10094.208750000003,Nelly,Splurge,hip hop,8941.446249999994,Faithless,Salva Mea,electronic,0.7588440151627045,Willie Nelson,All Of Me,country,0.7425361450786518,Nancy Sinatra,Flowers On The Wall,pop,0.7086726376355676,Faithless,Salva Mea,electronic,0.7640494606995895,Willie Nelson,All Of Me,country,0.7486372291303719,Nancy Sinatra,Flowers On The Wall,pop,0.7159010857040885
TRAYJOF128F92F9EEA,SOAYXCJ12AB0183822,ARJGIOD1187B9AE920,Kelly Clarkson,Cry,pop,Lauryn Hill,Interlude 5,r&b/soul,9255.0,Twista,I'm A Winner (Amended Album Version),hip hop,8700.0,Beastie Boys,B-Boy Bouillabaisse: A.W.O.L. (2009 Digital Remaster),hip hop,7576.0,Lauryn Hill,Interlude 5,r&b/soul,8535.559999999998,Twista,I'm A Winner (Amended Album Version),hip hop,8229.822499999991,Erykah Badu,I Want You,r&b/soul,7207.586249999994,Mario Vazquez,Everytime I...,r&b/soul,0.8178212504789796,Corinne Bailey Rae,I'd Like To,r&b/soul,0.7973045189921637,Less Than Jake,I Think I Love You,reggae,0.7914075967035932,Mario Vazquez,Everytime I...,r&b/soul,0.8202984502943056,Corinne Bailey Rae,I'd Like To,r&b/soul,0.8047271924485088,Bouncing Souls_ The,Pervert,electronic,0.7981103760430076
TRARKBB128F92E9468,SORUPLB12A8C14211F,ARFWL8S1187B9B4B44,Céline Dion,Zora sourit,pop,Lauryn Hill,Interlude 5,r&b/soul,983.0,Twiztid,She Ain't Afraid,hip hop,770.0,Sniper,Panam All Star,hip hop,764.0,Lauryn Hill,Interlude 5,r&b/soul,670.1999999999999,Fonky Family,L'Amour Du Risque,hip hop,640.4999999999986,Sniper,Panam All Star,hip hop,639.8999999999993,Jacques Dutronc,Laquelle Des Deux Est La Plus Snob,pop,0.36493063263509634,Miss Kittin,3ème Sexe,electronic,0.3642775093494522,Raine Maida,Earthless,folk,0.3442080806887702,Miss Kittin,3ème Sexe,electronic,0.38996967967815976,Jacques Dutronc,Laquelle Des Deux Est La Plus Snob,pop,0.3890252053892492,Raine Maida,Earthless,folk,0.37426056242920896
TRFBXJZ128F92D25C0,SOZGQFY12A8C140D8B,ARUFTTR1187FB3A4B0,Newsboys,Dance,pop,Lauryn Hill,Interlude 5,r&b/soul,2566.0,Beastie Boys,B-Boy Bouillabaisse: A.W.O.L. (2009 Digital Remaster),hip hop,2058.0,Twista,I'm A Winner (Amended Album Version),hip hop,2056.0,Lauryn Hill,Interlude 5,r&b/soul,2168.5600000000027,Twista,I'm A Winner (Amended Album Version),hip hop,1796.2600000000034,Beastie Boys,B-Boy Bouillabaisse: A.W.O.L. (2009 Digital Remaster),hip hop,1725.6300000000008,Pete Rock & C.L. Smooth,Act Like You Know (LP Version),hip hop,0.5181697298261113,Bahamadia,WordPlay,hip hop,0.5012728597937021,Dilated Peoples,Ruggedness,hip hop,0.48237284578994133,Pete Rock & C.L. Smooth,Act Like You Know (LP Version),hip hop,0.5471104547616711,Bahamadia,WordPlay,hip hop,0.5160011665636731,Dilated Peoples,Ruggedness,hip hop,0.5105247911486431
TRICXDK128F92CBC3C,SOXWHWP12A8C1440F8,ARFWL8S1187B9B4B44,Céline Dion,Partout Je Vois,pop,Lauryn Hill,Interlude 5,r&b/soul,5411.0,Twista,I'm A Winner (Amended Album Version),hip hop,5291.0,Beastie Boys,B-Boy Bouillabaisse: A.W.O.L. (2009 Digital Remaster),hip hop,4549.0,Twista,I'm A Winner (Amended Album Version),hip hop,4913.415,Lauryn Hill,Interlude 5,r&b/soul,4833.240000000001,Erykah Badu,I Want You,r&b/soul,4141.657499999995,Ledisi,Best Friend,r&b/soul,0.5942864319384645,Angie Stone,Snowflakes,r&b/soul,0.5874335919058798,Next,I Still Love You,r&b/soul,0.5863305122176753,Ledisi,Best Friend,r&b/soul,0.6106199209803829,Angie Stone,Snowflakes,r&b/soul,0.6064074052526383,Dixie Chicks,Mississippi,country,0.6005705159146837
TRZNHJN128F4293FC2,SOVODWN12D02199268,ARJGIOD1187B9AE920,Kelly Clarkson,Anytime,pop,Lauryn Hill,Interlude 5,r&b/soul,8741.0,Twista,I'm A Winner (Amended Album Version),hip hop,7814.0,Eminem,My Darling,hip hop,6174.0,Lauryn Hill,Interlude 5,r&b/soul,8097.000000000013,Twista,I'm A Winner (Amended Album Version),hip hop,7393.124999999993,Erykah Badu,I Want You,r&b/soul,5824.312499999986,Thalia,Alguien Real (Baby_ I'm In Love),latin,0.7677465741256755,Alice Smith,Dream,r&b/soul,0.7641149898992977,Anastacia,Club Megamix,rock,0.7633399455512293,Thalia,Alguien Real (Baby_ I'm In Love),latin,0.776801579017345,Anastacia,Club Megamix,rock,0.7747048050262816,Alice Smith,Dream,r&b/soul,0.7745176011074857
TRPKKZG128F92E495A,SOODGZY12A8C141F44,ARQEBGJ122E6447D2B,Edward Sharpe & The Magnetic Zeros,Simplest Love,pop,Stevie Wonder,All Day Sucker,r&b/soul,665.0,Brick & Lace,Love Is Wicked,r&b/soul,547.0,Dilated Peoples,Love And War,hip hop,456.0,Stevie Wonder,All Day Sucker,r&b/soul,640.8699999999977,Brick & Lace,Love Is Wicked,r&b/soul,519.0699999999973,Dilated Peoples,Love And War,hip hop,437.3799999999994,Manhattan Transfer,Love For Sale (LP Version),jazz,0.59554106150272,Ryan Adams,My Love For You Is Real,country,0.5633270057054441,Caetano Veloso,Love For Sale,latin,0.5335555987784929,Manhattan Transfer,Love For Sale (LP Version),jazz,0.6011078428933582,Ryan Adams,My Love For You Is Real,country,0.5704295605069961,Caetano Veloso,Love For Sale,latin,0.5402551638186823
TRVPPSC128F92EC9C2,SORRVTP12A8C13FFAF,ARQ2I6K1187FB59949,Colbie Caillat,Midnight Bottle,pop,Lauryn Hill,Interlude 5,r&b/soul,3451.0,Twista,I'm A Winner (Amended Album Version),hip hop,3062.0,Beastie Boys,B-Boy Bouillabaisse: A.W.O.L. (2009 Digital Remaster),hip hop,2885.0,Lauryn Hill,Interlude 5,r&b/soul,3011.240000000001,Twista,I'm A Winner (Amended Album Version),hip hop,2774.6024999999986,Beastie Boys,B-Boy Bouillabaisse: A.W.O.L. (2009 Digital Remaster),hip hop,2517.2387499999973,Dina Carroll,Don't Be A Stranger,pop,0.6046069189830114,In Flames,Only For The Weak,metal,0.56752478026294,Alicia Keys,Try Sleeping With A Broken Heart,r&b/soul,0.5647730470505982,Dina Carroll,Don't Be A Stranger,pop,0.6260203823237321,Onyx,Feel Me,hip hop,0.5933196980061832,In Flames,Only For The Weak,metal,0.5855376817908355
TRCJADX128F428D3E0,SOKPSGM12A8C1381DE,AR03BDP1187FB5B324,Britney Spears,Let Me Be,pop,Lauryn Hill,Interlude 5,r&b/soul,11300.0,Twista,I'm A Winner (Amended Album Version),hip hop,8604.0,Beastie Boys,B-Boy Bouillabaisse: A.W.O.L. (2009 Digital Remaster),hip hop,8578.0,Lauryn Hill,Interlude 5,r&b/soul,10494.079999999993,Erykah Badu,I Want You,r&b/soul,8127.802500000009,Twista,I'm A Winner (Amended Album Version),hip hop,8077.304999999994,Alison Krauss / Union Station,Baby Now That I've Found You,country,0.7749752103441925,Anastacia,Club Megamix,rock,0.768353084505738,Toni Braxton,Love Affair,r&b/soul,0.7639826988870388,Alison Krauss / Union Station,Baby Now That I've Found You,country,0.7815844439734705,Anastacia,Club Megamix,rock,0.7761534299422532,Toni Braxton,Love Affair,r&b/soul,0.7719389916322995
TRKJKJV128F425E247,SOEMDUJ12A8AE460E2,ARW9FP41187B98C2A7,Annie Lennox,Big Sky,pop,Lauryn Hill,Interlude 5,r&b/soul,3223.0,Twista,I'm A Winner (Amended Album Version),hip hop,3098.0,Beastie Boys,B-Boy Bouillabaisse: A.W.O.L. (2009 Digital Remaster),hip hop,2489.0,Lauryn Hill,Interlude 5,r&b/soul,2919.3999999999996,Twista,I'm A Winner (Amended Album Version),hip hop,2899.587499999999,Beastie Boys,B-Boy Bouillabaisse: A.W.O.L. (2009 Digital Remaster),hip hop,2235.1062499999985,Fat Joe,Preacher On A Sunday Morning,hip hop,0.6256009629784014,the bird and the bee,Witch,pop,0.6109997611788902,Angie Stone,Snowflakes,r&b/soul,0.5896395115083055,Fat Joe,Preacher On A Sunday Morning,hip hop,0.6414659499487988,the bird and the bee,Witch,pop,0.62155020755253,Angie Stone,Snowflakes,r&b/soul,0.6061603034467242
TRXMQNH128F4287D61,SOSHPHO12A58A7D1F5,AR30R5E1187B9AD78A,Whitney Houston,Thinking About You,pop,Lauryn Hill,Interlude 5,r&b/soul,10860.0,Twista,I'm A Winner (Amended Album Version),hip hop,10022.0,Erykah Badu,I Want You,r&b/soul,9587.0,Lauryn Hill,Interlude 5,r&b/soul,10009.919999999998,Twista,I'm A Winner (Amended Album Version),hip hop,9466.444999999983,Erykah Badu,I Want You,r&b/soul,9274.572499999998,Less Than Jake,I Think I Love You,reggae,0.7826517099758206,Cherish,Oooh,r&b/soul,0.7672246724298544,Chrisette Michele,All I Ever Think About,r&b/soul,0.754618901818473,Less Than Jake,I Think I Love You,reggae,0.7889969690422559,Cherish,Oooh,r&b/soul,0.7740031409220594,Chrisette Michele,All I Ever Think About,r&b/soul,0.7634068533009658
TRXXPYK128F14805B7,SOYLXQZ12A6D4F99CA,AR9W3X91187FB3994C,Phil Collins,A Groovy Kind Of Love (Live),pop,Lauryn Hill,Interlude 5,r&b/soul,3709.0,Twista,I'm A Winner (Amended Album Version),hip hop,3303.0,Erykah Badu,I Want You,r&b/soul,2926.0,Lauryn Hill,Interlude 5,r&b/soul,3414.5999999999976,Twista,I'm A Winner (Amended Album Version),hip hop,3110.599999999999,Erykah Badu,I Want You,r&b/soul,2817.7999999999956,Amel Larrieux,Sweet Misery,r&b/soul,0.7425284398036519,Hello Saferide,Get Sick Soon,folk,0.7368458846882777,Anastacia,Club Megamix,rock,0.7288325625340264,Amel Larrieux,Sweet Misery,r&b/soul,0.7522530540869348,Hello Saferide,Get Sick Soon,folk,0.7452540939763487,Anastacia,Club Megamix,rock,0.7407846807501905
TRGQFUZ128F92ED646,SORBUNE12AB017CDD2,AR65K7A1187FB4DAA4,Beyoncé,That's Why You're Beautiful,pop,Lauryn Hill,Interlude 5,r&b/soul,3180.0,Michael Jackson,Man In The Mirror,pop,2376.0,Beastie Boys,B-Boy Bouillabaisse: A.W.O.L. (2009 Digital Remaster),hip hop,2150.0,Lauryn Hill,Interlude 5,r&b/soul,2857.9999999999945,Michael Jackson,Man In The Mirror,pop,2099.937499999995,Beastie Boys,B-Boy Bouillabaisse: A.W.O.L. (2009 Digital Remaster),hip hop,1880.7187499999966,Selena,Tu Eres,latin,0.5970835467137305,Michael Bublé,That's All (Album Version),classical,0.5487831399325467,CSS,Beautiful Song,electronic,0.532389007097975,Selena,Tu Eres,latin,0.610654637076813,Michael Bublé,That's All (Album Version),classical,0.5648205602196629,CSS,Beautiful Song,electronic,0.5538723560390673
TRPAJJF128F428D18A,SOIHYXH12D0219A26C,AR30R5E1187B9AD78A,Whitney Houston,Step By Step,pop,Young Jeezy,By The Way,hip hop,5075.0,Lauryn Hill,Interlude 5,r&b/soul,4369.0,Beastie Boys,B-Boy Bouillabaisse: A.W.O.L. (2009 Digital Remaster),hip hop,4154.0,Young Jeezy,By The Way,hip hop,4810.65,Lauryn Hill,Interlude 5,r&b/soul,3743.4000000000024,Beastie Boys,B-Boy Bouillabaisse: A.W.O.L. (2009 Digital Remaster),hip hop,3630.824999999994,Young Jeezy,By The Way,hip hop,0.6305301152936614,Tom Waits,Flash Pan Hunter/Intro,classical,0.5166647091610208,Patty Griffin,Every Little Bit,country,0.5162073665779237,Young Jeezy,By The Way,hip hop,0.6428824630883891,Patty Griffin,Every Little Bit,country,0.5313794072904473,Tom Waits,Flash Pan Hunter/Intro,classical,0.5247130742536599
TRLPDIB128F42289CC,SOOVOWN12A8AE46AA6,AR03BDP1187FB5B324,Britney Spears,Piece Of Me (Main Version),pop,Lauryn Hill,Interlude 5,r&b/soul,8660.0,Twista,I'm A Winner (Amended Album Version),hip hop,7165.0,Danity Kane,Hold Me Down (Album Version),r&b/soul,6896.0,Lauryn Hill,Interlude 5,r&b/soul,7979.200000000011,Twista,I'm A Winner (Amended Album Version),hip hop,6720.074999999992,Danity Kane,Hold Me Down (Album Version),r&b/soul,6580.57499999999,The Falcon,The Angry Cry Of The Angry Pie,punk,0.734609174474449,Voxtrot,Kid Gloves,pop,0.6430368214907599,TO/DIE/FOR,Dying Embers,metal,0.6310921905162336,The Falcon,The Angry Cry Of The Angry Pie,punk,0.742411191472892,Voxtrot,Kid Gloves,pop,0.6538073748739257,TO/DIE/FOR,Dying Embers,metal,0.6423728089374924
TRJTTMZ128F930924B,SOLDVYF12AB017D892,AR03BDP1187FB5B324,Britney Spears,Can't Make You Love Me,pop,Lauryn Hill,Interlude 5,r&b/soul,12190.0,Twista,I'm A Winner (Amended Album Version),hip hop,11738.0,Beastie Boys,B-Boy Bouillabaisse: A.W.O.L. (2009 Digital Remaster),hip hop,9832.0,Lauryn Hill,Interlude 5,r&b/soul,11277.359999999988,Twista,I'm A Winner (Amended Album Version),hip hop,11141.560000000016,Erykah Badu,I Want You,r&b/soul,9471.579999999996,Anastacia,Club Megamix,rock,0.8321898356721628,Bay City Rollers,Where Will I Be Now,pop,0.8055180964465294,Jonny Lang,Breakin Me,blues,0.7964666431859956,Anastacia,Club Megamix,rock,0.8388693588307584,Bay City Rollers,Where Will I Be Now,pop,0.8130500883644655,Jonny Lang,Breakin Me,blues,0.8047746727559942
TRKGGHK128F42999EF,SOQBVLW12A8C13B29C,AR03BDP1187FB5B324,Britney Spears,Girl In The Mirror,pop,Lauryn Hill,Interlude 5,r&b/soul,4724.0,Beastie Boys,B-Boy Bouillabaisse: A.W.O.L. (2009 Digital Remaster),hip hop,4639.0,Twista,I'm A Winner (Amended Album Version),hip hop,3963.0,Lauryn Hill,Interlude 5,r&b/soul,4291.599999999996,Beastie Boys,B-Boy Bouillabaisse: A.W.O.L. (2009 Digital Remaster),hip hop,4277.393750000002,Twista,I'm A Winner (Amended Album Version),hip hop,3680.412500000013,John Denver,El Paso,rock,0.7173502005370312,Corinne Bailey Rae,Emeraldine,jazz,0.6886460772426845,Snoop Dogg,Snoopafella (Edited),hip hop,0.6872634522727085,John Denver,El Paso,rock,0.7289598635638569,Snoop Dogg,Snoopafella (Edited),hip hop,0.7003520632880552,Corinne Bailey Rae,Emeraldine,jazz,0.6963056758277201
TRLTYLK128F92FE6FF,SOWVIEO12AB0182D10,AR03BDP1187FB5B324,Britney Spears,Radar,pop,Lauryn Hill,Interlude 5,r&b/soul,13754.0,Twista,I'm A Winner (Amended Album Version),hip hop,12861.0,Beastie Boys,B-Boy Bouillabaisse: A.W.O.L. (2009 Digital Remaster),hip hop,11876.0,Lauryn Hill,Interlude 5,r&b/soul,12902.080000000005,Twista,I'm A Winner (Amended Album Version),hip hop,12304.242499999984,Beastie Boys,B-Boy Bouillabaisse: A.W.O.L. (2009 Digital Remaster),hip hop,11163.558750000004,Twista,Get It How You Live  (Explicit Chopped & Screwed Version),hip hop,0.7695696264274694,Brother Firetribe,Lover Tonite,rock,0.7484952818109895,Fat Joe,Preacher On A Sunday Morning,hip hop,0.7334761458409198,Twista,Get It How You Live  (Explicit Chopped & Screwed Version),hip hop,0.7744642893343668,Brother Firetribe,Lover Tonite,rock,0.7542495904793188,Fat Joe,Preacher On A Sunday Morning,hip hop,0.7390553798575576
TRNEGIP128F4296261,SOGQSNV12A8C139B54,AR03BDP1187FB5B324,Britney Spears,When Your Eyes Say It,pop,Lauryn Hill,Interlude 5,r&b/soul,9339.0,Twista,I'm A Winner (Amended Album Version),hip hop,7408.0,Beastie Boys,B-Boy Bouillabaisse: A.W.O.L. (2009 Digital Remaster),hip hop,6578.0,Lauryn Hill,Interlude 5,r&b/soul,8685.799999999992,Twista,I'm A Winner (Amended Album Version),hip hop,6981.112499999992,Vanilla Ice,Ice Is Workin' It,hip hop,6180.149999999985,R. Kelly,Kickin' It With Your Girlfriend,r&b/soul,0.7408443993532302,Sara Gazarek,Yours (Live),jazz,0.7127635984070154,Bananarama,Lovebite,pop,0.7036895767319893,R. Kelly,Kickin' It With Your Girlfriend,r&b/soul,0.749883342787364,Sara Gazarek,Yours (Live),jazz,0.7225252008099253,Bananarama,Lovebite,pop,0.7142749021053271
TRUWOUE128F14867BF,SOAEEWF12A6D4FAD71,AR6LZB61187B9AF431,Depeche Mode,Precious (Live In Milan),pop,Lauryn Hill,Interlude 5,r&b/soul,2123.0,Beastie Boys,B-Boy Bouillabaisse: A.W.O.L. (2009 Digital Remaster),hip hop,1578.0,Twista,I'm A Winner (Amended Album Version),hip hop,1533.0,Lauryn Hill,Interlude 5,r&b/soul,1867.2400000000005,Twista,I'm A Winner (Amended Album Version),hip hop,1365.8525000000022,Beastie Boys,B-Boy Bouillabaisse: A.W.O.L. (2009 Digital Remaster),hip hop,1364.113750000001,Maxwell,NoOne,r&b/soul,0.5509927318464861,Devo,Soft Things,electronic,0.49698730624730475,Hieroglyphics,You Never Knew,hip hop,0.4928776277854118,Maxwell,NoOne,r&b/soul,0.5702667037524347,Hieroglyphics,You Never Knew,hip hop,0.5255076659009053,Dixie Chicks,Mississippi,country,0.5217648492943788
TRFJKWU12903CC37B1,SOLXVSH12AB018BE14,AR5K3CW1187FB45B46,Crystal Castles,Insectica,punk,Twista,I'm A Winner (Amended Album Version),hip hop,1492.0,Lauryn Hill,Interlude 5,r&b/soul,1490.0,Eminem,My Darling,hip hop,1447.0,Twista,I'm A Winner (Amended Album Version),hip hop,1395.8000000000002,Eminem,My Darling,hip hop,1356.9000000000015,Lauryn Hill,Interlude 5,r&b/soul,1342.7999999999986,Hanne Hukkelberg,Displaced,jazz,0.7055497163291732,Chanté Moore,When It Comes To Me,r&b/soul,0.6636685644333832,Jonny Lang,Breakin Me,blues,0.6607105949221511,Hanne Hukkelberg,Displaced,jazz,0.7145395062704731,Jonny Lang,Breakin Me,blues,0.6739130434782609,Chanté Moore,When It Comes To Me,r&b/soul,0.673855179021523
TRVEUUV128F428AB29,SOEFPNV12A8C13A346,ARACDPV1187FB58DF4,Motion City Soundtrack,Cambridge (Album Version),punk,Lauryn Hill,Interlude 5,r&b/soul,1348.0,Beastie Boys,B-Boy Bouillabaisse: A.W.O.L. (2009 Digital Remaster),hip hop,1270.0,The Pharcyde,Otha Fish,hip hop,1039.0,Lauryn Hill,Interlude 5,r&b/soul,1147.4400000000005,Beastie Boys,B-Boy Bouillabaisse: A.W.O.L. (2009 Digital Remaster),hip hop,1102.27625,The Pharcyde,Otha Fish,hip hop,934.768749999999,The Fray,Over My Head (Cable Car),rock,0.573646043495661,Gorillaz,Rhinestone Eyes,electronic,0.5125275773256088,Vendetta Red,Opiate Summer,punk,0.5063887005084204,The Fray,Over My Head (Cable Car),rock,0.5945963053240351,Gorillaz,Rhinestone Eyes,electronic,0.5410841543810523,Dead Can Dance,I Am Stretched On Your Grave (Live Remastered),electronic,0.5305787019362456
TRMZJSE12903D00E60,SOZGAOO12AB017EBA2,ARACDPV1187FB58DF4,Motion City Soundtrack,Disappear,punk,Twista,I'm A Winner (Amended Album Version),hip hop,5905.0,Lauryn Hill,Interlude 5,r&b/soul,5816.0,Erykah Badu,I Want You,r&b/soul,4893.0,Twista,I'm A Winner (Amended Album Version),hip hop,5651.272499999994,Lauryn Hill,Interlude 5,r&b/soul,5427.760000000005,Erykah Badu,I Want You,r&b/soul,4750.311249999993,Clawfinger,Revenge,metal,0.7818060665078779,Zombie Girl,I Want It,electronic,0.7813399395836053,Next,I Still Love You,r&b/soul,0.7753805019041466,Clawfinger,Revenge,metal,0.7885603017668223,Zombie Girl,I Want It,electronic,0.7866966210344944,Next,I Still Love You,r&b/soul,0.7816818948578419
TRIGZIY128F42348C1,SOWMAZE12A58A79390,ARACDPV1187FB58DF4,Motion City Soundtrack,Fell in Love Without You (Cd),punk,Lauryn Hill,Interlude 5,r&b/soul,2793.0,Beastie Boys,B-Boy Bouillabaisse: A.W.O.L. (2009 Digital Remaster),hip hop,2047.0,The Pharcyde,Otha Fish,hip hop,2012.0,Lauryn Hill,Interlude 5,r&b/soul,2496.7599999999984,The Pharcyde,Otha Fish,hip hop,1858.04375,Beastie Boys,B-Boy Bouillabaisse: A.W.O.L. (2009 Digital Remaster),hip hop,1799.2612499999993,Level 42,Lessons In Love,pop,0.6515205923173878,Strung Out,Dead Spaces,metal,0.625685029408375,Frank Sinatra,In The Blue Of The Evening,jazz,0.6241501447671639,Level 42,Lessons In Love,pop,0.6634932958895056,Strung Out,Dead Spaces,metal,0.6399773388089581,Frank Sinatra,In The Blue Of The Evening,jazz,0.6359558643793364
TRZGUYI128F42368DF,SOGAERS12A58A7F67D,ARACDPV1187FB58DF4,Motion City Soundtrack,Point Of Extinction (Cd),punk,Lauryn Hill,Interlude 5,r&b/soul,5177.0,Twista,I'm A Winner (Amended Album Version),hip hop,4914.0,Beastie Boys,B-Boy Bouillabaisse: A.W.O.L. (2009 Digital Remaster),hip hop,4544.0,Lauryn Hill,Interlude 5,r&b/soul,4680.199999999999,Twista,I'm A Winner (Amended Album Version),hip hop,4589.325000000006,Beastie Boys,B-Boy Bouillabaisse: A.W.O.L. (2009 Digital Remaster),hip hop,4128.537499999998,Blues Traveler,Hook,blues,0.7098270389733563,Eminem,Rabbit Run,hip hop,0.7092421207728266,Kenickie,I Never Complain,punk,0.6946495081559579,Eminem,Rabbit Run,hip hop,0.7238252218777514,Blues Traveler,Hook,blues,0.7234576966416139,Elvis Costello,Puck Two,classical,0.707599610617793
TRJQRJO12903D00E65,SOBMDGH12AC3DF9D80,ARACDPV1187FB58DF4,Motion City Soundtrack,Stand Too Close,punk,Lauryn Hill,Interlude 5,r&b/soul,3802.0,Twista,I'm A Winner (Amended Album Version),hip hop,3555.0,Beastie Boys,B-Boy Bouillabaisse: A.W.O.L. (2009 Digital Remaster),hip hop,2908.0,Lauryn Hill,Interlude 5,r&b/soul,3432.160000000004,Twista,I'm A Winner (Amended Album Version),hip hop,3313.297500000005,Erykah Badu,I Want You,r&b/soul,2630.0737500000037,Elin Sigvardsson,If I,reggae,0.7117138060483779,Heavenly,Tool,pop,0.6457813381069004,Brian McKnight,The Biggest Part Of Me,r&b/soul,0.6445602731581977,Elin Sigvardsson,If I,reggae,0.72150479919644,Heavenly,Tool,pop,0.6610325849404158,David Allan Coe,Just To Prove My Love For You,country,0.6605067018466592
TRQMNKZ12903D00E5B,SOSEINE12AC3DF608E,ARACDPV1187FB58DF4,Motion City Soundtrack,Worker Bee,punk,Beastie Boys,B-Boy Bouillabaisse: A.W.O.L. (2009 Digital Remaster),hip hop,1452.0,Eminem,8 Mile,hip hop,1366.0,Lauryn Hill,Interlude 5,r&b/soul,1352.0,Beastie Boys,B-Boy Bouillabaisse: A.W.O.L. (2009 Digital Remaster),hip hop,1290.4312499999994,Eminem,8 Mile,hip hop,1244.06875,R. Kelly,I Mean (I Don't Mean It),r&b/soul,1221.2312499999978,Common,Book Of Life,hip hop,0.5738156861157898,Ella Fitzgerald,I Got It Bad (and That Ain't Good),jazz,0.5641008933145308,Mac Lethal,Rotten Apple Pie,hip hop,0.5632132667910992,Common,Book Of Life,hip hop,0.591750157130537,Mac Lethal,Rotten Apple Pie,hip hop,0.5854537258521889,The Pharcyde,Pack The Pipe,hip hop,0.5837569013174864
TRMZSJY128F4255BE9,SOGKVVX12A81C224D1,ARNBMT71187B993523,Interpol,Mind Over Time,punk,Lauryn Hill,Interlude 5,r&b/soul,1378.0,Beastie Boys,B-Boy Bouillabaisse: A.W.O.L. (2009 Digital Remaster),hip hop,1213.0,Rufio,Over It (Acoustic),punk,1111.0,Lauryn Hill,Interlude 5,r&b/soul,1175.5999999999965,Beastie Boys,B-Boy Bouillabaisse: A.W.O.L. (2009 Digital Remaster),hip hop,1043.7374999999997,Rufio,Over It (Acoustic),punk,1042.3875000000028,The Associates,Logan Time,punk,0.5251694507348528,Demolition Hammer,Mindrot,metal,0.5174792115587323,The Box Tops,Happy Times,pop,0.4999396416588293,The Associates,Logan Time,punk,0.5324817082241688,Demolition Hammer,Mindrot,metal,0.5261629690193306,The Box Tops,Happy Times,pop,0.5112786019323207
TRVQHEV128F4259AB2,SOYQVWF12D0219A2C4,AR13CXU1187B9AD30A,The Clash,I Fought The Law,punk,Lauryn Hill,Interlude 5,r&b/soul,4325.0,Beastie Boys,B-Boy Bouillabaisse: A.W.O.L. (2009 Digital Remaster),hip hop,4261.0,Eminem,8 Mile,hip hop,3736.0,Lauryn Hill,Interlude 5,r&b/soul,4135.479999999998,Beastie Boys,B-Boy Bouillabaisse: A.W.O.L. (2009 Digital Remaster),hip hop,4102.508750000003,Eminem,8 Mile,hip hop,3616.3912500000047,Manafest,Runaway,hip hop,0.852247305447831,The Cat Empire,The Car Song,reggae,0.8161598467740905,Ramones,Needles And Pins (Remastered Album Version ),punk,0.8083592999904627,Manafest,Runaway,hip hop,0.8509200911589332,The Cat Empire,The Car Song,reggae,0.8132895579234755,Ramones,Needles And Pins (Remastered Album Version ),punk,0.8080586112382928
TRVMLEW128F425A82D,SOFEOUD12D021B1FC4,AR13CXU1187B9AD30A,The Clash,The Magnificent Seven,punk,Lauryn Hill,Interlude 5,r&b/soul,7461.0,Twista,I'm A Winner (Amended Album Version),hip hop,5484.0,Michael Jackson,Man In The Mirror,pop,4925.0,Lauryn Hill,Interlude 5,r&b/soul,6794.919999999999,Twista,I'm A Winner (Amended Album Version),hip hop,5048.695000000004,Erykah Badu,I Want You,r&b/soul,4481.197500000003,Kevin Devine,It's Only Your Life,folk,0.7502114586580458,Joss Stone,Killing Time,r&b/soul,0.7430032656307043,A Tribe Called Quest,The Hop,hip hop,0.7399541216536965,Kevin Devine,It's Only Your Life,folk,0.7595553601981182,A Tribe Called Quest,The Hop,hip hop,0.7551371391488695,Joss Stone,Killing Time,r&b/soul,0.7530481842462741
TRWVZBZ128F1462E08,SOKLVHU12A6D4F4778,AR048JZ1187B9AEB85,Yellowcard,Believe,punk,Lauryn Hill,Interlude 5,r&b/soul,4526.0,Beastie Boys,B-Boy Bouillabaisse: A.W.O.L. (2009 Digital Remaster),hip hop,3248.0,Twista,I'm A Winner (Amended Album Version),hip hop,2679.0,Lauryn Hill,Interlude 5,r&b/soul,3922.480000000001,Beastie Boys,B-Boy Bouillabaisse: A.W.O.L. (2009 Digital Remaster),hip hop,2743.2899999999977,Ledisi,Alright,r&b/soul,2461.2,Ledisi,Alright,r&b/soul,0.6013791461857495,Lauryn Hill,Everything Is Everything,r&b/soul,0.5270296594780627,The Enemy,It's Not OK [Live From London],rock,0.5061057784346032,Ledisi,Alright,r&b/soul,0.6159661448303315,Lauryn Hill,Everything Is Everything,r&b/soul,0.5483085128288824,The Enemy,It's Not OK [Live From London],rock,0.5266699434660874
TRQYGUV128F1462E01,SOTEFLI12A6D4F4771,AR048JZ1187B9AEB85,Yellowcard,Empty Apartment,punk,Lauryn Hill,Interlude 5,r&b/soul,5963.0,Twista,I'm A Winner (Amended Album Version),hip hop,4647.0,Danity Kane,Hold Me Down (Album Version),r&b/soul,3760.0,Lauryn Hill,Interlude 5,r&b/soul,5543.480000000002,Twista,I'm A Winner (Amended Album Version),hip hop,4372.83,Danity Kane,Hold Me Down (Album Version),r&b/soul,3565.6299999999956,Classified,All About U,hip hop,0.7930815008868383,Kevin Devine,It's Only Your Life,folk,0.7555546316559796,The Zutons,What's Your Problem,rock,0.7525587827266561,Classified,All About U,hip hop,0.802501845009226,Kevin Devine,It's Only Your Life,folk,0.7643475916700233,The Zutons,What's Your Problem,rock,0.7622586802967409
TRBKLDM128F427D0DA,SOMGXHN12A58A7929F,ARZWK2R1187B98F09F,Rise Against,But Tonight We Dance,punk,Lauryn Hill,Interlude 5,r&b/soul,4386.0,Beastie Boys,B-Boy Bouillabaisse: A.W.O.L. (2009 Digital Remaster),hip hop,3217.0,Twista,I'm A Winner (Amended Album Version),hip hop,2976.0,Lauryn Hill,Interlude 5,r&b/soul,4003.2800000000007,Beastie Boys,B-Boy Bouillabaisse: A.W.O.L. (2009 Digital Remaster),hip hop,2896.94,Twista,I'm A Winner (Amended Album Version),hip hop,2725.880000000005,Vashti Bunyan,Hidden,folk,0.6593196150094328,Atmosphere,Happymess,hip hop,0.6441307277286521,Elvis Costello,Puck Two,classical,0.6400259523592,Vashti Bunyan,Hidden,folk,0.6741762677871569,Atmosphere,Happymess,hip hop,0.6625272403282761,Elvis Costello,Puck Two,classical,0.6591083402857786
TRKSDBX128F9345DC9,SOZQVQL12AB01860A8,ARZWK2R1187B98F09F,Rise Against,Faint Resemblance,punk,Lauryn Hill,Interlude 5,r&b/soul,3517.0,Beastie Boys,B-Boy Bouillabaisse: A.W.O.L. (2009 Digital Remaster),hip hop,2586.0,Erykah Badu,I Want You,r&b/soul,2339.0,Lauryn Hill,Interlude 5,r&b/soul,3215.24,Beastie Boys,B-Boy Bouillabaisse: A.W.O.L. (2009 Digital Remaster),hip hop,2333.644999999999,Erykah Badu,I Want You,r&b/soul,2228.0950000000025,Tony Sly,On the Outside,folk,0.6664977046527597,Dar Williams,Are You Out There,folk,0.6548289483086792,Alannah Myles,I Love You,jazz,0.6462399386898026,Tony Sly,On the Outside,folk,0.6827870937948103,Dar Williams,Are You Out There,folk,0.6713566002289092,Alannah Myles,I Love You,jazz,0.6655135748747238
TRMGOLR128F933A7DB,SOYDERO12A6D4F72BC,ARZWK2R1187B98F09F,Rise Against,Survive,punk,Lauryn Hill,Interlude 5,r&b/soul,4185.0,Hollywood Undead,Undead,hip hop,2796.0,The Prodigy,We Gonna Rock,electronic,2718.0,Lauryn Hill,Interlude 5,r&b/soul,3645.8799999999997,The Prodigy,We Gonna Rock,electronic,2606.660000000001,Hollywood Undead,Undead,hip hop,2542.188749999998,The Misfits,Static Age,punk,0.6889561780477291,Modern Life Is War,Destination: Death or Better Days,metal,0.6866576694446255,Thompson Twins,We Are Detective,pop,0.679044534194976,Modern Life Is War,Destination: Death or Better Days,metal,0.6988727693714599,The Misfits,Static Age,punk,0.694586823866838,Thompson Twins,We Are Detective,pop,0.6896343266765022
TRFNVPY128F92D2626,SOUKLPY12A8C1451A8,ARZWK2R1187B98F09F,Rise Against,The Dirt Whispered,punk,Beastie Boys,B-Boy Bouillabaisse: A.W.O.L. (2009 Digital Remaster),hip hop,3252.0,Lauryn Hill,Interlude 5,r&b/soul,3062.0,Eminem,8 Mile,hip hop,2899.0,Beastie Boys,B-Boy Bouillabaisse: A.W.O.L. (2009 Digital Remaster),hip hop,2930.4012499999935,Lauryn Hill,Interlude 5,r&b/soul,2677.440000000001,Eminem,8 Mile,hip hop,2656.2987500000077,Common,Book Of Life,hip hop,0.7291292995498294,RODNEY CROWELL,Preachin' To The Choir,country,0.7274307230129832,Wade Hayes,I'm Still Dancin' With You,country,0.7166599105005218,Common,Book Of Life,hip hop,0.7417775692200579,RODNEY CROWELL,Preachin' To The Choir,country,0.7411651089584385,Wade Hayes,I'm Still Dancin' With You,country,0.7311551614511401
TRPSYVF128F428A446,SOQAAVL12A8C13C158,ARP28RX1187B9AF6C4,The Offspring,Get It Right (Album Version),punk,Lauryn Hill,Interlude 5,r&b/soul,3935.0,Beastie Boys,B-Boy Bouillabaisse: A.W.O.L. (2009 Digital Remaster),hip hop,3449.0,Twista,I'm A Winner (Amended Album Version),hip hop,3367.0,Lauryn Hill,Interlude 5,r&b/soul,3555.9599999999996,Beastie Boys,B-Boy Bouillabaisse: A.W.O.L. (2009 Digital Remaster),hip hop,3132.0174999999945,Twista,I'm A Winner (Amended Album Version),hip hop,3119.284999999992,Veruca Salt,Stoneface,rock,0.6797783982232338,New Found Glory,I'll Never Love Again,punk,0.6754940000982854,Gang Starr,Code Of The Streets (Explicit),hip hop,0.6648292196587238,Veruca Salt,Stoneface,rock,0.690200242094388,New Found Glory,I'll Never Love Again,punk,0.6840906921800699,Gang Starr,Code Of The Streets (Explicit),hip hop,0.6817800417174624
TROGTUS128F932D6CB,SOSVNOS12AB01831D7,ARP28RX1187B9AF6C4,The Offspring,Want You Bad,punk,Lauryn Hill,Interlude 5,r&b/soul,4813.0,Twista,I'm A Winner (Amended Album Version),hip hop,4510.0,Erykah Badu,I Want You,r&b/soul,3978.0,Lauryn Hill,Interlude 5,r&b/soul,4505.719999999998,Twista,I'm A Winner (Amended Album Version),hip hop,4309.182499999998,Erykah Badu,I Want You,r&b/soul,3865.0662499999976,Beastie Boys,So What'Cha Want (Butt Naked Version) (Explicit) (2009 Digital Remaster),hip hop,0.7923761857122203,Clawfinger,Revenge,metal,0.7914956272938068,Angela Bofill,I Try,r&b/soul,0.7896786552576078,Beastie Boys,So What'Cha Want (Butt Naked Version) (Explicit) (2009 Digital Remaster),hip hop,0.7991199678096599,Clawfinger,Revenge,metal,0.7979245614795774,Angela Bofill,I Try,r&b/soul,0.7954905739980809
TRZVPFY128F92E19DF,SOPXOZV12AAF3B462D,ARP28RX1187B9AF6C4,The Offspring,Staring At The Sun,punk,Lauryn Hill,Interlude 5,r&b/soul,6817.0,Twista,I'm A Winner (Amended Album Version),hip hop,6499.0,Beastie Boys,B-Boy Bouillabaisse: A.W.O.L. (2009 Digital Remaster),hip hop,5836.0,Lauryn Hill,Interlude 5,r&b/soul,6195.0799999999945,Twista,I'm A Winner (Amended Album Version),hip hop,6092.554999999995,Eminem,My Darling,hip hop,5368.327500000007,Kevin Devine,Fever Moon,folk,0.7395774479076869,Clawfinger,Revenge,metal,0.7310384865398267,Amanda Jenssen,Don't Worry,r&b/soul,0.6993608344713026,Kevin Devine,Fever Moon,folk,0.7501832560096057,Clawfinger,Revenge,metal,0.7407940579777026,Amanda Jenssen,Don't Worry,r&b/soul,0.7112920499480058
TRGAEVY128F428BEF6,SOWLEBB12A8C13972F,AR46CAD1187FB4D84B,Bad Religion,Operation Rescue,punk,Lauryn Hill,Interlude 5,r&b/soul,2094.0,Beastie Boys,B-Boy Bouillabaisse: A.W.O.L. (2009 Digital Remaster),hip hop,1450.0,Eminem,My Darling,hip hop,1214.0,Lauryn Hill,Interlude 5,r&b/soul,1827.200000000001,Beastie Boys,B-Boy Bouillabaisse: A.W.O.L. (2009 Digital Remaster),hip hop,1226.8812500000004,Eminem,My Darling,hip hop,1050.6937500000015,Fad Gadget,Plain Clothes,electronic,0.57669467293518,Suffocation,Brood Of Hatred (Album Version),metal,0.5752083467334745,Built To Spill,Planting Seeds,rock,0.5530248312312934,Fad Gadget,Plain Clothes,electronic,0.5967933663219459,Suffocation,Brood Of Hatred (Album Version),metal,0.5924374104983581,Built To Spill,Planting Seeds,rock,0.5783789616986831
TRPTWJT128F422F239,SOAOSYE12A6D4FB832,AR10USD1187B99F3F1,Silverstein,When Broken Is Easily Fixed (Album Version),punk,Lauryn Hill,Interlude 5,r&b/soul,3968.0,Danity Kane,Hold Me Down (Album Version),r&b/soul,3347.0,Five,That's What You Told Me,pop,3061.0,Lauryn Hill,Interlude 5,r&b/soul,3645.999999999992,Danity Kane,Hold Me Down (Album Version),r&b/soul,3197.8125000000045,Five,That's What You Told Me,pop,2937.6249999999955,Jill Scott,He Loves Me (Lyzel In E Flat),r&b/soul,0.7243852888582912,Michael Penn,Comfort,rock,0.717348424704836,Taylor Swift,Crazier,country,0.697984422827936,Jill Scott,He Loves Me (Lyzel In E Flat),r&b/soul,0.728433473710059,Michael Penn,Comfort,rock,0.7262262332197584,Taylor Swift,Crazier,country,0.709096476192283
TRPYGVQ128E078EFE9,SOEDBQL12A670213B3,ARWA6NT1187FB3F15C,The Cure,Want,punk,Lauryn Hill,Interlude 5,r&b/soul,5579.0,Twista,I'm A Winner (Amended Album Version),hip hop,4571.0,Erykah Badu,I Want You,r&b/soul,4071.0,Lauryn Hill,Interlude 5,r&b/soul,5247.800000000002,Twista,I'm A Winner (Amended Album Version),hip hop,4354.5499999999965,Erykah Badu,I Want You,r&b/soul,3949.27499999999,Beastie Boys,So What'Cha Want (Butt Naked Version) (Explicit) (2009 Digital Remaster),hip hop,0.6963210362069803,Bouncing Souls_ The,Pervert,electronic,0.6875904805395817,Shania Twain,All Fired Up_ No Place To Go,country,0.6822005754465854,Beastie Boys,So What'Cha Want (Butt Naked Version) (Explicit) (2009 Digital Remaster),hip hop,0.7036822071249154,Bouncing Souls_ The,Pervert,electronic,0.6949354270021553,Shania Twain,All Fired Up_ No Place To Go,country,0.6897099032142422
TRJNMGP128F92E0427,SOGXZZI12AAF3B2704,AR8UICP11C8A4154FD,Hey Monday,Josey,punk,Lauryn Hill,Interlude 5,r&b/soul,3317.0,Beastie Boys,B-Boy Bouillabaisse: A.W.O.L. (2009 Digital Remaster),hip hop,2241.0,Daft Punk,Touch It / Technologic,electronic,2104.0,Lauryn Hill,Interlude 5,r&b/soul,2934.28,Daft Punk,Touch It / Technologic,electronic,1952.9400000000032,Beastie Boys,B-Boy Bouillabaisse: A.W.O.L. (2009 Digital Remaster),hip hop,1920.9400000000028,The Bluetones,Carnt Be Trusted,pop,0.6742306252578413,Bruce Hornsby and the Range,The Way It Is,rock,0.6285831885418387,Raine Maida,Earthless,folk,0.6148410342354329,The Bluetones,Carnt Be Trusted,pop,0.689886393722987,Bruce Hornsby and the Range,The Way It Is,rock,0.6448952609528046,Raine Maida,Earthless,folk,0.6299635498994527
TRVWMAR128F425A2DA,SOMFMFC12A8AE45B47,AR13CXU1187B9AD30A,The Clash,1-2 Crush On You,punk,Twista,I'm A Winner (Amended Album Version),hip hop,7262.0,Lauryn Hill,Interlude 5,r&b/soul,7112.0,Erykah Badu,I Want You,r&b/soul,6549.0,Twista,I'm A Winner (Amended Album Version),hip hop,6958.970000000009,Lauryn Hill,Interlude 5,r&b/soul,6648.319999999999,Erykah Badu,I Want You,r&b/soul,6378.58499999999,Electric Light Orchestra,Auntie (Ma-Ma-Ma Belle),rock,0.8140767045237227,Brian McKnight,Holdin' On [Missin' U] (Album Version),r&b/soul,0.7801241176967921,Mel & Kim,System,pop,0.7772882131287153,Electric Light Orchestra,Auntie (Ma-Ma-Ma Belle),rock,0.8184781019138007,Brian McKnight,Holdin' On [Missin' U] (Album Version),r&b/soul,0.7856285670674079,Mel & Kim,System,pop,0.7833750247726515
TRCKZBM128F425A2DD,SOJPDPR12A8AE45B50,AR13CXU1187B9AD30A,The Clash,Brand New Cadillac,punk,Lauryn Hill,Interlude 5,r&b/soul,1562.0,Twiztid,She Ain't Afraid,hip hop,1429.0,K-Ci & JoJo,Baby Come Back,blues,1412.0,Lauryn Hill,Interlude 5,r&b/soul,1343.0399999999993,K-Ci & JoJo,Baby Come Back,blues,1338.3687500000026,Twiztid,She Ain't Afraid,hip hop,1301.5212500000005,Billy Squier,She's A Runner (24-Bit Digitally Remastered 02),rock,0.5783845825398573,Asaf Avidan & the Mojos,Over You Blues,blues,0.5554113248611335,Willie Dixon,That's My Baby,blues,0.527152899167438,Billy Squier,She's A Runner (24-Bit Digitally Remastered 02),rock,0.5914153703399583,Asaf Avidan & the Mojos,Over You Blues,blues,0.5664108791144276,Willie Dixon,That's My Baby,blues,0.5405233696340517
TRCFCHA128F4259A75,SORYRRU12A8AE45B60,AR13CXU1187B9AD30A,The Clash,Cool Confusion,punk,Lauryn Hill,Interlude 5,r&b/soul,2022.0,Beastie Boys,B-Boy Bouillabaisse: A.W.O.L. (2009 Digital Remaster),hip hop,1901.0,The Pharcyde,Otha Fish,hip hop,1723.0,Lauryn Hill,Interlude 5,r&b/soul,1699.9999999999932,Beastie Boys,B-Boy Bouillabaisse: A.W.O.L. (2009 Digital Remaster),hip hop,1631.7187499999986,The Pharcyde,Otha Fish,hip hop,1555.656250000004,The Supremes,Stranger In Paradise,r&b/soul,0.5983002946014038,The Itals,In Deh,reggae,0.5782416006054936,The Be Good Tanyas,Midnight Moonlight,folk,0.5682863611064938,The Supremes,Stranger In Paradise,r&b/soul,0.6146838438611498,Wu-Tang Clan,The What,hip hop,0.6011684529081096,The Itals,In Deh,reggae,0.5947372708263751
TRYSJKQ128F4259A73,SOKVAFU12A8AE46882,AR13CXU1187B9AD30A,The Clash,First Night Back In London,punk,Lauryn Hill,Interlude 5,r&b/soul,1438.0,Beastie Boys,B-Boy Bouillabaisse: A.W.O.L. (2009 Digital Remaster),hip hop,1407.0,Twista,I'm A Winner (Amended Album Version),hip hop,1226.0,Beastie Boys,B-Boy Bouillabaisse: A.W.O.L. (2009 Digital Remaster),hip hop,1245.4312499999996,Lauryn Hill,Interlude 5,r&b/soul,1244.7999999999997,Twista,I'm A Winner (Amended Album Version),hip hop,1099.737500000002,A Tribe Called Quest,Baby Phife's Return,hip hop,0.6312523736707458,John Denver,El Paso,rock,0.6295263127494262,Beastie Boys,B-Boy Bouillabaisse: A.W.O.L. (2009 Digital Remaster),hip hop,0.6210111243512166,A Tribe Called Quest,Baby Phife's Return,hip hop,0.658400987137392,John Denver,El Paso,rock,0.6533716809077528,Beastie Boys,B-Boy Bouillabaisse: A.W.O.L. (2009 Digital Remaster),hip hop,0.6491256390286232
TRAQKVC128F425E65C,SOUTRYP12A8AE46BC6,AR13CXU1187B9AD30A,The Clash,Inoculated City,punk,Lauryn Hill,Interlude 5,r&b/soul,1291.0,Ja Rule,One of Us,hip hop,937.0,Beastie Boys,B-Boy Bouillabaisse: A.W.O.L. (2009 Digital Remaster),hip hop,894.0,Lauryn Hill,Interlude 5,r&b/soul,1118.0399999999993,Ja Rule,One of Us,hip hop,832.4250000000002,Beastie Boys,B-Boy Bouillabaisse: A.W.O.L. (2009 Digital Remaster),hip hop,749.3575000000006,Immortal Technique,The 4th Branch,hip hop,0.5811706635845548,Don Francisco,Adam_ Where Are You?,country,0.5555592093800175,Andrew Lloyd Webber,Masquerade,classical,0.5524027015457202,Immortal Technique,The 4th Branch,hip hop,0.6038773798613895,Andrew Lloyd Webber,Masquerade,classical,0.5774355286412254,Don Francisco,Adam_ Where Are You?,country,0.5774148486359397
TRUASIU128F425A1D7,SOKPHTL12A8AE47058,AR13CXU1187B9AD30A,The Clash,Lost In The Supermarket,punk,Beastie Boys,B-Boy Bouillabaisse: A.W.O.L. (2009 Digital Remaster),hip hop,6301.0,Eminem,8 Mile,hip hop,6162.0,Mario Vazquez,Everytime I...,r&b/soul,5834.0,Beastie Boys,B-Boy Bouillabaisse: A.W.O.L. (2009 Digital Remaster),hip hop,5916.312499999964,Eminem,8 Mile,hip hop,5871.687500000038,Mario Vazquez,Everytime I...,r&b/soul,5693.375,Mary Black,Raven In The Storm,folk,0.7749839111112752,Patricia Barber,The Moon,jazz,0.7591238984445269,Mest,Can't Take This (Album Version),punk,0.7583462770525866,Mary Black,Raven In The Storm,folk,0.779075409628105,Patricia Barber,The Moon,jazz,0.763768800811405,Mest,Can't Take This (Album Version),punk,0.7633558973227766
TROLGMC128F4259BB8,SOMAATM12A8AE45E6A,AR13CXU1187B9AD30A,The Clash,Overpowered By Funk,punk,Lauryn Hill,Interlude 5,r&b/soul,3126.0,Beastie Boys,B-Boy Bouillabaisse: A.W.O.L. (2009 Digital Remaster),hip hop,2672.0,Twista,I'm A Winner (Amended Album Version),hip hop,2560.0,Lauryn Hill,Interlude 5,r&b/soul,2776.4000000000005,Beastie Boys,B-Boy Bouillabaisse: A.W.O.L. (2009 Digital Remaster),hip hop,2379.6375,Twista,I'm A Winner (Amended Album Version),hip hop,2331.5249999999965,Funkadelic,One Nation Under A Groove,r&b/soul,0.5893803592235488,Free,Mr. Big,rock,0.588195245111298,Anastacia,Club Megamix,rock,0.586391094963969,Funkadelic,One Nation Under A Groove,r&b/soul,0.6101384291647136,Anastacia,Club Megamix,rock,0.6090711087036049,Free,Mr. Big,rock,0.6085229691820605
TRMQMTC128F428A516,SOSTMID12A8C13A27B,AR46CAD1187FB4D84B,Bad Religion,Automatic Man (Album Version),punk,Lauryn Hill,Interlude 5,r&b/soul,1916.0,Beastie Boys,B-Boy Bouillabaisse: A.W.O.L. (2009 Digital Remaster),hip hop,1374.0,Michael Jackson,Man In The Mirror,pop,1296.0,Lauryn Hill,Interlude 5,r&b/soul,1708.08,Propellerheads,Velvet Pants,electronic,1231.273749999998,Beastie Boys,B-Boy Bouillabaisse: A.W.O.L. (2009 Digital Remaster),hip hop,1200.1212499999988,Bill Withers,Who Is He? (And What Is He To You?),r&b/soul,0.7348932779218906,Bellamy Brothers,Old Hippie,country,0.7297087633792965,Suicidal Tendencies,Possessed To Skate,metal,0.7180478349383463,Bill Withers,Who Is He? (And What Is He To You?),r&b/soul,0.7426565469688222,Bellamy Brothers,Old Hippie,country,0.7389383403275933,Suicidal Tendencies,Possessed To Skate,metal,0.7276437794230677
TRQENBA128F426093C,SOQLMHB12A8C1384BF,AR46CAD1187FB4D84B,Bad Religion,Chimaera (Album Version),punk,Lauryn Hill,Interlude 5,r&b/soul,5138.0,Twista,I'm A Winner (Amended Album Version),hip hop,3017.0,Eminem,My Darling,hip hop,2935.0,Lauryn Hill,Interlude 5,r&b/soul,4836.2400000000025,Twista,I'm A Winner (Amended Album Version),hip hop,2819.7899999999995,Eminem,My Darling,hip hop,2750.2949999999983,Small Sins,She's The Source,rock,0.8014700482395745,Anacrusis,What You Became,metal,0.7926228091290272,Bunny Wailer,Roots,reggae,0.7810602607288467,Small Sins,She's The Source,rock,0.8070223082023004,Anacrusis,What You Became,metal,0.7980182213718866,Bunny Wailer,Roots,reggae,0.7872396565780551
TRJCXHB128F428AC5B,SOLDKOL12A8C1392D1,AR46CAD1187FB4D84B,Bad Religion,Damned to Be Free (Album Version),punk,Lauryn Hill,Interlude 5,r&b/soul,1601.0,Beastie Boys,B-Boy Bouillabaisse: A.W.O.L. (2009 Digital Remaster),hip hop,1506.0,Vanilla Ice,Ice Is Workin' It,hip hop,1458.0,Lauryn Hill,Interlude 5,r&b/soul,1372.839999999997,Vanilla Ice,Ice Is Workin' It,hip hop,1350.119999999993,Beastie Boys,B-Boy Bouillabaisse: A.W.O.L. (2009 Digital Remaster),hip hop,1315.1950000000018,Tonedeff,Ridiculous,hip hop,0.640294977906487,Dan Le Sac vs Scroobius Pip,Fixed,hip hop,0.5887571466125986,Bird York,Lovely Thing,pop,0.5857897232034452,Tonedeff,Ridiculous,hip hop,0.6641014558792049,Dan Le Sac vs Scroobius Pip,Fixed,hip hop,0.6168363179918088,Bird York,Lovely Thing,pop,0.6066969872935191
TRHWAPL128F428BEEE,SOSHLOP12A8C13971C,AR46CAD1187FB4D84B,Bad Religion,Get Off,punk,Lauryn Hill,Interlude 5,r&b/soul,3021.0,Beastie Boys,B-Boy Bouillabaisse: A.W.O.L. (2009 Digital Remaster),hip hop,2859.0,Eminem,8 Mile,hip hop,2636.0,Lauryn Hill,Interlude 5,r&b/soul,2791.000000000003,Beastie Boys,B-Boy Bouillabaisse: A.W.O.L. (2009 Digital Remaster),hip hop,2666.656249999985,Eminem,8 Mile,hip hop,2490.8437500000164,Common,Book Of Life,hip hop,0.8424436271366436,Manafest,Runaway,hip hop,0.805253065662504,The Mighty Mighty Bosstones,Someday I Suppose,reggae,0.8011638761235093,Common,Book Of Life,hip hop,0.8479692210360039,Manafest,Runaway,hip hop,0.811862109141525,The Mighty Mighty Bosstones,Someday I Suppose,reggae,0.807750846776038
TRHYIAH128F14825EC,SOLIECS12A6310F220,AROBHK51187B9AD82B,Funeral For A Friend,Juneau,punk,Beastie Boys,B-Boy Bouillabaisse: A.W.O.L. (2009 Digital Remaster),hip hop,3078.0,Lauryn Hill,Interlude 5,r&b/soul,2904.0,Life Without Buildings,New Town,rock,2783.0,Beastie Boys,B-Boy Bouillabaisse: A.W.O.L. (2009 Digital Remaster),hip hop,2821.0287499999927,Life Without Buildings,New Town,rock,2655.4537499999924,Lauryn Hill,Interlude 5,r&b/soul,2596.7199999999975,Mary Black,Raven In The Storm,folk,0.6868928992379549,Swollen Members,Switchblade,hip hop,0.6840839331618439,Gorefest,Super Reality,metal,0.650314109524784,Swollen Members,Switchblade,hip hop,0.6938732714808346,Mary Black,Raven In The Storm,folk,0.6934775721850356,Gorefest,Super Reality,metal,0.6595237072114135
TRWMODL128F92E7E2A,SOLOBYS12AB017B614,ARUUP451187B9AF56E,Wire,Another The letter,punk,The Pharcyde,Otha Fish,hip hop,756.0,Michael Jackson,Man In The Mirror,pop,664.0,Lauryn Hill,Interlude 5,r&b/soul,629.0,The Pharcyde,Otha Fish,hip hop,690.9749999999991,Michael Jackson,Man In The Mirror,pop,556.7300000000006,Lauryn Hill,Interlude 5,r&b/soul,503.8800000000007,Ayreon,Prologue,metal,0.501971594908015,Cinderella Effect,Israel,classical,0.4722211219286208,The Itals,In Deh,reggae,0.4709452257138437,Ayreon,Prologue,metal,0.5187057995836745,Cinderella Effect,Israel,classical,0.49053517921735057,Subtle,Requiem for a Dive,electronic,0.49046981633151027
TRABGYE128E078278A,SODQTSE12A6310D90B,ARUUP451187B9AF56E,Wire,Strange,punk,Public Enemy,Go Cat Go,hip hop,982.0,Beastie Boys,B-Boy Bouillabaisse: A.W.O.L. (2009 Digital Remaster),hip hop,882.0,Lauryn Hill,Interlude 5,r&b/soul,831.0,Public Enemy,Go Cat Go,hip hop,937.3600000000016,Bowling For Soup,Here We Go,punk,772.2399999999992,The Pharcyde,Otha Fish,hip hop,735.2000000000005,Kelis,Trilogy,r&b/soul,0.4478460942265066,The Departure,Arms Around Me (BBC 6Music Session),rock,0.4218289357093433,Belleruche,Bought & Sold,jazz,0.41537491408642924,Kelis,Trilogy,r&b/soul,0.4647603253523263,The Departure,Arms Around Me (BBC 6Music Session),rock,0.43923618246435164,Belleruche,Bought & Sold,jazz,0.4331315117697229
TRBAQPR128F92F4AB0,SODLLJJ12A8C141D54,ARDT4K91187FB53602,The Wonder Years,Dude_ What Is a Land Pirate?,punk,Lauryn Hill,Interlude 5,r&b/soul,4562.0,Beastie Boys,B-Boy Bouillabaisse: A.W.O.L. (2009 Digital Remaster),hip hop,3111.0,Erykah Badu,I Want You,r&b/soul,2973.0,Lauryn Hill,Interlude 5,r&b/soul,4182.959999999999,Erykah Badu,I Want You,r&b/soul,2833.692499999998,Beastie Boys,B-Boy Bouillabaisse: A.W.O.L. (2009 Digital Remaster),hip hop,2794.0174999999967,Chantal Kreviazuk,Ghosts Of You,pop,0.7229487440801562,Hollywood Undead,Undead,hip hop,0.721251084732104,Digable Planets,Slowes' Comb/The May 4th Movement starring Doodlebug,reggae,0.7042266072233689,Chantal Kreviazuk,Ghosts Of You,pop,0.7369038830998202,Hollywood Undead,Undead,hip hop,0.7359877238937358,Digable Planets,Slowes' Comb/The May 4th Movement starring Doodlebug,reggae,0.7194463918810536
TRVOTRF128F148AE44,SOYCTSV12A6D4FB43C,ARMKNC21187FB4696B,Dashboard Confessional,Again I Go Unnoticed,punk,Lauryn Hill,Interlude 5,r&b/soul,2719.0,Beastie Boys,B-Boy Bouillabaisse: A.W.O.L. (2009 Digital Remaster),hip hop,2153.0,Eminem,My Darling,hip hop,1924.0,Lauryn Hill,Interlude 5,r&b/soul,2360.200000000001,Beastie Boys,B-Boy Bouillabaisse: A.W.O.L. (2009 Digital Remaster),hip hop,1852.943749999999,Life Without Buildings,New Town,rock,1714.0687499999988,Dawn of Relic,The Awakening,metal,0.573959955232988,Bebo Norman,Other Side of Day,rock,0.5711380002276887,Assemblage 23,MAPS OF REALITY,pop,0.5653855607305287,Bebo Norman,Other Side of Day,rock,0.5939071978394765,Dawn of Relic,The Awakening,metal,0.5927209844460312,Majesty,Lord Of The Damned,metal,0.5881893376910972
TRRERUT128F1477144,SOWSXYV12A58A7CCC3,ARMKNC21187FB4696B,Dashboard Confessional,Carry This Picture,punk,Lauryn Hill,Interlude 5,r&b/soul,2326.0,Beastie Boys,B-Boy Bouillabaisse: A.W.O.L. (2009 Digital Remaster),hip hop,2230.0,Eminem,8 Mile,hip hop,1875.0,Lauryn Hill,Interlude 5,r&b/soul,2053.679999999999,Beastie Boys,B-Boy Bouillabaisse: A.W.O.L. (2009 Digital Remaster),hip hop,2002.2649999999983,Eminem,8 Mile,hip hop,1703.134999999998,Andrea Bocelli,I Believe,classical,0.6699581034755734,The Cat Empire,The Car Song,reggae,0.656876264232185,Lacuna Coil,Soul Into Hades,metal,0.6565024415424625,Andrea Bocelli,I Believe,classical,0.6850096942744679,The Cat Empire,The Car Song,reggae,0.6729162091835548,Lacuna Coil,Soul Into Hades,metal,0.6728451985810541
TRHGTHE128F428B4C3,SOVJEHL12A8C13B495,ARPDVPJ1187B9ADBE9,Usher,U R The One,r&b/soul,Lauryn Hill,Interlude 5,r&b/soul,6934.0,Twista,I'm A Winner (Amended Album Version),hip hop,6320.0,Beastie Boys,B-Boy Bouillabaisse: A.W.O.L. (2009 Digital Remaster),hip hop,5203.0,Lauryn Hill,Interlude 5,r&b/soul,6256.879999999999,Twista,I'm A Winner (Amended Album Version),hip hop,5877.479999999989,Erykah Badu,I Want You,r&b/soul,4773.1399999999885,Kat DeLuna,Run The Show,r&b/soul,0.6052950963422985,Good Old War,Tell Me (Acoustic),folk,0.5888600530125586,Avant,Y.O.U.,blues,0.5831234773691143,Kat DeLuna,Run The Show,r&b/soul,0.623282822521767,Good Old War,Tell Me (Acoustic),folk,0.6084699092018043,Jonny Lang,Breakin Me,blues,0.6025935206912072
TREIEOO128F42B0099,SOJPTRM12A8C14003B,ARXOTQH1187FB57084,Chris Brown,Ain't No Way (You Won't Love Me),r&b/soul,Lauryn Hill,Interlude 5,r&b/soul,13073.0,Twista,I'm A Winner (Amended Album Version),hip hop,11783.0,Danity Kane,Hold Me Down (Album Version),r&b/soul,10158.0,Lauryn Hill,Interlude 5,r&b/soul,12222.919999999995,Twista,I'm A Winner (Amended Album Version),hip hop,11227.444999999983,Danity Kane,Hold Me Down (Album Version),r&b/soul,9764.145000000019,Natasha Bedingfield,Stumble,pop,0.8264005546707685,Michael McDonald,You Don't Know Me,r&b/soul,0.8226916249738019,Hilary Duff,Play With Fire,pop,0.8166435280352656,Natasha Bedingfield,Stumble,pop,0.8328130724606821,Michael McDonald,You Don't Know Me,r&b/soul,0.8288904529638831,Hilary Duff,Play With Fire,pop,0.8237734472214339
TRRZSBO128F428BE44,SOGEKBX12A8C13ACE1,ARPDVPJ1187B9ADBE9,Usher,Nice & Slow,r&b/soul,Lauryn Hill,Interlude 5,r&b/soul,9962.0,Twista,I'm A Winner (Amended Album Version),hip hop,7977.0,Erykah Badu,I Want You,r&b/soul,7691.0,Lauryn Hill,Interlude 5,r&b/soul,9185.52000000001,Twista,I'm A Winner (Amended Album Version),hip hop,7469.545000000005,Erykah Badu,I Want You,r&b/soul,7405.622499999992,Avant,I Wanna Know,blues,0.7956996874142265,Al Jarreau,Look What You've Done For Me,r&b/soul,0.7849504603391757,Hawthorne Heights,Rescue Me,punk,0.7832275278517461,Avant,I Wanna Know,blues,0.8016240024738276,Al Jarreau,Look What You've Done For Me,r&b/soul,0.7946939530907705,Ginuwine,Only When ur Lonely,r&b/soul,0.7928351906125909
TRMZSRG128F428BE3F,SOPEKWP12A8C138692,ARPDVPJ1187B9ADBE9,Usher,Roni,r&b/soul,Lauryn Hill,Interlude 5,r&b/soul,7646.0,Twista,I'm A Winner (Amended Album Version),hip hop,6034.0,Beastie Boys,B-Boy Bouillabaisse: A.W.O.L. (2009 Digital Remaster),hip hop,5794.0,Lauryn Hill,Interlude 5,r&b/soul,6799.599999999998,Twista,I'm A Winner (Amended Album Version),hip hop,5480.850000000002,Beastie Boys,B-Boy Bouillabaisse: A.W.O.L. (2009 Digital Remaster),hip hop,5086.174999999997,Nick Cave & The Bad Seeds,She Passed By My Window,rock,0.6444843344644087,Rickie Lee Jones,My One And Only Love,jazz,0.6414283628336266,Mark Wills,She's In Love,country,0.6069380712848127,Nick Cave & The Bad Seeds,She Passed By My Window,rock,0.6558389928781108,Rickie Lee Jones,My One And Only Love,jazz,0.6554045250103253,Mark Wills,She's In Love,country,0.6211093005385305
TRENECR128F92DAC48,SOOPTMD12A8AE46BFE,ARXOTQH1187FB57084,Chris Brown,Damage,r&b/soul,Lauryn Hill,Interlude 5,r&b/soul,9634.0,Twista,I'm A Winner (Amended Album Version),hip hop,7770.0,Beastie Boys,B-Boy Bouillabaisse: A.W.O.L. (2009 Digital Remaster),hip hop,7549.0,Lauryn Hill,Interlude 5,r&b/soul,8868.559999999994,Twista,I'm A Winner (Amended Album Version),hip hop,7269.759999999991,Beastie Boys,B-Boy Bouillabaisse: A.W.O.L. (2009 Digital Remaster),hip hop,6908.880000000001,R. Kelly,Kickin' It With Your Girlfriend,r&b/soul,0.7619136381720072,Mario Vazquez,Everytime I...,r&b/soul,0.7608741205530678,Less Than Jake,I Think I Love You,reggae,0.7561268850930976,R. Kelly,Kickin' It With Your Girlfriend,r&b/soul,0.7726274757426965,The Puppini Sisters,I Will Survive,jazz,0.7655448766595113,Mario Vazquez,Everytime I...,r&b/soul,0.764487062958129
TRIAONH128F9340E62,SOCTATF12A58A77508,ARXOTQH1187FB57084,Chris Brown,Gotta Be Ur Man,r&b/soul,Lauryn Hill,Interlude 5,r&b/soul,10876.0,Twista,I'm A Winner (Amended Album Version),hip hop,10688.0,Beastie Boys,B-Boy Bouillabaisse: A.W.O.L. (2009 Digital Remaster),hip hop,9690.0,Twista,I'm A Winner (Amended Album Version),hip hop,10114.407500000023,Lauryn Hill,Interlude 5,r&b/soul,9998.319999999992,Erykah Badu,I Want You,r&b/soul,9190.428749999995,Melanie Thornton,I Apologize,pop,0.6660116624345973,Blackstreet,Happy Song (Tonite),r&b/soul,0.6454507986660436,Esmée Denters,Getting Over You,r&b/soul,0.6318552647829294,Melanie Thornton,I Apologize,pop,0.6752818566292977,Blackstreet,Happy Song (Tonite),r&b/soul,0.6554619300357529,Esmée Denters,Getting Over You,r&b/soul,0.6420155128969275
TRFBNCQ128F9302AD9,SORWAEG12AB0181063,ARCGJ6U1187FB4D01F,Akon,Birthmark,r&b/soul,Lauryn Hill,Interlude 5,r&b/soul,6947.0,Eminem,My Darling,hip hop,6664.0,Marques Houston,Cancel (Album Version),r&b/soul,6474.0,Fatboy Slim,Acid 8000,electronic,6199.00625,Marques Houston,Cancel (Album Version),r&b/soul,6195.318749999999,Eminem,My Darling,hip hop,6162.81875,Rooney,When Did Your Heart Go Missing?,rock,0.6510524993666064,Jamie Cullum,Where Is Your Heart At?,jazz,0.6400030278996287,Eric Burdon,Heart Attack,rock,0.6261639036648715,Rooney,When Did Your Heart Go Missing?,rock,0.6631079631531586,Jamie Cullum,Where Is Your Heart At?,jazz,0.6512464047732749,Eric Burdon,Heart Attack,rock,0.6366280096464723
TRPZAPZ128F9341D3E,SOUFNEL12D021B2AEB,ARLMXEA1187B9A7D04,R. Kelly,Don't You Say No,r&b/soul,Lauryn Hill,Interlude 5,r&b/soul,12606.0,Twista,I'm A Winner (Amended Album Version),hip hop,10587.0,Erykah Badu,I Want You,r&b/soul,10461.0,Lauryn Hill,Interlude 5,r&b/soul,11702.559999999996,Erykah Badu,I Want You,r&b/soul,10128.961250000004,Twista,I'm A Winner (Amended Album Version),hip hop,9996.572499999998,Kelly Price,Don't Say Goodbye,r&b/soul,0.7522952099272362,Nat King Cole,If You Can't Smile And Say Yes,jazz,0.7420650301266769,Bad Brains,Don't Bother Me (Bad Brains),punk,0.7378691753394986,Kelly Price,Don't Say Goodbye,r&b/soul,0.7586327631720818,Nat King Cole,If You Can't Smile And Say Yes,jazz,0.7486364422954158,Bad Brains,Don't Bother Me (Bad Brains),punk,0.7440107658085171
TRGHYGG12903CAC100,SORLWRB12D02199388,ARLMXEA1187B9A7D04,R. Kelly,Kickin' It With Your Girlfriend,r&b/soul,Lauryn Hill,Interlude 5,r&b/soul,14094.0,Beastie Boys,B-Boy Bouillabaisse: A.W.O.L. (2009 Digital Remaster),hip hop,11069.0,Twista,I'm A Winner (Amended Album Version),hip hop,10183.0,Lauryn Hill,Interlude 5,r&b/soul,13063.599999999999,Beastie Boys,B-Boy Bouillabaisse: A.W.O.L. (2009 Digital Remaster),hip hop,10207.299999999996,Twista,I'm A Winner (Amended Album Version),hip hop,9509.60000000001,Lloyd Cole,I Didn't Know That You Cared,electronic,0.8054190582338864,King Tee,Guitar Playin',hip hop,0.8045662213919798,Blues Traveler,Hook,blues,0.8012645625876537,King Tee,Guitar Playin',hip hop,0.8145099116925839,Lloyd Cole,I Didn't Know That You Cared,electronic,0.812616247476163,Blues Traveler,Hook,blues,0.81056274154386
TRNEYNN128F92C21F7,SOZEFCO12D02193313,ARLMXEA1187B9A7D04,R. Kelly,Rise Up,r&b/soul,Lauryn Hill,Interlude 5,r&b/soul,10890.0,Twista,I'm A Winner (Amended Album Version),hip hop,7320.0,Eminem,My Darling,hip hop,6627.0,Lauryn Hill,Interlude 5,r&b/soul,9971.84000000001,Twista,I'm A Winner (Amended Album Version),hip hop,6719.952499999996,Eminem,My Darling,hip hop,6065.001250000005,Flobots,Rise,hip hop,0.6339983306142641,Big Moe,S.U.C.,hip hop,0.591337959695677,The Pharcyde,Hey You,hip hop,0.5895153146253372,Flobots,Rise,hip hop,0.6433912692526554,Big Moe,S.U.C.,hip hop,0.6102263991013114,Hollywood Undead,Undead,hip hop,0.6080880249973781
TRRSRXG128E07888AF,SOTFWWF12A67020F44,ARKSZW81187B9B695D,Mariah Carey,Joy Ride,r&b/soul,Lauryn Hill,Interlude 5,r&b/soul,5978.0,Beastie Boys,B-Boy Bouillabaisse: A.W.O.L. (2009 Digital Remaster),hip hop,3913.0,Erykah Badu,I Want You,r&b/soul,3615.0,Lauryn Hill,Interlude 5,r&b/soul,5297.199999999998,Erykah Badu,I Want You,r&b/soul,3364.7874999999985,Beastie Boys,B-Boy Bouillabaisse: A.W.O.L. (2009 Digital Remaster),hip hop,3343.6625000000013,Sean Kingston,Magical,hip hop,0.6240508179681304,Leo Sayer,We've Got Ourselves In Love ,jazz,0.5720641754026778,Ima Robot,Lovers In Captivity,rock,0.5645432967544309,Sean Kingston,Magical,hip hop,0.6387220652219261,Leo Sayer,We've Got Ourselves In Love ,jazz,0.5877012958842254,Ima Robot,Lovers In Captivity,rock,0.5866690473739425
TRONPIZ128F1454219,SOKLOOH12A6D4F6EED,ARKSZW81187B9B695D,Mariah Carey,Sprung,r&b/soul,Lauryn Hill,Interlude 5,r&b/soul,7470.0,Twista,I'm A Winner (Amended Album Version),hip hop,6233.0,Erykah Badu,I Want You,r&b/soul,5537.0,Lauryn Hill,Interlude 5,r&b/soul,6969.519999999998,Twista,I'm A Winner (Amended Album Version),hip hop,5905.920000000007,Erykah Badu,I Want You,r&b/soul,5353.059999999992,Hawthorne Heights,Rescue Me,punk,0.7608324508522979,Thalia,Alguien Real (Baby_ I'm In Love),latin,0.7333586244217495,Syleena Johnson,All Of Me,r&b/soul,0.717837316987599,Hawthorne Heights,Rescue Me,punk,0.7695548776058522,Thalia,Alguien Real (Baby_ I'm In Love),latin,0.7429012771406109,Amos Lee,Supply & Demand,folk,0.7272235120130154
TRJKYAO128F427420D,SOSEWHU12A8AE484E5,ARKSZW81187B9B695D,Luther Vandross,Never Too Much,r&b/soul,Lauryn Hill,Interlude 5,r&b/soul,5725.0,Beastie Boys,B-Boy Bouillabaisse: A.W.O.L. (2009 Digital Remaster),hip hop,4898.0,Twista,I'm A Winner (Amended Album Version),hip hop,4695.0,Lauryn Hill,Interlude 5,r&b/soul,5171.1600000000035,Beastie Boys,B-Boy Bouillabaisse: A.W.O.L. (2009 Digital Remaster),hip hop,4434.8362499999985,Twista,I'm A Winner (Amended Album Version),hip hop,4333.0475000000015,Nat King Cole,She's Funny That Way,jazz,0.7032174376959993,Phyllis Hyman,Heavenly,r&b/soul,0.6563588954880702,Webb Pierce,I Ain't Never,country,0.6515009824513537,Nat King Cole,She's Funny That Way,jazz,0.7143768184647186,Phyllis Hyman,Heavenly,r&b/soul,0.670283038538176,Webb Pierce,I Ain't Never,country,0.6629547835554959
TRYGRKO128F9343244,SOMBFBA12A8C13D236,ARLMXEA1187B9A7D04,R. Kelly,Chocolate Factory,r&b/soul,Lauryn Hill,Interlude 5,r&b/soul,3809.0,Beastie Boys,B-Boy Bouillabaisse: A.W.O.L. (2009 Digital Remaster),hip hop,3532.0,Eminem,My Darling,hip hop,2817.0,Lauryn Hill,Interlude 5,r&b/soul,3282.7599999999998,Beastie Boys,B-Boy Bouillabaisse: A.W.O.L. (2009 Digital Remaster),hip hop,3091.917499999997,Eminem,My Darling,hip hop,2494.8924999999995,Clifford T Ward,A Day To Myself,folk,0.6204585287408649,Clannad,Second Nature,folk,0.5890147315015507,Joan Baez,The Lily Of The West,folk,0.5793977069078272,Clifford T Ward,A Day To Myself,folk,0.6412161312134071,Clannad,Second Nature,folk,0.6090663306209653,Toby Keith,Sweet,country,0.6026763524231216
TROIJDA128F9341E70,SOCUXGX12A8C13B78C,ARLMXEA1187B9A7D04,R. Kelly,I Mean (I Don't Mean It),r&b/soul,Erykah Badu,I Want You,r&b/soul,15433.0,Lauryn Hill,Interlude 5,r&b/soul,15352.0,Twista,I'm A Winner (Amended Album Version),hip hop,14738.0,Erykah Badu,I Want You,r&b/soul,15011.69625000003,Lauryn Hill,Interlude 5,r&b/soul,14205.679999999988,Twista,I'm A Winner (Amended Album Version),hip hop,13988.842499999999,Millencolin,Random I Am (Album Version),punk,0.8111011647829067,G-Unit,I Don't Want To Talk About It,hip hop,0.8013249120972732,Macy Gray,Shoo Be Doo,r&b/soul,0.7968875277543436,Millencolin,Random I Am (Album Version),punk,0.8159029279039322,G-Unit,I Don't Want To Talk About It,hip hop,0.8070928945766809,Macy Gray,Shoo Be Doo,r&b/soul,0.8027817649452463
TRXTJGV12903CAC0F8,SOJYYAN12A58A790B1,ARLMXEA1187B9A7D04,R. Kelly,In The Kitchen,r&b/soul,Lauryn Hill,Interlude 5,r&b/soul,6246.0,Twista,I'm A Winner (Amended Album Version),hip hop,5069.0,Beastie Boys,B-Boy Bouillabaisse: A.W.O.L. (2009 Digital Remaster),hip hop,4548.0,Lauryn Hill,Interlude 5,r&b/soul,5719.759999999998,Twista,I'm A Winner (Amended Album Version),hip hop,4725.085000000005,Beastie Boys,B-Boy Bouillabaisse: A.W.O.L. (2009 Digital Remaster),hip hop,4107.917499999999,Honeycut,Crowded Avenue,electronic,0.7004818479809739,Grandmaster Flash,Them Jeans,hip hop,0.6625085872091876,Scooter,Time And Space,electronic,0.6615650972414141,Honeycut,Crowded Avenue,electronic,0.7127793183019134,Grandmaster Flash,Them Jeans,hip hop,0.6798007357955193,Scooter,Time And Space,electronic,0.676231874450324
TRTWRQD12903CA9E3B,SOCDGAR12AB018CE44,AR52EZT1187B9900BF,Alicia Keys,Distance And Time,r&b/soul,Lauryn Hill,Interlude 5,r&b/soul,7585.0,Twista,I'm A Winner (Amended Album Version),hip hop,6058.0,Erykah Badu,I Want You,r&b/soul,5574.0,Lauryn Hill,Interlude 5,r&b/soul,7027.48,Twista,I'm A Winner (Amended Album Version),hip hop,5693.642500000004,Erykah Badu,I Want You,r&b/soul,5369.09625,Beverley Craven,Promise Me,pop,0.7490276349915107,Burden Of A Day,My Forfeit,metal,0.7466283244194584,Hello Saferide,Get Sick Soon,folk,0.7359497950074568,Beverley Craven,Promise Me,pop,0.7570662057946991,Burden Of A Day,My Forfeit,metal,0.7529463437055041,Hello Saferide,Get Sick Soon,folk,0.7442999089215008
TRWPMRK12903CCDA98,SOWGUXF12AB0185700,AR52EZT1187B9900BF,Alicia Keys,Lover Man,r&b/soul,Lauryn Hill,Interlude 5,r&b/soul,3217.0,Beastie Boys,B-Boy Bouillabaisse: A.W.O.L. (2009 Digital Remaster),hip hop,2711.0,Michael Jackson,Man In The Mirror,pop,2666.0,Lauryn Hill,Interlude 5,r&b/soul,2814.039999999999,Beastie Boys,B-Boy Bouillabaisse: A.W.O.L. (2009 Digital Remaster),hip hop,2374.013750000002,Michael Jackson,Man In The Mirror,pop,2320.5275000000015,Diana King,Can't Do Without You,r&b/soul,0.6017517605220203,Cree Summer,Miss Moon,reggae,0.5719131442477114,Atmosphere,Hair,hip hop,0.5710016377612552,Diana King,Can't Do Without You,r&b/soul,0.6243711147554825,Atmosphere,Hair,hip hop,0.6008355745387922,The Jazz Butcher,She's On Drugs,rock,0.5942881807609091
TRMTTBA128F429A7EC,SOSYUFF12A8C13C104,AR52EZT1187B9900BF,Alicia Keys,Nobody Not Really (Interlude),r&b/soul,Beastie Boys,B-Boy Bouillabaisse: A.W.O.L. (2009 Digital Remaster),hip hop,1334.0,Eminem,8 Mile,hip hop,1294.0,Nelly,Splurge,hip hop,1197.0,Beastie Boys,B-Boy Bouillabaisse: A.W.O.L. (2009 Digital Remaster),hip hop,1193.9737499999978,Eminem,8 Mile,hip hop,1188.3262500000028,Nelly,Splurge,hip hop,1113.6212499999997,Charley Patton,Down The Dirt Road Blues,blues,0.6312766868257772,Raine Maida,Confessional,rock,0.6208224040895441,The Distillers,I Understand,punk,0.6159081682266543,Charley Patton,Down The Dirt Road Blues,blues,0.6474070486194551,Raine Maida,Confessional,rock,0.6363525156940442,Z-RO,Pain,hip hop,0.6339575874126033
TRWCVWH128F4284EE5,SOIYWLQ12AF729E318,AR52EZT1187B9900BF,Alicia Keys,Piano & I,r&b/soul,Lauryn Hill,Interlude 5,r&b/soul,2512.0,Erykah Badu,I Want You,r&b/soul,1823.0,Twista,I'm A Winner (Amended Album Version),hip hop,1817.0,Lauryn Hill,Interlude 5,r&b/soul,2300.4000000000005,Erykah Badu,I Want You,r&b/soul,1745.2312499999991,Twista,I'm A Winner (Amended Album Version),hip hop,1678.7125000000005,Frankie J,Without You,r&b/soul,0.7004250792640802,Permanent Me,Heartattack,punk,0.6862140417806584,Big Star,I Am The Cosmos,pop,0.6823445677126568,Frankie J,Without You,r&b/soul,0.7143777594370054,Permanent Me,Heartattack,punk,0.7003016797456236,Binary Star,Honest Expression,hip hop,0.6938942827239063
TRQQLZD128F425E9BC,SOYSABZ12A58A7CAE3,AR52EZT1187B9900BF,Alicia Keys,Tell You Something (Nana's Reprise),r&b/soul,R. Kelly,I Mean (I Don't Mean It),r&b/soul,10886.0,Lauryn Hill,Interlude 5,r&b/soul,10599.0,Twista,I'm A Winner (Amended Album Version),hip hop,10137.0,R. Kelly,I Mean (I Don't Mean It),r&b/soul,10438.997499999987,Erykah Badu,I Want You,r&b/soul,9596.832500000015,Lauryn Hill,Interlude 5,r&b/soul,9542.840000000004,Joe Bonamassa,Ball Peen Hammer,blues,0.7507985656833597,Kristin Hersh,Tuesday Night,folk,0.7474520358606135,Toni Braxton,Love Affair,r&b/soul,0.7182802460316968,Joe Bonamassa,Ball Peen Hammer,blues,0.7577329900309941,Kristin Hersh,Tuesday Night,folk,0.7529684585909909,Toni Braxton,Love Affair,r&b/soul,0.728642464567285
TREAJBV12903CCDA96,SOVRMZU12AB017FE90,AR52EZT1187B9900BF,Alicia Keys,Try Sleeping With A Broken Heart,r&b/soul,Lauryn Hill,Interlude 5,r&b/soul,6576.0,Twista,I'm A Winner (Amended Album Version),hip hop,6558.0,Danity Kane,Hold Me Down (Album Version),r&b/soul,5179.0,Twista,I'm A Winner (Amended Album Version),hip hop,6205.667500000004,Lauryn Hill,Interlude 5,r&b/soul,6036.8799999999965,Danity Kane,Hold Me Down (Album Version),r&b/soul,4929.217500000011,Barry White,Never Gonna Give You Up,r&b/soul,0.7361024823542618,Erin McKeown,Fast As I Can,folk,0.7283450461951215,Liz Phair,Go On Ahead,rock,0.7230047045140291,Barry White,Never Gonna Give You Up,r&b/soul,0.7471438392071987,Erin McKeown,Fast As I Can,folk,0.7386625116069997,Liz Phair,Go On Ahead,rock,0.7337378235957301
TRDFWVZ128F4284EF0,SODFKEG12AF72A4E66,AR52EZT1187B9900BF,Alicia Keys,Why Do I Feel So Sad,r&b/soul,Lauryn Hill,Interlude 5,r&b/soul,4790.0,Beastie Boys,B-Boy Bouillabaisse: A.W.O.L. (2009 Digital Remaster),hip hop,3914.0,R. Kelly,I Mean (I Don't Mean It),r&b/soul,3563.0,Lauryn Hill,Interlude 5,r&b/soul,4302.4000000000015,Beastie Boys,B-Boy Bouillabaisse: A.W.O.L. (2009 Digital Remaster),hip hop,3506.23125,Erykah Badu,I Want You,r&b/soul,3379.7937499999907,Brian McKnight,Try Our Love Again,r&b/soul,0.6298417705784742,Classified,Freezin In The Cold,hip hop,0.6269207802431381,Todd Rundgren,Lost Horizon,pop,0.6231852304928336,Brian McKnight,Try Our Love Again,r&b/soul,0.6445239751840335,Classified,Freezin In The Cold,hip hop,0.6420790364874662,Todd Rundgren,Lost Horizon,pop,0.6381369851541883
TRFRUCJ128F4284EF2,SOKILIB12D021B411C,AR52EZT1187B9900BF,Alicia Keys,Lovin U,r&b/soul,Lauryn Hill,Interlude 5,r&b/soul,5212.0,Twista,I'm A Winner (Amended Album Version),hip hop,4441.0,Erykah Badu,I Want You,r&b/soul,3631.0,Lauryn Hill,Interlude 5,r&b/soul,4873.44,Twista,I'm A Winner (Amended Album Version),hip hop,4219.740000000001,Erykah Badu,I Want You,r&b/soul,3506.569999999995,Keziah Jones,Rhythm Is Love,r&b/soul,0.7179394169433752,Commodores,Easy,r&b/soul,0.6976826480524515,The Charlatans,Dead Love,rock,0.6973701640573696,Keziah Jones,Rhythm Is Love,r&b/soul,0.7254014990236552,Commodores,Easy,r&b/soul,0.705784941127987,The Charlatans,Dead Love,rock,0.7042652437384412
TRXONIT128F9355F39,SOMSIJG12AF72AD5CE,ARQFENL121318C58A6,Jeremih,My Ride,r&b/soul,Beastie Boys,B-Boy Bouillabaisse: A.W.O.L. (2009 Digital Remaster),hip hop,9603.0,Lauryn Hill,Interlude 5,r&b/soul,8911.0,The Roots,Mellow My Man,hip hop,8571.0,Beastie Boys,B-Boy Bouillabaisse: A.W.O.L. (2009 Digital Remaster),hip hop,8784.384999999991,The Roots,Mellow My Man,hip hop,8134.094999999979,Britney Spears,Radar,pop,8063.104999999983,2Pac,Strictly 4 My N.I.G.G.A.Z.,hip hop,0.7341236733774,Anita Baker,In My Heart,jazz,0.7277660288484709,Kottonmouth Kings,Bump,hip hop,0.7001852146215055,2Pac,Strictly 4 My N.I.G.G.A.Z.,hip hop,0.7439650839750799,Anita Baker,In My Heart,jazz,0.7329966718162472,Kottonmouth Kings,Bump,hip hop,0.71157910341231
TRURHNH128F9355F33,SONEKBK12AB017C335,ARQFENL121318C58A6,Jeremih,Starting All Over,r&b/soul,Lauryn Hill,Interlude 5,r&b/soul,4309.0,Eminem,8 Mile,hip hop,3490.0,Beastie Boys,B-Boy Bouillabaisse: A.W.O.L. (2009 Digital Remaster),hip hop,3463.0,Lauryn Hill,Interlude 5,r&b/soul,3797.4799999999987,Eminem,8 Mile,hip hop,3167.1725000000024,Beastie Boys,B-Boy Bouillabaisse: A.W.O.L. (2009 Digital Remaster),hip hop,3035.2274999999986,Eminem,8 Mile,hip hop,0.6271918266894356,Ashley MacIsaac,I Don't Need This,electronic,0.592642030261738,Blues Traveler,Hook,blues,0.588548497186745,Eminem,8 Mile,hip hop,0.6495884013992241,Ashley MacIsaac,I Don't Need This,electronic,0.611775290321498,Blues Traveler,Hook,blues,0.6103125256089723
TRBVOUE128F92F4B3E,SOLYDSR12D021902F1,ARIL5841187FB5C061,Duffy,Oh Boy,r&b/soul,Beastie Boys,B-Boy Bouillabaisse: A.W.O.L. (2009 Digital Remaster),hip hop,2633.0,Lauryn Hill,Interlude 5,r&b/soul,2569.0,Twista,I'm A Winner (Amended Album Version),hip hop,2391.0,Beastie Boys,B-Boy Bouillabaisse: A.W.O.L. (2009 Digital Remaster),hip hop,2405.2650000000035,Lauryn Hill,Interlude 5,r&b/soul,2296.6799999999994,Twista,I'm A Winner (Amended Album Version),hip hop,2213.030000000001,Ledisi,Best Friend,r&b/soul,0.6963203494162413,Hank Thompson,Drivin' Nails In My Coffin,country,0.6375393514887726,Canned Heat,Dust My Broom,blues,0.6366238587498815,Ledisi,Best Friend,r&b/soul,0.7071243832816302,Canned Heat,Dust My Broom,blues,0.6477884457189971,Elmore James,Dust My Broom,blues,0.6477884457189971
TRTAKII128F92E4449,SOKHIOI12A8C141E73,AR9B7FG1187B9A5C96,Jay Sean,Maybe,r&b/soul,Lauryn Hill,Interlude 5,r&b/soul,6853.0,Twista,I'm A Winner (Amended Album Version),hip hop,5753.0,Beastie Boys,B-Boy Bouillabaisse: A.W.O.L. (2009 Digital Remaster),hip hop,5463.0,Lauryn Hill,Interlude 5,r&b/soul,6289.959999999999,Twista,I'm A Winner (Amended Album Version),hip hop,5385.034999999997,Beastie Boys,B-Boy Bouillabaisse: A.W.O.L. (2009 Digital Remaster),hip hop,4992.1424999999945,Beastie Boys,So What'Cha Want (Butt Naked Version) (Explicit) (2009 Digital Remaster),hip hop,0.7100214544337934,Tony Sly,On the Outside,folk,0.7039429337813309,Billie Holiday,Guilty,jazz,0.7029649713313015,Beastie Boys,So What'Cha Want (Butt Naked Version) (Explicit) (2009 Digital Remaster),hip hop,0.7227825087115289,Tony Sly,On the Outside,folk,0.7184094559523317,Anastacia,Club Megamix,rock,0.716773835196622
TRSHMDQ128F422C1D6,SOZBCSN12A8AE46F93,AR9B7FG1187B9A5C96,Jay Sean,Stuck In the Middle,r&b/soul,Lauryn Hill,Interlude 5,r&b/soul,12543.0,Twista,I'm A Winner (Amended Album Version),hip hop,9064.0,Beastie Boys,B-Boy Bouillabaisse: A.W.O.L. (2009 Digital Remaster),hip hop,7895.0,Lauryn Hill,Interlude 5,r&b/soul,11689.239999999996,Twista,I'm A Winner (Amended Album Version),hip hop,8506.040000000005,Beastie Boys,B-Boy Bouillabaisse: A.W.O.L. (2009 Digital Remaster),hip hop,7181.019999999996,Kevon Edmonds,Never Love You,r&b/soul,0.7847426054645211,Lauryn Hill,Interlude 5,r&b/soul,0.7693226301742001,Alice Smith,Dream,r&b/soul,0.7458603994855638,Kevon Edmonds,Never Love You,r&b/soul,0.7918194852832479,Lauryn Hill,Interlude 5,r&b/soul,0.7813905814818588,Blood_ Sweat & Tears,So Much Love/Underture,jazz,0.7586963367206558
TRENMSO128F42AF485,SOUXXLG12A8C13EB34,AR8DTD41187FB51ED9,Fantasia,Bump What Your Friends Say,r&b/soul,Lauryn Hill,Interlude 5,r&b/soul,6506.0,Twista,I'm A Winner (Amended Album Version),hip hop,5421.0,Eminem,My Darling,hip hop,4687.0,Lauryn Hill,Interlude 5,r&b/soul,5994.480000000001,Twista,I'm A Winner (Amended Album Version),hip hop,5086.705000000005,Eminem,My Darling,hip hop,4373.902500000003,KeKe Wyatt,If Only You Knew,r&b/soul,0.7909399977424443,Samantha Mumba,Never Meant To Be,r&b/soul,0.7895894412033142,Eminem,My Darling,hip hop,0.785188194688998,KeKe Wyatt,If Only You Knew,r&b/soul,0.8008762357886852,Samantha Mumba,Never Meant To Be,r&b/soul,0.7985221585138622,Eminem,My Darling,hip hop,0.7966009691032254
TRTSASI12903CC26E8,SOUSVDG12AB018B099,AR20CFC1187B98A25D,Ray Charles,Smack Dab In The Middle,r&b/soul,Lauryn Hill,Interlude 5,r&b/soul,2713.0,Beastie Boys,B-Boy Bouillabaisse: A.W.O.L. (2009 Digital Remaster),hip hop,2404.0,Twista,I'm A Winner (Amended Album Version),hip hop,1728.0,Lauryn Hill,Interlude 5,r&b/soul,2431.48,Beastie Boys,B-Boy Bouillabaisse: A.W.O.L. (2009 Digital Remaster),hip hop,2168.5712499999977,The Pharcyde,Otha Fish,hip hop,1568.693749999998,Johnny Cash,Man In White,country,0.6453548413846842,RKL,Heavily Sedated,metal,0.6233725214677001,DJ Quik,Safe + Sound,hip hop,0.6226368219733835,Johnny Cash,Man In White,country,0.6620915663576615,DJ Quik,Safe + Sound,hip hop,0.6414018459548891,RKL,Heavily Sedated,metal,0.6401788058649073
TRNZNSR128F429F04B,SOIFMOR12A8C13C0CD,AR20CFC1187B98A25D,Ray Charles,Don't You Know,r&b/soul,Lauryn Hill,Interlude 5,r&b/soul,3485.0,Twista,I'm A Winner (Amended Album Version),hip hop,3029.0,Vanilla Ice,It's A Party,hip hop,2829.0,Lauryn Hill,Interlude 5,r&b/soul,3116.9999999999945,Twista,I'm A Winner (Amended Album Version),hip hop,2788.5000000000073,Vanilla Ice,It's A Party,hip hop,2660.500000000012,Marques Houston,Naked,r&b/soul,0.6655444221016612,Usher,Love Was Here,hip hop,0.6529901625776064,K-Ci & JoJo,Baby Come Back,blues,0.6356607600794271,Marques Houston,Naked,r&b/soul,0.6809337442010978,Usher,Love Was Here,hip hop,0.667025812177734,K-Ci & JoJo,Baby Come Back,blues,0.6464082644947164
TRWFFHM128F92F99C4,SOJVLDB12AB017ACC4,ARZCS0M1187FB52EAB,Chrisette Michele,All I Ever Think About,r&b/soul,Lauryn Hill,Interlude 5,r&b/soul,11542.0,Twista,I'm A Winner (Amended Album Version),hip hop,9801.0,Erykah Badu,I Want You,r&b/soul,8584.0,Lauryn Hill,Interlude 5,r&b/soul,10701.119999999986,Twista,I'm A Winner (Amended Album Version),hip hop,9251.45749999998,Erykah Badu,I Want You,r&b/soul,8274.953750000006,Clawfinger,Revenge,metal,0.8072168604545505,Less Than Jake,I Think I Love You,reggae,0.7867425057098516,Anastacia,Club Megamix,rock,0.7782621352796952,Clawfinger,Revenge,metal,0.8142825507596168,Less Than Jake,I Think I Love You,reggae,0.7932896443459375,Anastacia,Club Megamix,rock,0.7887256894352089
TRDIOJU128F931BF15,SOPGSCU12D0219384E,ARRZUPG11F43A69EF7,Jackson 5,(You Were Made) Especially For Me,r&b/soul,Lauryn Hill,Interlude 5,r&b/soul,4829.0,Twista,I'm A Winner (Amended Album Version),hip hop,4158.0,Danity Kane,Hold Me Down (Album Version),r&b/soul,4154.0,Lauryn Hill,Interlude 5,r&b/soul,4422.360000000002,Danity Kane,Hold Me Down (Album Version),r&b/soul,3965.5974999999953,Twista,I'm A Winner (Amended Album Version),hip hop,3892.2475000000018,Mutya Buena,Not Your Baby,pop,0.7087265340880093,Bad Brains,Don't Bother Me (Bad Brains),punk,0.6912720310629528,Keith Sweat,Give Me What I Want (LP Version),r&b/soul,0.6864304361861875,Mutya Buena,Not Your Baby,pop,0.7181279436425172,Bad Brains,Don't Bother Me (Bad Brains),punk,0.6992731139591825,Keith Sweat,Give Me What I Want (LP Version),r&b/soul,0.6950701136452101
TRGYQBU128F9342C87,SONQNNF12D021B4C46,ARRZUPG11F43A69EF7,Jackson 5,I Was Made To Love Her,r&b/soul,Lauryn Hill,Interlude 5,r&b/soul,4024.0,Beastie Boys,B-Boy Bouillabaisse: A.W.O.L. (2009 Digital Remaster),hip hop,3548.0,Eminem,8 Mile,hip hop,3165.0,Lauryn Hill,Interlude 5,r&b/soul,3600.7999999999997,Beastie Boys,B-Boy Bouillabaisse: A.W.O.L. (2009 Digital Remaster),hip hop,3194.0875000000005,Eminem,8 Mile,hip hop,2897.912499999997,Con Funk Shun,Electric Lady,r&b/soul,0.6717570958821675,Doyle Bramhall,Cryin',blues,0.6656897044213849,The Knack,Heartbeat,rock,0.643840497030329,Con Funk Shun,Electric Lady,r&b/soul,0.6857146191861955,Doyle Bramhall,Cryin',blues,0.676659820504948,The Knack,Heartbeat,rock,0.6536816666540793
TRVBSAC128F42B6438,SOAPRQO12AF72A2410,ARRZUPG11F43A69EF7,Jackson 5,Bridge Over Troubled Water,r&b/soul,Twista,I'm A Winner (Amended Album Version),hip hop,2693.0,Lauryn Hill,Interlude 5,r&b/soul,2692.0,Beastie Boys,B-Boy Bouillabaisse: A.W.O.L. (2009 Digital Remaster),hip hop,2554.0,Twista,I'm A Winner (Amended Album Version),hip hop,2489.777499999998,Lauryn Hill,Interlude 5,r&b/soul,2381.039999999998,Beastie Boys,B-Boy Bouillabaisse: A.W.O.L. (2009 Digital Remaster),hip hop,2293.9512499999983,Boyz II Men,To The Limit,r&b/soul,0.6467640477207828,The Dells,It's All Up To You,r&b/soul,0.6311256320471398,Annihilator,Hunter killer,metal,0.6301345510454436,Boyz II Men,To The Limit,r&b/soul,0.6548276156745451,The Dells,It's All Up To You,r&b/soul,0.6423193478847731,Annihilator,Hunter killer,metal,0.6392556245833328
TRHTGXF128F931BEE7,SOVJMLE12AB01848BF,ARRZUPG11F43A69EF7,Jackson 5,Goin' Back To Indiana,r&b/soul,Eminem,8 Mile,hip hop,4576.0,Beastie Boys,B-Boy Bouillabaisse: A.W.O.L. (2009 Digital Remaster),hip hop,4515.0,Mario Vazquez,Everytime I...,r&b/soul,4045.0,Eminem,8 Mile,hip hop,4327.4925000000085,Beastie Boys,B-Boy Bouillabaisse: A.W.O.L. (2009 Digital Remaster),hip hop,4185.707499999999,Mario Vazquez,Everytime I...,r&b/soul,3924.6249999999877,Mc Chris,hoodie ninja,hip hop,0.7750243661098044,Jessica Andrews,Who I Am,country,0.7656252890766635,Midnite,Bushman,reggae,0.7575449250550075,Mc Chris,hoodie ninja,hip hop,0.7810025785788369,Jessica Andrews,Who I Am,country,0.7713903629431287,Eminem,8 Mile,hip hop,0.7644326134807478
TRULIIL128F4228AC8,SOHQSLE12A6D4FD852,ARRZUPG11F43A69EF7,Jackson 5,Lookin' Through The Windows,r&b/soul,Lauryn Hill,Interlude 5,r&b/soul,2486.0,Life Without Buildings,New Town,rock,2307.0,Twista,I'm A Winner (Amended Album Version),hip hop,2080.0,Life Without Buildings,New Town,rock,2158.8325,Lauryn Hill,Interlude 5,r&b/soul,2129.0399999999986,Twista,I'm A Winner (Amended Album Version),hip hop,1846.7150000000006,Crystal Castles,Insectica,punk,0.44305882434657223,Echobelly,Dark Therapy,pop,0.41453600737179697,Chiasm,Enemy,electronic,0.3956536702155451,Crystal Castles,Insectica,punk,0.4603640936819273,Echobelly,Dark Therapy,pop,0.43315564504816534,Gravediggaz,Unexplained,hip hop,0.41901174829693966
TRTKNDU128EF3517DF,SOHAESY12A6D223C62,ARRZUPG11F43A69EF7,Jackson 5,You've Changed,r&b/soul,Lauryn Hill,Interlude 5,r&b/soul,5733.0,Twista,I'm A Winner (Amended Album Version),hip hop,4991.0,Michael Jackson,Man In The Mirror,pop,4910.0,Lauryn Hill,Interlude 5,r&b/soul,5278.52,Twista,I'm A Winner (Amended Album Version),hip hop,4693.982499999998,Michael Jackson,Man In The Mirror,pop,4520.357499999997,Adina Howard,Nasty Grind,r&b/soul,0.730155933273009,The Specials,Skinhead Moonstomp,reggae,0.727868267477284,Creed,Wrong Way,rock,0.7254857758062376,Adina Howard,Nasty Grind,r&b/soul,0.735168118198182,The Specials,Skinhead Moonstomp,reggae,0.7321400374526812,Creed,Wrong Way,rock,0.7284752318023344
TRQBNNZ128F92D4F35,SONSXHN12A58A7B790,ARNQKXK1187B99EFDA,Jazmine Sullivan,Switch!,r&b/soul,Lauryn Hill,Interlude 5,r&b/soul,7500.0,Beastie Boys,B-Boy Bouillabaisse: A.W.O.L. (2009 Digital Remaster),hip hop,6752.0,Twista,I'm A Winner (Amended Album Version),hip hop,6002.0,Lauryn Hill,Interlude 5,r&b/soul,6822.880000000003,Beastie Boys,B-Boy Bouillabaisse: A.W.O.L. (2009 Digital Remaster),hip hop,6185.739999999987,Mario Vazquez,Everytime I...,r&b/soul,5650.999999999981,Bouncing Souls_ The,Pervert,electronic,0.7445085400426261,Mario Vazquez,Everytime I...,r&b/soul,0.7288863583045794,Common,Book Of Life,hip hop,0.7280807051064355,Bouncing Souls_ The,Pervert,electronic,0.7533107702265562,Common,Book Of Life,hip hop,0.739390136438965,Mario Vazquez,Everytime I...,r&b/soul,0.7336267272708022
TRTYGWW128E0794FA2,SOXJKGU12A67ADA1C9,ARIPLUN1187B99B9F9,The Police,One World (Not Three),reggae,Ja Rule,One of Us,hip hop,4884.0,Black Eyed Peas,One Tribe,hip hop,4671.0,Lauryn Hill,Interlude 5,r&b/soul,2866.0,Ja Rule,One of Us,hip hop,4592.524999999996,Black Eyed Peas,One Tribe,hip hop,4483.669999999988,Lauryn Hill,Interlude 5,r&b/soul,2383.9199999999996,The Derek Trucks Band,Revolution,blues,0.6108044472547054,Tracie Spencer,Imagine,r&b/soul,0.5741600916846815,Black Eyed Peas,One Tribe,hip hop,0.5372311211566707,The Derek Trucks Band,Revolution,blues,0.6192408513348493,Tracie Spencer,Imagine,r&b/soul,0.5850610981640372,Black Eyed Peas,One Tribe,hip hop,0.5472927257242414
TRKHTKI128F92EA339,SOSDIHQ12A8C13C23F,AR6J3X81187FB59A7B,Matisyahu,Close My Eyes,reggae,Lauryn Hill,Interlude 5,r&b/soul,12297.0,Beastie Boys,B-Boy Bouillabaisse: A.W.O.L. (2009 Digital Remaster),hip hop,9562.0,Twista,I'm A Winner (Amended Album Version),hip hop,8267.0,Lauryn Hill,Interlude 5,r&b/soul,11143.320000000002,Beastie Boys,B-Boy Bouillabaisse: A.W.O.L. (2009 Digital Remaster),hip hop,8597.203749999997,Twista,I'm A Winner (Amended Album Version),hip hop,7513.0324999999975,Blackalicious,Just What Can Happen,hip hop,0.7626606216695385,The Cat Empire,Days Like These,reggae,0.746269731561017,Swollen Members,Switchblade,hip hop,0.744269549866584,Blackalicious,Just What Can Happen,hip hop,0.7743506735143175,The Cat Empire,Days Like These,reggae,0.7647720683248902,Swollen Members,Switchblade,hip hop,0.7573573764806034
TRACTLX128F42A51F6,SOWXKLQ12A8C13C221,AR6J3X81187FB59A7B,Matisyahu,Exaltation,reggae,Lauryn Hill,Interlude 5,r&b/soul,2779.0,Beastie Boys,B-Boy Bouillabaisse: A.W.O.L. (2009 Digital Remaster),hip hop,2489.0,The Pharcyde,Otha Fish,hip hop,1976.0,Lauryn Hill,Interlude 5,r&b/soul,2409.1600000000035,Beastie Boys,B-Boy Bouillabaisse: A.W.O.L. (2009 Digital Remaster),hip hop,2179.7112499999985,The Pharcyde,Otha Fish,hip hop,1783.7937499999994,Opera IX,Immortal Chant,metal,0.6344707093133247,Lizzy Borden,There Will Be Blood Tonight,metal,0.6165606996772921,Frank Sinatra,The Girl That I Marry,jazz,0.6165599882306864,Opera IX,Immortal Chant,metal,0.6482811147271351,Lizzy Borden,There Will Be Blood Tonight,metal,0.6315517213772517,Frank Sinatra,The Girl That I Marry,jazz,0.6257602441707965
TRHQAPS128F42A51F4,SOSWVVV12A8C13C21C,AR6J3X81187FB59A7B,Matisyahu,Fire and Heights,reggae,Lauryn Hill,Interlude 5,r&b/soul,11299.0,Beastie Boys,B-Boy Bouillabaisse: A.W.O.L. (2009 Digital Remaster),hip hop,8616.0,Twista,I'm A Winner (Amended Album Version),hip hop,8327.0,Lauryn Hill,Interlude 5,r&b/soul,10426.84,Beastie Boys,B-Boy Bouillabaisse: A.W.O.L. (2009 Digital Remaster),hip hop,7886.632500000003,Twista,I'm A Winner (Amended Album Version),hip hop,7757.0149999999985,Sage Francis,Clickety Clack,hip hop,0.8252824659095477,Fat Joe,Preacher On A Sunday Morning,hip hop,0.8109619509442398,Snoop Dogg,Snoopafella (Edited),hip hop,0.7942584617718081,Sage Francis,Clickety Clack,hip hop,0.8349061150317288,Fat Joe,Preacher On A Sunday Morning,hip hop,0.8211194488995367,Snoop Dogg,Snoopafella (Edited),hip hop,0.8061986240280945
TRWMHCZ128F42AE295,SOPJZCC12A8C13FF7B,AR6J3X81187FB59A7B,Matisyahu,Jerusalem,reggae,Lauryn Hill,Interlude 5,r&b/soul,7300.0,Twista,I'm A Winner (Amended Album Version),hip hop,6014.0,Beastie Boys,B-Boy Bouillabaisse: A.W.O.L. (2009 Digital Remaster),hip hop,5989.0,Lauryn Hill,Interlude 5,r&b/soul,6621.040000000002,Twista,I'm A Winner (Amended Album Version),hip hop,5570.277499999993,Beastie Boys,B-Boy Bouillabaisse: A.W.O.L. (2009 Digital Remaster),hip hop,5421.20125,Freshman 15,When Cheating Had Feeling,punk,0.6629533509265312,A Tribe Called Quest,Rap Promoter,hip hop,0.6402859396586683,Mutya Buena,Not Your Baby,pop,0.6341342472398768,Freshman 15,When Cheating Had Feeling,punk,0.6779036498379287,A Tribe Called Quest,Rap Promoter,hip hop,0.6582037292552875,Mutya Buena,Not Your Baby,pop,0.6498772107150411
TRMMTKA128F42A51E7,SOSCMSY12A8C13C1E9,AR6J3X81187FB59A7B,Matisyahu,Warrior,reggae,Lauryn Hill,Interlude 5,r&b/soul,3969.0,Beastie Boys,B-Boy Bouillabaisse: A.W.O.L. (2009 Digital Remaster),hip hop,2558.0,Twista,I'm A Winner (Amended Album Version),hip hop,2487.0,Lauryn Hill,Interlude 5,r&b/soul,3556.840000000001,Twista,I'm A Winner (Amended Album Version),hip hop,2217.6400000000012,Beastie Boys,B-Boy Bouillabaisse: A.W.O.L. (2009 Digital Remaster),hip hop,2213.3199999999997,Damien Dempsey,Colony,folk,0.6579159037940142,Sage Francis,Clickety Clack,hip hop,0.657037069104976,Buffy Sainte-Marie,Now That the Buffalo's Gone,folk,0.6500575147393489,Damien Dempsey,Colony,folk,0.6788518822081462,Sage Francis,Clickety Clack,hip hop,0.6777147490239745,Buffy Sainte-Marie,Now That the Buffalo's Gone,folk,0.6705528630030871
TRPPHPV128F92F0750,SOMITIJ12AB017CAFA,ARW8F4B1187FB45EB4,Sublime,Don't Push,reggae,Lauryn Hill,Interlude 5,r&b/soul,8052.0,Beastie Boys,B-Boy Bouillabaisse: A.W.O.L. (2009 Digital Remaster),hip hop,6833.0,Twista,I'm A Winner (Amended Album Version),hip hop,6016.0,Lauryn Hill,Interlude 5,r&b/soul,7216.6399999999985,Beastie Boys,B-Boy Bouillabaisse: A.W.O.L. (2009 Digital Remaster),hip hop,6134.407500000012,Twista,I'm A Winner (Amended Album Version),hip hop,5470.065000000005,King Tee,Guitar Playin',hip hop,0.7786121901172209,St. Lunatics,Time,hip hop,0.7749485480152097,Kool Moe Dee,Bad Mutha,hip hop,0.7744176451430614,King Tee,Guitar Playin',hip hop,0.7944454779654736,St. Lunatics,Time,hip hop,0.7896355095968679,Kool Moe Dee,Bad Mutha,hip hop,0.7892664591418733
TRZDKCU128F1456899,SOVEQJB12D0219AE54,ARW8F4B1187FB45EB4,Sublime,Pawn Shop,reggae,Lauryn Hill,Interlude 5,r&b/soul,2012.0,Vanilla Ice,Ice Is Workin' It,hip hop,1897.0,Beastie Boys,B-Boy Bouillabaisse: A.W.O.L. (2009 Digital Remaster),hip hop,1739.0,Vanilla Ice,Ice Is Workin' It,hip hop,1761.2799999999993,Lauryn Hill,Interlude 5,r&b/soul,1724.9599999999973,UGK (Underground Kingz),She Luv It,hip hop,1601.6799999999987,Atom And His Package,Upside Down From Here,electronic,0.5448581044379187,Architecture In Helsinki,Underwater,pop,0.5327972569360975,ANJA GARBAREK,Something Written,jazz,0.46111795253501425,Atom And His Package,Upside Down From Here,electronic,0.5581581428906076,Architecture In Helsinki,Underwater,pop,0.5420594861518362,ANJA GARBAREK,Something Written,jazz,0.4747024126725687
TRQCFKA128F148A0D5,SOUEAIV12A6D4F9FC2,ARRYZN01187FB45757,Michael Franti & Spearhead,See you in the Light,reggae,Lauryn Hill,Interlude 5,r&b/soul,6730.0,Beastie Boys,B-Boy Bouillabaisse: A.W.O.L. (2009 Digital Remaster),hip hop,6249.0,Twista,I'm A Winner (Amended Album Version),hip hop,6026.0,Lauryn Hill,Interlude 5,r&b/soul,6238.719999999998,Beastie Boys,B-Boy Bouillabaisse: A.W.O.L. (2009 Digital Remaster),hip hop,5838.153750000007,Twista,I'm A Winner (Amended Album Version),hip hop,5704.932500000007,Thomas Dolby,I Live In A Suitcase,electronic,0.7066446569657692,RKL,Heavily Sedated,metal,0.6877195336002099,The Streets,The Irony Of It All (Album Version),electronic,0.687678919372496,Thomas Dolby,I Live In A Suitcase,electronic,0.7136166981196651,RKL,Heavily Sedated,metal,0.6973063563915288,The Streets,The Irony Of It All (Album Version),electronic,0.6966218494342558
TRPPATZ128F428BA6E,SOFOGTV12A6D4F9FBE,ARRYZN01187FB45757,Michael Franti & Spearhead,Sweet Little Lies,reggae,Lauryn Hill,Interlude 5,r&b/soul,4315.0,Danity Kane,Hold Me Down (Album Version),r&b/soul,4271.0,Five,That's What You Told Me,pop,4170.0,Danity Kane,Hold Me Down (Album Version),r&b/soul,4019.512499999996,Five,That's What You Told Me,pop,3962.024999999997,Lauryn Hill,Interlude 5,r&b/soul,3772.1999999999994,Faithless,Salva Mea,electronic,0.597428320583317,Sharon Jones & The Dap-Kings,Tell Me,r&b/soul,0.5777759084486119,Albert King,I Get Evil,blues,0.5724062318758497,Faithless,Salva Mea,electronic,0.6077593606066267,Sharon Jones & The Dap-Kings,Tell Me,r&b/soul,0.5887365300446227,Albert King,I Get Evil,blues,0.5846867866317716
TRMVVWQ128F422BB64,SOLMWNS12A81C209CB,AR9NG3Y1187B9895EE,McFly,The Way You Make Me Feel,reggae,Lauryn Hill,Interlude 5,r&b/soul,4823.0,Twista,I'm A Winner (Amended Album Version),hip hop,4702.0,Erykah Badu,I Want You,r&b/soul,4143.0,Twista,I'm A Winner (Amended Album Version),hip hop,4425.424999999988,Lauryn Hill,Interlude 5,r&b/soul,4399.800000000001,Erykah Badu,I Want You,r&b/soul,3987.4625,Sunscreem,Pressure,electronic,0.8132971981695605,Anastacia,Club Megamix,rock,0.7343102368987164,Lemar,Time To Grow,r&b/soul,0.7302767990995556,Sunscreem,Pressure,electronic,0.8196535539325371,Anastacia,Club Megamix,rock,0.7463166783175269,Lemar,Time To Grow,r&b/soul,0.7413644709285913
TRRATGY12903D138DB,SOQQEZD12AC468BFC3,ARBNXYA1187FB51C50,Daddy Yankee,Grito Mundial,reggae,Abba,Move On,pop,2498.0,Horace Andy,Horse With No Name,reggae,2336.0,Violadores del Verso,Dale tiempo al rumor,hip hop,2324.0,Abba,Move On,pop,2406.486250000002,Horace Andy,Horse With No Name,reggae,2253.6600000000044,Violadores del Verso,Dale tiempo al rumor,hip hop,2210.558750000002,Inti Illimani,El Arado,latin,0.6668025105626898,Atahualpa Yupanqui,Milonga Del Solitario,folk,0.6558810060201986,Sebastien Tellier,League Chicanos,latin,0.6351815693432046,Inti Illimani,El Arado,latin,0.6730167366088002,Atahualpa Yupanqui,Milonga Del Solitario,folk,0.6647227490770447,Sebastien Tellier,League Chicanos,latin,0.6418097705432854
TRPSKLI128F425E42C,SOAUWMK12A8C136F49,ARD66TF1187B9A1670,tobyMac,Get This Party Started: Ghost Remix,reggae,Vanilla Ice,It's A Party,hip hop,3509.0,Lauryn Hill,Interlude 5,r&b/soul,3469.0,Beastie Boys,B-Boy Bouillabaisse: A.W.O.L. (2009 Digital Remaster),hip hop,3403.0,Vanilla Ice,It's A Party,hip hop,3267.2025000000017,Beastie Boys,B-Boy Bouillabaisse: A.W.O.L. (2009 Digital Remaster),hip hop,2961.3787500000017,Lauryn Hill,Interlude 5,r&b/soul,2940.9200000000037,Four Year Strong,Catastrophe,punk,0.5707707828598639,Vanilla Ice,It's A Party,hip hop,0.5053555342991695,Nick Cave & The Bad Seeds,Midnight Man,rock,0.5032551920224105,Four Year Strong,Catastrophe,punk,0.5902008669866663,Nick Cave & The Bad Seeds,Midnight Man,rock,0.5266624795541381,Vanilla Ice,It's A Party,hip hop,0.5227263087660752
TRWQMVZ128E078F1F7,SOBPURX12D021B0F0F,ARAZCWP129462A97F1,Bob Marley & The Wailers,Africa Unite,reggae,Lauryn Hill,Interlude 5,r&b/soul,2306.0,Daft Punk,Touch It / Technologic,electronic,1770.0,Vanilla Ice,Ice Is Workin' It,hip hop,1766.0,Lauryn Hill,Interlude 5,r&b/soul,2059.439999999997,Daft Punk,Touch It / Technologic,electronic,1672.6825000000017,Vanilla Ice,Ice Is Workin' It,hip hop,1649.4200000000078,Gamma Ray,Heavy Metal Universe (live),metal,0.6541634586902606,Zeigeist,Black Milk,electronic,0.6384617200199031,Buck-O-Nine,New Generation,reggae,0.6175824533439472,Gamma Ray,Heavy Metal Universe (live),metal,0.6664420183371625,Zeigeist,Black Milk,electronic,0.6506219199675038,Immortal Technique,The 4th Branch,hip hop,0.6322380497843354
TRHDTPQ128F147733A,SOLWOXW12D021B2450,ARAZCWP129462A97F1,Bob Marley & The Wailers,Could You Be Loved,reggae,Lauryn Hill,Interlude 5,r&b/soul,8724.0,Twista,I'm A Winner (Amended Album Version),hip hop,6834.0,Michael Jackson,Man In The Mirror,pop,5406.0,Lauryn Hill,Interlude 5,r&b/soul,8033.9999999999945,Twista,I'm A Winner (Amended Album Version),hip hop,6383.062500000001,Michael Jackson,Man In The Mirror,pop,4814.437500000003,Boyz II Men,Could It Be I'm Falling In Love,r&b/soul,0.6264738571268593,The Enemy,It's Not OK [Live From London],rock,0.6095605052392755,Lisa Stansfield,I Will Be Waiting,pop,0.5767967262086691,Boyz II Men,Could It Be I'm Falling In Love,r&b/soul,0.6356417799374943,The Enemy,It's Not OK [Live From London],rock,0.6203436981239911,Lisa Stansfield,I Will Be Waiting,pop,0.5877594595436703
TRUVZTN128F424B846,SOLIWAK12D021B0CFA,ARAZCWP129462A97F1,Bob Marley,No Water,reggae,Lauryn Hill,Interlude 5,r&b/soul,1905.0,Twista,I'm A Winner (Amended Album Version),hip hop,1729.0,Beastie Boys,B-Boy Bouillabaisse: A.W.O.L. (2009 Digital Remaster),hip hop,1711.0,Lauryn Hill,Interlude 5,r&b/soul,1700.7599999999989,Twista,I'm A Winner (Amended Album Version),hip hop,1595.522500000001,Beastie Boys,B-Boy Bouillabaisse: A.W.O.L. (2009 Digital Remaster),hip hop,1540.1987500000007,Bob Marley,Rebels Hop,reggae,0.993231715000124,Phil Collins,A Groovy Kind Of Love (Live),pop,0.7034400136386286,Amel Larrieux,Sweet Misery,r&b/soul,0.6857268786540147,Bob Marley,Rebels Hop,reggae,0.9935022053948106,Phil Collins,A Groovy Kind Of Love (Live),pop,0.7150501294849967,Amel Larrieux,Sweet Misery,r&b/soul,0.6979503950069523
TRGPDHJ128F14527D5,SOVKUMU12D0219A271,ARAZCWP129462A97F1,Bob Marley & The Wailers,One Love / People Get Ready,reggae,Black Eyed Peas,One Tribe,hip hop,2810.0,Lauryn Hill,Interlude 5,r&b/soul,2710.0,Ja Rule,One of Us,hip hop,2318.0,Black Eyed Peas,One Tribe,hip hop,2671.2899999999986,Lauryn Hill,Interlude 5,r&b/soul,2353.0399999999945,Ja Rule,One of Us,hip hop,2102.175000000003,Black Eyed Peas,One Tribe,hip hop,0.5869638593102454,Tanya Tucker,One Love At A Time,jazz,0.5233580834215704,Roxette,From One Heart To Another,pop,0.4814921438892513,Black Eyed Peas,One Tribe,hip hop,0.598910012511148,Tanya Tucker,One Love At A Time,jazz,0.5414275967664436,Dr. Alban,One Love,pop,0.5001897006171544
TRHKHHL128F4251E2A,SOFLXLZ12D021B24CD,ARAZCWP129462A97F1,Bob Marley,Try Me,reggae,Danity Kane,Hold Me Down (Album Version),r&b/soul,4652.0,Five,That's What You Told Me,pop,4357.0,Lauryn Hill,Interlude 5,r&b/soul,3318.0,Danity Kane,Hold Me Down (Album Version),r&b/soul,4515.599999999989,Five,That's What You Told Me,pop,4244.1999999999925,Lauryn Hill,Interlude 5,r&b/soul,3023.6000000000026,Trisha Yearwood,Try Me Again,country,0.8052579057935686,Bizzy Bone,I Need You,hip hop,0.7318707881167803,Diana Krall,Peel Me A Grape,jazz,0.6892733119960307,Trisha Yearwood,Try Me Again,country,0.8066094439377955,Bizzy Bone,I Need You,hip hop,0.7314952430700974,Diana Krall,Peel Me A Grape,jazz,0.6925061394834546
TRAMTEH128F930D496,SOKVEKX12CF530D5AF,ARAZCWP129462A97F1,Bob Marley & The Wailers,Baby We've Got A Date (Rock It Baby),reggae,Daft Punk,Touch It / Technologic,electronic,4353.0,Vanilla Ice,Ice Is Workin' It,hip hop,3983.0,The Prodigy,We Gonna Rock,electronic,3978.0,Daft Punk,Touch It / Technologic,electronic,4138.756250000002,The Prodigy,We Gonna Rock,electronic,3865.900000000001,Vanilla Ice,Ice Is Workin' It,hip hop,3726.349999999999,Ringo Starr,Where Did Our Love Go,rock,0.5602901125027583,Floetry,Getting Late,r&b/soul,0.554981474536417,Sarah Connor,French Kissing,r&b/soul,0.5124384069273477,Ringo Starr,Where Did Our Love Go,rock,0.5667986375091559,Floetry,Getting Late,r&b/soul,0.5657115574628778,Sarah Connor,French Kissing,r&b/soul,0.5241286365579738
TRCGRJV128F1477322,SOJPUXZ12CF5F8899E,ARAZCWP129462A97F1,Bob Marley & The Wailers,Johnny Was,reggae,Lauryn Hill,Interlude 5,r&b/soul,2088.0,Beastie Boys,B-Boy Bouillabaisse: A.W.O.L. (2009 Digital Remaster),hip hop,1679.0,Michael Jackson,Man In The Mirror,pop,1600.0,Lauryn Hill,Interlude 5,r&b/soul,1745.7599999999982,Beastie Boys,B-Boy Bouillabaisse: A.W.O.L. (2009 Digital Remaster),hip hop,1392.7925000000007,Michael Jackson,Man In The Mirror,pop,1306.5850000000012,Etta James,W.O.M.A.N.,blues,0.5880641689006179,Little Anthony & The Imperials,Shimmy_ Shimmy_ Ko-Ko-Bop (Single Version),latin,0.5161077045587948,John Legend,Stereo,r&b/soul,0.5003414974449233,Etta James,W.O.M.A.N.,blues,0.5981221005231611,Little Anthony & The Imperials,Shimmy_ Shimmy_ Ko-Ko-Bop (Single Version),latin,0.5365117497382341,John Legend,Stereo,r&b/soul,0.5195669820234049
TRRVJJF128F9309F02,SOECMGI12CF530E4F3,ARAZCWP129462A97F1,Bob Marley,Riding High,reggae,Lauryn Hill,Interlude 5,r&b/soul,4582.0,Twista,I'm A Winner (Amended Album Version),hip hop,4519.0,Beastie Boys,B-Boy Bouillabaisse: A.W.O.L. (2009 Digital Remaster),hip hop,3630.0,Twista,I'm A Winner (Amended Album Version),hip hop,4238.8175,Lauryn Hill,Interlude 5,r&b/soul,4153.279999999998,Britney Spears,Radar,pop,3375.1512500000067,Belleruche,Northern Girls,jazz,0.6418841917752093,Brian McKnight,Holdin' On [Missin' U] (Album Version),r&b/soul,0.635984237775867,Johnny Winter,Prodigal Son,blues,0.6352888378914168,Belleruche,Northern Girls,jazz,0.6519932272217385,Johnny Winter,Prodigal Son,blues,0.6470601251896345,Brian McKnight,Holdin' On [Missin' U] (Album Version),r&b/soul,0.6454026287529029
TRDXHIR128F930E030,SOZKMVA12CF5F87636,ARAZCWP129462A97F1,Bob Marley,Soul Shakedown,reggae,Lauryn Hill,Interlude 5,r&b/soul,2678.0,Danity Kane,Hold Me Down (Album Version),r&b/soul,2272.0,Eminem,My Darling,hip hop,2077.0,Lauryn Hill,Interlude 5,r&b/soul,2407.5200000000004,Danity Kane,Hold Me Down (Album Version),r&b/soul,2146.6824999999963,Eminem,My Darling,hip hop,1911.4412499999983,Banaroo,Ringa Ding Ding,electronic,0.6006225375280065,Mutya Buena,Not Your Baby,pop,0.5461881056890141,Muse,Pink Ego Box,rock,0.5448261418018918,Banaroo,Ringa Ding Ding,electronic,0.6164113028235356,Mutya Buena,Not Your Baby,pop,0.5643912701866034,Muse,Pink Ego Box,rock,0.5601927958235988
TRDTEUX12903CB4AD7,SOQJCXI12CF5F883FC,ARAZCWP129462A97F1,Bob Marley & The Wailers,Trenchtown Rock,reggae,Lauryn Hill,Interlude 5,r&b/soul,6045.0,Twista,I'm A Winner (Amended Album Version),hip hop,4927.0,Erykah Badu,I Want You,r&b/soul,4284.0,Lauryn Hill,Interlude 5,r&b/soul,5527.959999999997,Twista,I'm A Winner (Amended Album Version),hip hop,4589.097500000004,Erykah Badu,I Want You,r&b/soul,4093.973750000005,Natalie Cole,I'm Catching Hell (Living Here Alone) (Digitally Remastered 02),jazz,0.6509760172104417,Mississippi Fred McDowell,Bull Dog Blues,blues,0.6460380299340913,Murs,You & I,hip hop,0.6247655997466818,Natalie Cole,I'm Catching Hell (Living Here Alone) (Digitally Remastered 02),jazz,0.6683205443231683,Mississippi Fred McDowell,Bull Dog Blues,blues,0.6594102908830897,Murs,You & I,hip hop,0.6436963108871904
TRVTZTY128E0781E22,SOQUOKX12A6310D863,ARNF13I1187FB562A5,Massive Attack,Eternal Feedback (Sly),reggae,Lauryn Hill,Interlude 5,r&b/soul,2040.0,Eminem,8 Mile,hip hop,1918.0,Beastie Boys,B-Boy Bouillabaisse: A.W.O.L. (2009 Digital Remaster),hip hop,1910.0,Lauryn Hill,Interlude 5,r&b/soul,1813.6799999999987,Eminem,8 Mile,hip hop,1775.1662500000014,Beastie Boys,B-Boy Bouillabaisse: A.W.O.L. (2009 Digital Remaster),hip hop,1720.7337499999992,Scooter,She's The Sun,electronic,0.6890165037624522,Plan B,Stay Too Long,r&b/soul,0.6845272326785383,Ben Folds Five,Don't Change Your Plans,rock,0.6842322746480589,Scooter,She's The Sun,electronic,0.7032499873591423,Plan B,Stay Too Long,r&b/soul,0.6988777445436104,Ben Folds Five,Don't Change Your Plans,rock,0.6971662373840478
TRORKSH128F9320C21,SOOLUCH12A6310E8B5,ARAZCWP129462A97F1,Bob Marley & The Wailers,Black Progress,reggae,Lauryn Hill,Interlude 5,r&b/soul,2085.0,Beastie Boys,B-Boy Bouillabaisse: A.W.O.L. (2009 Digital Remaster),hip hop,1651.0,Twista,I'm A Winner (Amended Album Version),hip hop,1446.0,Lauryn Hill,Interlude 5,r&b/soul,1832.9199999999976,Beastie Boys,B-Boy Bouillabaisse: A.W.O.L. (2009 Digital Remaster),hip hop,1440.1912499999987,Erykah Badu,I Want You,r&b/soul,1306.3537500000023,Public Image Ltd,Bags,punk,0.6140784101656401,Digable Planets,Slowes' Comb/The May 4th Movement starring Doodlebug,reggae,0.5185035338156914,Lightnin' Hopkins,Big Black Cadillac Blues,blues,0.5171071863486362,Public Image Ltd,Bags,punk,0.619534727222212,Digable Planets,Slowes' Comb/The May 4th Movement starring Doodlebug,reggae,0.5395077534562611,Lightnin' Hopkins,Big Black Cadillac Blues,blues,0.5385160672422936
TRGEMSN128E07944A8,SOKCEXR12A6701C3EB,ARAZCWP129462A97F1,Bob Marley & The Wailers,Reggae On Broadway,reggae,Vanilla Ice,It's A Party,hip hop,5402.0,Beastie Boys,B-Boy Bouillabaisse: A.W.O.L. (2009 Digital Remaster),hip hop,4712.0,Lauryn Hill,Interlude 5,r&b/soul,4479.0,Vanilla Ice,It's A Party,hip hop,5206.5399999999745,Beastie Boys,B-Boy Bouillabaisse: A.W.O.L. (2009 Digital Remaster),hip hop,4355.009999999997,Britney Spears,Radar,pop,4194.730000000005,Scandinavian Music Group,Näin minä vihellän matkallani,pop,0.6513221040544236,Groove Armada,Groove Is On,electronic,0.6454777638179547,The Replacements,Love You Till Friday,punk,0.6084977110164366,Groove Armada,Groove Is On,electronic,0.6518492981410509,Scandinavian Music Group,Näin minä vihellän matkallani,pop,0.651080807036413,Judee Sill,There's A Rugged Road,folk,0.6160108581287157
TRQMVYN128F4250E38,SOPYZTH12A8C135090,ARAZCWP129462A97F1,Bob Marley,Rebels Hop,reggae,Lauryn Hill,Interlude 5,r&b/soul,1908.0,Twista,I'm A Winner (Amended Album Version),hip hop,1729.0,Beastie Boys,B-Boy Bouillabaisse: A.W.O.L. (2009 Digital Remaster),hip hop,1718.0,Lauryn Hill,Interlude 5,r&b/soul,1698.2400000000005,Twista,I'm A Winner (Amended Album Version),hip hop,1591.9150000000002,Beastie Boys,B-Boy Bouillabaisse: A.W.O.L. (2009 Digital Remaster),hip hop,1542.5825000000018,Bob Marley,No Water,reggae,0.9932317150001094,Phil Collins,A Groovy Kind Of Love (Live),pop,0.6983789577727333,Amel Larrieux,Sweet Misery,r&b/soul,0.6807726398067774,Bob Marley,No Water,reggae,0.9935022053948106,Phil Collins,A Groovy Kind Of Love (Live),pop,0.7104038806111893,Amel Larrieux,Sweet Misery,r&b/soul,0.6934152566955865
TRDJCNG128F9339544,SOKMGXA12A8C1447B6,ARAZCWP129462A97F1,Bob Marley,Stop The Train,reggae,Rufio,Over It (Acoustic),punk,3033.0,Eminem,8 Mile,hip hop,3023.0,Beastie Boys,B-Boy Bouillabaisse: A.W.O.L. (2009 Digital Remaster),hip hop,2830.0,Rufio,Over It (Acoustic),punk,2930.0812500000025,Eminem,8 Mile,hip hop,2831.3937500000034,Beastie Boys,B-Boy Bouillabaisse: A.W.O.L. (2009 Digital Remaster),hip hop,2576.1062500000057,Björk,Hunter,electronic,0.7001736511253702,Lucky Dube,Slave,reggae,0.6830995939417775,Little Walter,Key To The Highway,blues,0.682663107753949,Björk,Hunter,electronic,0.7053637150042182,Little Walter,Key To The Highway,blues,0.6918250411879877,Lucky Dube,Slave,reggae,0.6886253612165252
TRVSWGN12903CB4A44,SOIVBAC12AB0186BFF,ARAZCWP129462A97F1,Bob Marley & The Wailers,This Train,reggae,The Roots,Mellow My Man,hip hop,922.0,C-Block,My Life,hip hop,772.0,Lauryn Hill,Interlude 5,r&b/soul,704.0,The Roots,Mellow My Man,hip hop,865.3337499999984,C-Block,My Life,hip hop,735.2574999999988,2Pac,Strictly 4 My N.I.G.G.A.Z.,hip hop,585.4875000000006,bathory,Psychopath,metal,0.47866972395720014,Agonoize,C.O.A.,electronic,0.4661937234718086,J.J. Cale,Ridin Home,blues,0.4647927350523459,bathory,Psychopath,metal,0.48546523634969974,J.J. Cale,Ridin Home,blues,0.4729423261260961,Agonoize,C.O.A.,electronic,0.4724215712163083
TRNJPBY128F92F621A,SOZQGAL12AB01856DB,ARLSC551187B99C55C,N-Dubz,Defeat You,reggae,Twista,I'm A Winner (Amended Album Version),hip hop,6490.0,Beastie Boys,B-Boy Bouillabaisse: A.W.O.L. (2009 Digital Remaster),hip hop,5913.0,Erykah Badu,I Want You,r&b/soul,5877.0,Twista,I'm A Winner (Amended Album Version),hip hop,6103.997499999998,Erykah Badu,I Want You,r&b/soul,5659.923750000001,Mario Vazquez,Everytime I...,r&b/soul,5485.437500000027,Mario Vazquez,Everytime I...,r&b/soul,0.7242473250487131,Habakuk,Mury,reggae,0.7181540570444178,Wild Strawberries,Heroine,folk,0.7051030477731485,Mario Vazquez,Everytime I...,r&b/soul,0.729452448407703,Habakuk,Mury,reggae,0.7167654147531861,Wild Strawberries,Heroine,folk,0.7140989729480632
TRINMBD128F92F6211,SOBUZCT12AB0181786,ARLSC551187B99C55C,N-Dubz,Don't Get Nine,reggae,Lauryn Hill,Interlude 5,r&b/soul,13592.0,Twista,I'm A Winner (Amended Album Version),hip hop,12944.0,Beastie Boys,B-Boy Bouillabaisse: A.W.O.L. (2009 Digital Remaster),hip hop,10955.0,Lauryn Hill,Interlude 5,r&b/soul,12464.080000000007,Twista,I'm A Winner (Amended Album Version),hip hop,12206.867500000002,Erykah Badu,I Want You,r&b/soul,10298.458749999996,Jane Child,Don't Let It Get To You (Album Version),pop,0.7496244722214016,Edith Piaf,Dont Cry,punk,0.7258242354494204,Kanye West,Graduation Day,hip hop,0.7124664958601559,Jane Child,Don't Let It Get To You (Album Version),pop,0.7561976194626711,Edith Piaf,Dont Cry,punk,0.7335861472286953,Kanye West,Graduation Day,hip hop,0.724341901952453
TRRKBRB128EF35E2DA,SOPZQDB12A6D4F5D62,ARLSC551187B99C55C,N-Dubz,Feva Las Vegas,reggae,Lauryn Hill,Interlude 5,r&b/soul,7573.0,Beastie Boys,B-Boy Bouillabaisse: A.W.O.L. (2009 Digital Remaster),hip hop,6842.0,Eminem,8 Mile,hip hop,6239.0,Lauryn Hill,Interlude 5,r&b/soul,6557.320000000004,Beastie Boys,B-Boy Bouillabaisse: A.W.O.L. (2009 Digital Remaster),hip hop,5992.609999999998,Eminem,8 Mile,hip hop,5597.989999999995,Swollen Members,Concerto,hip hop,0.6261593382475508,Redman,Soopaman Luva 3,hip hop,0.6206495616082973,OutKast,Claimin' True,hip hop,0.6157933721988798,Swollen Members,Concerto,hip hop,0.6515055361527528,Redman,Soopaman Luva 3,hip hop,0.6456009807566715,OutKast,Claimin' True,hip hop,0.6397067808543373
TRYPJXU128F92F621C,SOQPAPP12AB01856E3,ARLSC551187B99C55C,N-Dubz,Secrets,reggae,Lauryn Hill,Interlude 5,r&b/soul,6656.0,Beastie Boys,B-Boy Bouillabaisse: A.W.O.L. (2009 Digital Remaster),hip hop,6212.0,Twista,I'm A Winner (Amended Album Version),hip hop,5848.0,Lauryn Hill,Interlude 5,r&b/soul,5877.679999999998,Beastie Boys,B-Boy Bouillabaisse: A.W.O.L. (2009 Digital Remaster),hip hop,5561.10875,Twista,I'm A Winner (Amended Album Version),hip hop,5339.342500000002,Anastacia,Club Megamix,rock,0.7971921479900799,Classified,Freezin In The Cold,hip hop,0.7869389038693271,Common,Book Of Life,hip hop,0.784053261590385,Anastacia,Club Megamix,rock,0.8103825781285219,Classified,Freezin In The Cold,hip hop,0.7988456064628982,Sage Francis,Keep Moving,hip hop,0.7965843346099727
TRGNBCC128F92F6218,SOYFJUA12AB01856D2,ARLSC551187B99C55C,N-Dubz,Work Work,reggae,Lauryn Hill,Interlude 5,r&b/soul,11505.0,Twista,I'm A Winner (Amended Album Version),hip hop,10897.0,Beastie Boys,B-Boy Bouillabaisse: A.W.O.L. (2009 Digital Remaster),hip hop,9802.0,Lauryn Hill,Interlude 5,r&b/soul,10356.839999999995,Twista,I'm A Winner (Amended Album Version),hip hop,10146.639999999992,Erykah Badu,I Want You,r&b/soul,9069.020000000017,Jonny Lang,Breakin Me,blues,0.7502120823191661,Babyface,Seven Seas,r&b/soul,0.7500306017156659,Blues Traveler,Hook,blues,0.7474030462516723,Jonny Lang,Breakin Me,blues,0.7639274271923284,Blues Traveler,Hook,blues,0.7608740278481594,Michael Jackson,Call On Me,blues,0.7571903437041304
TRDNAVT128F428A246,SOSCPLZ12A8C1394B1,ARD2NDU1187B99B615,Dropkick Murphys,Good Rats (Live),reggae,Lauryn Hill,Interlude 5,r&b/soul,2195.0,Michael Jackson,Man In The Mirror,pop,1431.0,Beastie Boys,B-Boy Bouillabaisse: A.W.O.L. (2009 Digital Remaster),hip hop,1338.0,Lauryn Hill,Interlude 5,r&b/soul,1941.0799999999992,Michael Jackson,Man In The Mirror,pop,1213.3050000000007,Beastie Boys,B-Boy Bouillabaisse: A.W.O.L. (2009 Digital Remaster),hip hop,1125.6525000000008,Billy Currington,That's How Country Boys Roll,country,0.6411415645622961,The Dubliners,The Molly Maguires,folk,0.6274481189109155,Fiddler's Green,Sporting Day,folk,0.6110769113532819,Billy Currington,That's How Country Boys Roll,country,0.657535505639407,The Dubliners,The Molly Maguires,folk,0.6432944513954494,Fad Gadget,Plain Clothes,electronic,0.6290135716103537
TRRHCOS128F4248193,SOCUAWC12A8C1310A4,ARPK4HR1187B9A289D,Tito El Bambino,Sol_ Playa Y Arena,reggae,Violadores del Verso,Dale tiempo al rumor,hip hop,2235.0,Abba,Move On,pop,2188.0,Horace Andy,Horse With No Name,reggae,2053.0,Violadores del Verso,Dale tiempo al rumor,hip hop,2155.147500000004,Abba,Move On,pop,2123.58250000001,Horace Andy,Horse With No Name,reggae,1995.0399999999997,Joan Manuel Serrat,La Aristocracia del Barrio,latin,0.8407372078535322,Inti Illimani,El Arado,latin,0.8081005909476532,Panteón Rococó,La Carencia,reggae,0.8007069914688724,Joan Manuel Serrat,La Aristocracia del Barrio,latin,0.8433432581377369,Inti Illimani,El Arado,latin,0.8110985297468967,Panteón Rococó,La Carencia,reggae,0.8038636516652001
TRFGOUF128F9348838,SONUORR12AB018724D,AR1WWVL1187B9B0306,UB40,I Don't Want To See You Cry,reggae,Lauryn Hill,Interlude 5,r&b/soul,3817.0,Eminem,My Darling,hip hop,3186.0,Beastie Boys,B-Boy Bouillabaisse: A.W.O.L. (2009 Digital Remaster),hip hop,3168.0,Lauryn Hill,Interlude 5,r&b/soul,3463.719999999997,Eminem,My Darling,hip hop,2969.760000000005,Twista,I'm A Winner (Amended Album Version),hip hop,2927.119999999994,Edith Piaf,Dont Cry,punk,0.7844586000403325,Magic Affair,Give Me All Your Love,electronic,0.755925390420181,Mutya Buena,Not Your Baby,pop,0.7559251374551811,Edith Piaf,Dont Cry,punk,0.790234069658965,Magic Affair,Give Me All Your Love,electronic,0.7687326152611303,Mutya Buena,Not Your Baby,pop,0.7672056400262521
TRQLICG12903CBFAFD,SOGXHTF12A58A7C7E8,AR1WWVL1187B9B0306,UB40,Come Back Darling,reggae,Lauryn Hill,Interlude 5,r&b/soul,2963.0,Twista,I'm A Winner (Amended Album Version),hip hop,2877.0,Eminem,My Darling,hip hop,2360.0,Lauryn Hill,Interlude 5,r&b/soul,2716.4399999999973,Twista,I'm A Winner (Amended Album Version),hip hop,2715.865000000003,Danity Kane,Hold Me Down (Album Version),r&b/soul,2213.765000000002,Gerry Rafferty,Waiting For The Day,folk,0.6630457035563422,Bizzy Bone,I Need You,hip hop,0.6400796051958825,Tift Merritt,Your Love Made A U Turn,rock,0.6002708588769855,Gerry Rafferty,Waiting For The Day,folk,0.6728692587949101,Bizzy Bone,I Need You,hip hop,0.6513328013771283,Tift Merritt,Your Love Made A U Turn,rock,0.612880444924604
TREKDZI128F146A972,SOLFMIZ12A6D4F8330,AR1WWVL1187B9B0306,UB40,Here I Am (Come And Take Me),reggae,Lauryn Hill,Interlude 5,r&b/soul,5488.0,Danity Kane,Hold Me Down (Album Version),r&b/soul,4568.0,Five,That's What You Told Me,pop,4255.0,Lauryn Hill,Interlude 5,r&b/soul,5028.000000000014,Danity Kane,Hold Me Down (Album Version),r&b/soul,4354.875000000012,Five,That's What You Told Me,pop,4078.7499999999955,Death In Vegas,Girls,electronic,0.7749381286509358,Michael Penn,Comfort,rock,0.7547833925241773,Robbie Williams,Come Take Me Over,pop,0.7467897125708021,Death In Vegas,Girls,electronic,0.7854551562363201,Michael Penn,Comfort,rock,0.7626239386627091,Robbie Williams,Come Take Me Over,pop,0.7564987115415288
TRJDXEG128E07820DB,SOZPNNF12A6310D8B1,AR1WWVL1187B9B0306,UB40,Light My Fire,reggae,Lauryn Hill,Interlude 5,r&b/soul,2535.0,Vanilla Ice,It's A Party,hip hop,2189.0,Britney Spears,Radar,pop,2163.0,Lauryn Hill,Interlude 5,r&b/soul,2235.0800000000017,Britney Spears,Radar,pop,2068.6637500000024,Vanilla Ice,It's A Party,hip hop,2051.672499999997,The Replacements,Love You Till Friday,punk,0.5781496230505548,Britney Spears,Radar,pop,0.5442338990806728,Ray Charles,Don't You Know,r&b/soul,0.5363306454262238,The Replacements,Love You Till Friday,punk,0.5880806944021267,Britney Spears,Radar,pop,0.554978867028928,Ray Charles,Don't You Know,r&b/soul,0.551834497937665
TRKHYKB128E0789D42,SOHQEMS12A6701C57C,ARJ7KF01187B98D717,Coldplay,Til Kingdom Come,rock,Lauryn Hill,Interlude 5,r&b/soul,4973.0,Twista,I'm A Winner (Amended Album Version),hip hop,3977.0,Beastie Boys,B-Boy Bouillabaisse: A.W.O.L. (2009 Digital Remaster),hip hop,3941.0,Lauryn Hill,Interlude 5,r&b/soul,4592.119999999999,Twista,I'm A Winner (Amended Album Version),hip hop,3728.0825000000036,Beastie Boys,B-Boy Bouillabaisse: A.W.O.L. (2009 Digital Remaster),hip hop,3622.478749999991,Dusty Springfield,Meditation,jazz,0.7687885790695786,Vashti Bunyan,Hidden,folk,0.7633050817286158,Babyface,Seven Seas,r&b/soul,0.7476250590722759,Dusty Springfield,Meditation,jazz,0.7784636791500714,Vashti Bunyan,Hidden,folk,0.77258069039817,Babyface,Seven Seas,r&b/soul,0.754821056135441
TRDVELE128F932810A,SOIHOTW12A8C142198,AR91C8S1187B990901,Bruce Springsteen,Brothers Under The Bridges ('83),rock,Lauryn Hill,Interlude 5,r&b/soul,2450.0,Beastie Boys,B-Boy Bouillabaisse: A.W.O.L. (2009 Digital Remaster),hip hop,2066.0,The Pharcyde,Otha Fish,hip hop,1452.0,Lauryn Hill,Interlude 5,r&b/soul,2098.560000000002,Beastie Boys,B-Boy Bouillabaisse: A.W.O.L. (2009 Digital Remaster),hip hop,1772.0987500000028,The Pharcyde,Otha Fish,hip hop,1269.3562499999985,Johnny Cash,Daddy Sang Bass,country,0.5874314502412158,Opera IX,Immortal Chant,metal,0.5768284997622584,Johnny Horton,The Battle Of New Orleans,country,0.569672046926905,Johnny Cash,Daddy Sang Bass,country,0.6116343519536278,Opera IX,Immortal Chant,metal,0.5962167831877467,Chris De Burgh,Last Night,rock,0.5930172769734592
TRCONIY128F932A7DA,SOEFSBZ12A8C1359C4,AR91C8S1187B990901,Bruce Springsteen,The Big Payback,rock,Lauryn Hill,Interlude 5,r&b/soul,5271.0,Beastie Boys,B-Boy Bouillabaisse: A.W.O.L. (2009 Digital Remaster),hip hop,4785.0,Twista,I'm A Winner (Amended Album Version),hip hop,3872.0,Lauryn Hill,Interlude 5,r&b/soul,4888.28,Beastie Boys,B-Boy Bouillabaisse: A.W.O.L. (2009 Digital Remaster),hip hop,4464.939999999999,Eminem,8 Mile,hip hop,3626.460000000005,Beastie Boys,B-Boy Bouillabaisse: A.W.O.L. (2009 Digital Remaster),hip hop,0.7940886101353698,Big L,Lifestylez Ov Da Poor & Dangerous,hip hop,0.7930863502053501,Us3,It's Like That,jazz,0.7895522928983689,Beastie Boys,B-Boy Bouillabaisse: A.W.O.L. (2009 Digital Remaster),hip hop,0.8014098433669898,Big L,Lifestylez Ov Da Poor & Dangerous,hip hop,0.8009351075131131,Us3,It's Like That,jazz,0.7979321421748253
TRWULBB128F42670A3,SOFVHKR12A8C1325B4,AR91C8S1187B990901,Bruce Springsteen,The Ties That Bind,rock,Lauryn Hill,Interlude 5,r&b/soul,4341.0,Twista,I'm A Winner (Amended Album Version),hip hop,3105.0,Eminem,My Darling,hip hop,2922.0,Lauryn Hill,Interlude 5,r&b/soul,4020.84,Twista,I'm A Winner (Amended Album Version),hip hop,2895.764999999997,Eminem,My Darling,hip hop,2726.0325000000003,Harry Belafonte,Angelina,latin,0.7862940916696445,Kevin Devine,It's Only Your Life,folk,0.7722330839792214,Brand New Heavies_ The,"You Are The Universe (Roger's Universal 7"" Edit)",jazz,0.7555951466084015,Harry Belafonte,Angelina,latin,0.7944302817928415,Kevin Devine,It's Only Your Life,folk,0.7804209889691062,Lynyrd Skynyrd,That Smell,rock,0.7612256605901778
TROQFYY128F429DBA0,SOBNUTR12A8C140BE8,ARVG4OK1187B9B6BD3,The Killers,Sam's Town,rock,Lauryn Hill,Interlude 5,r&b/soul,4587.0,Beastie Boys,B-Boy Bouillabaisse: A.W.O.L. (2009 Digital Remaster),hip hop,4306.0,Eminem,8 Mile,hip hop,3493.0,Lauryn Hill,Interlude 5,r&b/soul,4158.279999999997,Beastie Boys,B-Boy Bouillabaisse: A.W.O.L. (2009 Digital Remaster),hip hop,3947.4712499999987,Nelly,Splurge,hip hop,3269.513749999997,Beastie Boys,B-Boy Bouillabaisse: A.W.O.L. (2009 Digital Remaster),hip hop,0.809480699347319,Common,Book Of Life,hip hop,0.7887055838920036,King Tee,Act A Fool,hip hop,0.7885233865746213,Beastie Boys,B-Boy Bouillabaisse: A.W.O.L. (2009 Digital Remaster),hip hop,0.8217607082764979,King Tee,Act A Fool,hip hop,0.8015094165955842,Common,Book Of Life,hip hop,0.7984623757492492
TRHFADH128F92E2BE3,SOKCLGX12A67ADD6BF,ARR3ONV1187B9A2F59,Muse,Pink Ego Box,rock,Lauryn Hill,Interlude 5,r&b/soul,2509.0,Twista,I'm A Winner (Amended Album Version),hip hop,2423.0,Beastie Boys,B-Boy Bouillabaisse: A.W.O.L. (2009 Digital Remaster),hip hop,2104.0,Lauryn Hill,Interlude 5,r&b/soul,2308.4399999999964,Twista,I'm A Winner (Amended Album Version),hip hop,2291.9274999999943,Eminem,My Darling,hip hop,1938.2387499999963,Jonny Lang,Breakin Me,blues,0.7381130538805026,Scars Of Life,Descending,rock,0.7173080183330126,Fats Domino,Blue Monday,blues,0.7087874848982013,Jonny Lang,Breakin Me,blues,0.7476291582548186,Scars Of Life,Descending,rock,0.7271239409724597,Fats Domino,Blue Monday,blues,0.7173548088939216
TROAQBZ128F9326213,SONYKOW12AB01849C9,AR73S4G1187B9A03C2,OneRepublic,Secrets,rock,Beastie Boys,B-Boy Bouillabaisse: A.W.O.L. (2009 Digital Remaster),hip hop,4649.0,Lauryn Hill,Interlude 5,r&b/soul,4646.0,Eminem,8 Mile,hip hop,4144.0,Beastie Boys,B-Boy Bouillabaisse: A.W.O.L. (2009 Digital Remaster),hip hop,4161.2162499999995,Lauryn Hill,Interlude 5,r&b/soul,4062.7200000000003,Eminem,8 Mile,hip hop,3775.883749999998,DUNCAN SHEIK,House Full Of Riches (LP Version),folk,0.6436484675347801,Wayne Hancock,Johnson City,country,0.6433441104184384,A Tribe Called Quest,Hot Sex,hip hop,0.6415703323555977,A Tribe Called Quest,Hot Sex,hip hop,0.6615110333655913,Wayne Hancock,Johnson City,country,0.6610239550759045,DUNCAN SHEIK,House Full Of Riches (LP Version),folk,0.6587729878647447
TRVZCTL128E078F0BE,SOMBDFC12A67FFB370,ARDVZTE1187FB5A0A1,Bon Jovi,Come Back,rock,Lauryn Hill,Interlude 5,r&b/soul,5431.0,The Simpsons,Do The Bartman,hip hop,4639.0,Eminem,My Darling,hip hop,4343.0,Lauryn Hill,Interlude 5,r&b/soul,4858.759999999998,The Simpsons,Do The Bartman,hip hop,4330.332499999988,K-Ci & JoJo,Baby Come Back,blues,4096.568750000012,Dionne Warwick,This Empty Place,r&b/soul,0.7078124941040236,Public Enemy,Hit The Road Jack,hip hop,0.6154120263827049,Gerry Rafferty,Waiting For The Day,folk,0.6081778730415748,Dionne Warwick,This Empty Place,r&b/soul,0.7176919689742273,Public Enemy,Hit The Road Jack,hip hop,0.627924595508214,Gotye,Coming Back,rock,0.6207378400836331
TRAERPT128F931103E,SODLKUO12A8C13CA35,ARFCUN31187B9AD578,The Rolling Stones,Time Is On My Side,rock,Lauryn Hill,Interlude 5,r&b/soul,5512.0,Beastie Boys,B-Boy Bouillabaisse: A.W.O.L. (2009 Digital Remaster),hip hop,4177.0,Twista,I'm A Winner (Amended Album Version),hip hop,4150.0,Lauryn Hill,Interlude 5,r&b/soul,5004.160000000001,Twista,I'm A Winner (Amended Album Version),hip hop,3818.1100000000056,Beastie Boys,B-Boy Bouillabaisse: A.W.O.L. (2009 Digital Remaster),hip hop,3752.305000000003,Rebelution,Bump,reggae,0.6174952333359095,Emiliana Torrini,Sunny Road,folk,0.6082963913390294,Pete Murray,My Time,folk,0.6046994239029897,Rebelution,Bump,reggae,0.6317245601863423,Emiliana Torrini,Sunny Road,folk,0.6220350993992969,Pete Murray,My Time,folk,0.6179537643526559
TRQXTQT128E0781DA7,SOOPTNE12A58A7A9C2,ARFCUN31187B9AD578,The Rolling Stones,Fight (1994 Digital Remaster),rock,Twista,I'm A Winner (Amended Album Version),hip hop,2633.0,Beastie Boys,B-Boy Bouillabaisse: A.W.O.L. (2009 Digital Remaster),hip hop,2473.0,Lauryn Hill,Interlude 5,r&b/soul,2374.0,Twista,I'm A Winner (Amended Album Version),hip hop,2404.5249999999955,Beastie Boys,B-Boy Bouillabaisse: A.W.O.L. (2009 Digital Remaster),hip hop,2180.637499999999,N-Dubz,Don't Get Nine,reggae,2057.4125000000026,Slick Rick,Let's Get Crazy,hip hop,0.5751465587010598,Black Eyed Peas,Boom Boom Guetta,hip hop,0.5719654414363802,Us3,Knowledge Of Self,jazz,0.5457789755293403,Slick Rick,Let's Get Crazy,hip hop,0.5869260451657785,Black Eyed Peas,Boom Boom Guetta,hip hop,0.5821427032702406,Us3,Knowledge Of Self,jazz,0.5641824284529502
TRAUYZG12903CDA4E9,SOFZXTF12AB018D64B,ARDVZTE1187FB5A0A1,Bon Jovi,This Ain't A Love Song,rock,Lauryn Hill,Interlude 5,r&b/soul,7508.0,Beastie Boys,B-Boy Bouillabaisse: A.W.O.L. (2009 Digital Remaster),hip hop,6756.0,Twista,I'm A Winner (Amended Album Version),hip hop,6284.0,Lauryn Hill,Interlude 5,r&b/soul,6852.960000000004,Beastie Boys,B-Boy Bouillabaisse: A.W.O.L. (2009 Digital Remaster),hip hop,6208.204999999996,Twista,I'm A Winner (Amended Album Version),hip hop,5855.909999999994,Less Than Jake,I Think I Love You,reggae,0.8051857329093748,Shai,Waiting For The Day,r&b/soul,0.7887029984013666,A Tribe Called Quest,Hot Sex,hip hop,0.7808211700212886,Less Than Jake,I Think I Love You,reggae,0.811090689424452,Shai,Waiting For The Day,r&b/soul,0.7967035442383458,A Tribe Called Quest,Hot Sex,hip hop,0.7912724714500076
TRGESLP12903CE31C8,SORXQLX12AB018DCD0,ARDVZTE1187FB5A0A1,Bon Jovi,Superman Tonight,rock,Lauryn Hill,Interlude 5,r&b/soul,6716.0,Twista,I'm A Winner (Amended Album Version),hip hop,6492.0,Eminem,My Darling,hip hop,4885.0,Lauryn Hill,Interlude 5,r&b/soul,6210.0000000000155,Twista,I'm A Winner (Amended Album Version),hip hop,6161.3125000000055,Erykah Badu,I Want You,r&b/soul,4660.031250000016,Harry Belafonte,Angelina,latin,0.7441227098427269,Clawfinger,Revenge,metal,0.7378428684441032,Tom T. Hall,I Care,country,0.7168699987176285,Harry Belafonte,Angelina,latin,0.7536153983852064,Clawfinger,Revenge,metal,0.7473253085125915,Tom T. Hall,I Care,country,0.7251740232902367
TRPAYRK128E0792986,SOINXHP12AF729AF64,ARM7EDF1187B9B3FA1,Guns N' Roses,Bad Obsession,rock,Lauryn Hill,Interlude 5,r&b/soul,4959.0,Vanilla Ice,Ice Is Workin' It,hip hop,4298.0,Daft Punk,Touch It / Technologic,electronic,4243.0,Lauryn Hill,Interlude 5,r&b/soul,4482.439999999995,Vanilla Ice,Ice Is Workin' It,hip hop,4072.6700000000105,Daft Punk,Touch It / Technologic,electronic,4054.9012499999913,Robbie Williams,It's De-Lovely,jazz,0.6857242031990217,Eric B. & Rakim,I Know You Got Soul,hip hop,0.6686499151381722,Tanya Tucker,Complicated,country,0.6685804719017604,Robbie Williams,It's De-Lovely,jazz,0.6938261070099185,Eric B. & Rakim,I Know You Got Soul,hip hop,0.6816632591373338,Tanya Tucker,Complicated,country,0.6806678579502222
TRKMXIA128F4299423,SOEOSFP12A8C137912,ARULZ741187B9AD2EF,Elvis Presley,Anything That's Part Of You,rock,Lauryn Hill,Interlude 5,r&b/soul,2391.0,Twista,I'm A Winner (Amended Album Version),hip hop,2099.0,Erykah Badu,I Want You,r&b/soul,1814.0,Lauryn Hill,Interlude 5,r&b/soul,2219.8800000000024,Twista,I'm A Winner (Amended Album Version),hip hop,1987.167499999997,Erykah Badu,I Want You,r&b/soul,1751.1087500000026,Syleena Johnson,All Of Me,r&b/soul,0.746385788700177,Angela Bofill,I Try,r&b/soul,0.7363996244341083,Rachael Yamagata,Even So,folk,0.7299466100960991,Syleena Johnson,All Of Me,r&b/soul,0.7539599172690951,Angela Bofill,I Try,r&b/soul,0.7443406805485832,Rachael Yamagata,Even So,folk,0.7396256980430455
TRTQRHY128F4241AFD,SORQYLM12A8C132BCF,ARCVKG01187B9B3273,Flyleaf,So I Thought,rock,Lauryn Hill,Interlude 5,r&b/soul,5229.0,Beastie Boys,B-Boy Bouillabaisse: A.W.O.L. (2009 Digital Remaster),hip hop,4046.0,Nelly,Splurge,hip hop,3444.0,Lauryn Hill,Interlude 5,r&b/soul,4724.8399999999965,Beastie Boys,B-Boy Bouillabaisse: A.W.O.L. (2009 Digital Remaster),hip hop,3624.3824999999947,Nelly,Splurge,hip hop,3192.9474999999925,The Streets,The Irony Of It All (Album Version),electronic,0.6785511036899006,Manafest,Runaway,hip hop,0.6678015224582282,Jeffrey Lewis,Gold,folk,0.6651327804910232,The Streets,The Irony Of It All (Album Version),electronic,0.6995095732471781,Jeffrey Lewis,Gold,folk,0.6827983773603467,Manafest,Runaway,hip hop,0.6821591001210576
TRXIEYZ128E078891B,SOQQWFI12A67020F95,ARN5NHX1187FB4F755,The Smashing Pumpkins,You're All I've Got Tonight,rock,Lauryn Hill,Interlude 5,r&b/soul,4719.0,Twista,I'm A Winner (Amended Album Version),hip hop,4640.0,Erykah Badu,I Want You,r&b/soul,4321.0,Twista,I'm A Winner (Amended Album Version),hip hop,4460.827500000002,Lauryn Hill,Interlude 5,r&b/soul,4444.839999999998,Erykah Badu,I Want You,r&b/soul,4220.238749999986,Faithless,Flowerstand Man,electronic,0.7903152019747633,Edith Piaf,Dont Cry,punk,0.7866418999556795,Gabrielle,Don't Need The Sun To Shine (To Make Me Smile),r&b/soul,0.7833835714390903,Faithless,Flowerstand Man,electronic,0.7947222995250784,Edith Piaf,Dont Cry,punk,0.7910766026911562,Gabrielle,Don't Need The Sun To Shine (To Make Me Smile),r&b/soul,0.7877065265735056
TRTGMIX128EF35E2B9,SOBEQEO12A6D4F6589,ARVN9FZ1187FB393F1,Snow Patrol,Signal Fire,rock,Lauryn Hill,Interlude 5,r&b/soul,4296.0,Danity Kane,Hold Me Down (Album Version),r&b/soul,3898.0,Twista,I'm A Winner (Amended Album Version),hip hop,3534.0,Lauryn Hill,Interlude 5,r&b/soul,3922.4800000000014,Danity Kane,Hold Me Down (Album Version),r&b/soul,3724.9424999999896,Twista,I'm A Winner (Amended Album Version),hip hop,3289.892500000005,Voxtrot,Kid Gloves,pop,0.7561324751613733,Willie Nelson,There You Are,country,0.6880967283036843,Cephalic Carnage,Eradicate Authority,metal,0.6832185460613147,Voxtrot,Kid Gloves,pop,0.7653227497600648,Willie Nelson,There You Are,country,0.7006864206843921,Cephalic Carnage,Eradicate Authority,metal,0.6970056264866659
TRHPKWO128F92E01D5,SOSRIAT12AB017A92E,ARVN9FZ1187FB393F1,Snow Patrol,The Lightning Strike,rock,Lauryn Hill,Interlude 5,r&b/soul,9419.0,Beastie Boys,B-Boy Bouillabaisse: A.W.O.L. (2009 Digital Remaster),hip hop,6572.0,Twista,I'm A Winner (Amended Album Version),hip hop,6061.0,Lauryn Hill,Interlude 5,r&b/soul,8618.600000000008,Beastie Boys,B-Boy Bouillabaisse: A.W.O.L. (2009 Digital Remaster),hip hop,5902.643749999998,Twista,I'm A Winner (Amended Album Version),hip hop,5537.912500000007,Jeffrey Lewis,Gold,folk,0.7933645568083689,Momus,Closer To You,electronic,0.792145001387714,OutKast,ATLiens,hip hop,0.7825338473631409,Momus,Closer To You,electronic,0.8061828556434271,Jeffrey Lewis,Gold,folk,0.804429407966123,OutKast,ATLiens,hip hop,0.7972870340363347
TRDMUWU128E078EDDB,SOSXSMM12B0B808B45,ARH3S5S1187FB4F76B,Nirvana,Dumb,rock,Eminem,8 Mile,hip hop,5761.0,Mario Vazquez,Everytime I...,r&b/soul,5532.0,Rufio,Over It (Acoustic),punk,5293.0,Eminem,8 Mile,hip hop,5542.6850000000095,Mario Vazquez,Everytime I...,r&b/soul,5426.250000000028,Rufio,Over It (Acoustic),punk,5175.735000000002,Lucky Dube,Slave,reggae,0.8522499273895701,Björk,Hunter,electronic,0.8177266369576544,MNEMIC,Liquid,metal,0.8149460905084925,Lucky Dube,Slave,reggae,0.854320402942529,Björk,Hunter,electronic,0.8202833315542979,MNEMIC,Liquid,metal,0.8176680877007546
TRXEAZB128E078EDCE,SOCUARC12A6701E94D,ARH3S5S1187FB4F76B,Nirvana,Something In The Way,rock,Beastie Boys,B-Boy Bouillabaisse: A.W.O.L. (2009 Digital Remaster),hip hop,1654.0,The Pharcyde,Otha Fish,hip hop,1620.0,Lauryn Hill,Interlude 5,r&b/soul,1569.0,The Pharcyde,Otha Fish,hip hop,1515.768750000007,Beastie Boys,B-Boy Bouillabaisse: A.W.O.L. (2009 Digital Remaster),hip hop,1486.276250000001,Lauryn Hill,Interlude 5,r&b/soul,1368.4399999999957,The Mighty Mighty Bosstones,1-2-8,reggae,0.5351227047975461,Thomas Dolby,I Live In A Suitcase,electronic,0.4937410124053543,Sophie Milman,Something In The Air Between Us,jazz,0.4919137624436672,The Mighty Mighty Bosstones,1-2-8,reggae,0.5449923084908624,Sophie Milman,Something In The Air Between Us,jazz,0.5030027606581198,Thomas Dolby,I Live In A Suitcase,electronic,0.502848558997199
TRLKNKC128F42BC213,SOBDDMF12A8C142F73,ART3U3E1187B99B1B8,Switchfoot,Oh! Gravity.,rock,Abba,Move On,pop,3476.0,Horace Andy,Horse With No Name,reggae,3220.0,Daft Punk,Touch It / Technologic,electronic,1979.0,Abba,Move On,pop,3380.907500000002,Horace Andy,Horse With No Name,reggae,3134.4399999999937,Daft Punk,Touch It / Technologic,electronic,1843.9174999999982,Salif Keita,Tu Vas Me Manquer,reggae,0.5864573265323657,Blur,This Is A Low,pop,0.5384004064993906,Horace Andy,Horse With No Name,reggae,0.5378811808018196,Salif Keita,Tu Vas Me Manquer,reggae,0.5984292252518563,Sanctus Real,Dear Heart,rock,0.5492418123628318,Blur,This Is A Low,pop,0.5465566391201769
TRVQBRZ128F423EEDC,SOLTQZY12A8C13262F,AR8V1WA1187B9AD9E9,The White Stripes,Hotel Yorba,rock,Lauryn Hill,Interlude 5,r&b/soul,3474.0,Beastie Boys,B-Boy Bouillabaisse: A.W.O.L. (2009 Digital Remaster),hip hop,3262.0,Twista,I'm A Winner (Amended Album Version),hip hop,2985.0,Lauryn Hill,Interlude 5,r&b/soul,3133.6000000000035,Beastie Boys,B-Boy Bouillabaisse: A.W.O.L. (2009 Digital Remaster),hip hop,2977.3312500000034,Twista,I'm A Winner (Amended Album Version),hip hop,2762.5374999999976,RODNEY CROWELL,Preachin' To The Choir,country,0.7582330870357527,Eminem,Rabbit Run,hip hop,0.7562221914571865,Us3,It's Like That,jazz,0.7549613622930053,RODNEY CROWELL,Preachin' To The Choir,country,0.7702018377557985,Eminem,Rabbit Run,hip hop,0.7697022889326173,OutKast,Claimin' True,hip hop,0.7676113742511766
TRBNXZS12903D0A686,SOECMVP12AB018584E,AR8V1WA1187B9AD9E9,The White Stripes,Prickly Thorn_ But Sweetly Worn (Live),rock,Electrelane,Cut And Run,punk,2005.0,Tryo,Yakamonéyé,reggae,2000.0,Fonky Family,Sans Rémission,hip hop,1840.0,Electrelane,Cut And Run,punk,1951.9899999999989,Tryo,Yakamonéyé,reggae,1926.5299999999995,The Darkness,Givin' Up (Clean Version),rock,1807.0849999999953,Emilie Simon,Dame De Lotus,electronic,0.694330042356586,Clannad,Newgrange,folk,0.6163463101539733,Desorden Público,Cachos De Vaca,reggae,0.6132659532173864,Emilie Simon,Dame De Lotus,electronic,0.696014386308457,Clannad,Newgrange,folk,0.6197551352362225,Desorden Público,Cachos De Vaca,reggae,0.6164114922991636
TRGGBKA128F428E461,SOUOWLT12B0B8090EE,AR8V1WA1187B9AD9E9,The White Stripes,St. Andrew (This Battle Is In The Air),rock,Beastie Boys,B-Boy Bouillabaisse: A.W.O.L. (2009 Digital Remaster),hip hop,1264.0,R. Kelly,I Mean (I Don't Mean It),r&b/soul,1222.0,Eminem,8 Mile,hip hop,1219.0,R. Kelly,I Mean (I Don't Mean It),r&b/soul,1177.6112500000038,Beastie Boys,B-Boy Bouillabaisse: A.W.O.L. (2009 Digital Remaster),hip hop,1176.2912499999998,Eminem,8 Mile,hip hop,1152.8087500000004,Johnny Cash,I Don't Know Where I'm Bound,country,0.7244140790479018,Nancy Sinatra,Flowers On The Wall,pop,0.7160973949141407,K'Naan,Soobax,hip hop,0.707945535429925,Johnny Cash,I Don't Know Where I'm Bound,country,0.7305466957501099,Nancy Sinatra,Flowers On The Wall,pop,0.7234409976117012,K'Naan,Soobax,hip hop,0.7154168297111289
TRICQHX128F93269FC,SOCBJHG12AB018221C,ARHWR8B1187FB557D3,The Decemberists,I Was Meant For the Stage,rock,Lauryn Hill,Interlude 5,r&b/soul,3248.0,Beastie Boys,B-Boy Bouillabaisse: A.W.O.L. (2009 Digital Remaster),hip hop,2799.0,Eminem,My Darling,hip hop,2409.0,Lauryn Hill,Interlude 5,r&b/soul,2968.3200000000024,Beastie Boys,B-Boy Bouillabaisse: A.W.O.L. (2009 Digital Remaster),hip hop,2565.1099999999997,Eminem,My Darling,hip hop,2237.8099999999977,On Thorns I Lay,Unsung Songs,punk,0.6778851728936499,Snoop Dogg,Snoopafella (Edited),hip hop,0.674630242256842,Stephanie McIntosh,Overcome,pop,0.659759726639862,On Thorns I Lay,Unsung Songs,punk,0.6896120792620495,Snoop Dogg,Snoopafella (Edited),hip hop,0.68744313583429,Stephanie McIntosh,Overcome,pop,0.6718526262720028
TRAFWEV128F428D391,SOLUABP12AF72A2CD2,ARQRQRA12131B4B5A8,Cake,Alpha Beta Parking Lot,rock,Public Enemy,Go Cat Go,hip hop,1168.0,Bowling For Soup,Here We Go,punk,932.0,Jill Scott,Watching ME,r&b/soul,909.0,Public Enemy,Go Cat Go,hip hop,1114.060000000006,Bowling For Soup,Here We Go,punk,881.54,Jill Scott,Watching ME,r&b/soul,861.1499999999997,Allure,When The Shades Go Down,r&b/soul,0.4937935301576618,Memphis Minnie,Down In The Alley,blues,0.4059407962643231,Status Quo,Going Down Town Tonight,blues,0.3973992027289933,Allure,When The Shades Go Down,r&b/soul,0.5072720027291517,Memphis Minnie,Down In The Alley,blues,0.42177577027464075,Status Quo,Going Down Town Tonight,blues,0.41322160742060193
TRJRIBM128E0788E18,SODMWLI12AF72A4B62,ARN5NHX1187FB4F755,The Smashing Pumpkins,An Ode To No One,rock,Lauryn Hill,Interlude 5,r&b/soul,5496.0,Twista,I'm A Winner (Amended Album Version),hip hop,4564.0,Beastie Boys,B-Boy Bouillabaisse: A.W.O.L. (2009 Digital Remaster),hip hop,4194.0,Lauryn Hill,Interlude 5,r&b/soul,5113.279999999999,Twista,I'm A Winner (Amended Album Version),hip hop,4313.879999999992,Beastie Boys,B-Boy Bouillabaisse: A.W.O.L. (2009 Digital Remaster),hip hop,3873.9399999999987,Blues Traveler,Hook,blues,0.7951978809961534,Anastacia,Club Megamix,rock,0.7723695528503003,Eminem,My Darling,hip hop,0.7670884585037303,Blues Traveler,Hook,blues,0.8039964189580877,Anastacia,Club Megamix,rock,0.7826352889810418,Eminem,My Darling,hip hop,0.7773461322803495
TRIVTJA128F92C1E80,SOITHUR12D021B2253,AR4EQ231187B99368F,The Fray,Over My Head (Cable Car),rock,Beastie Boys,B-Boy Bouillabaisse: A.W.O.L. (2009 Digital Remaster),hip hop,5072.0,Lauryn Hill,Interlude 5,r&b/soul,4981.0,Eminem,8 Mile,hip hop,3802.0,Beastie Boys,B-Boy Bouillabaisse: A.W.O.L. (2009 Digital Remaster),hip hop,4618.0687499999985,Lauryn Hill,Interlude 5,r&b/soul,4438.200000000001,Rufio,Over It (Acoustic),punk,3577.9937500000046,A Tribe Called Quest,Baby Phife's Return,hip hop,0.6687672182264243,Aztec Camera,Over My Head,jazz,0.6666687317476206,Aceyalone,Impact,hip hop,0.6627895203521751,A Tribe Called Quest,Baby Phife's Return,hip hop,0.6872381079484433,Aceyalone,Impact,hip hop,0.6811183880332392,Beastie Boys,B-Boy Bouillabaisse: A.W.O.L. (2009 Digital Remaster),hip hop,0.6807915148652416
TRFLRXQ128F4280CCC,SOSUBHV12AF72A4220,ARNBMT71187B993523,Interpol,No I In Threesome,rock,Lauryn Hill,Interlude 5,r&b/soul,3523.0,Beastie Boys,B-Boy Bouillabaisse: A.W.O.L. (2009 Digital Remaster),hip hop,2279.0,The Pharcyde,Otha Fish,hip hop,1809.0,Lauryn Hill,Interlude 5,r&b/soul,3147.6399999999976,Beastie Boys,B-Boy Bouillabaisse: A.W.O.L. (2009 Digital Remaster),hip hop,1965.0949999999993,The Pharcyde,Otha Fish,hip hop,1613.925000000001,Digable Planets,Time & Space (A New Refutation Of),hip hop,0.6741674511813387,Jamiroquai,Virtual Insanity,r&b/soul,0.612532435202626,KRS ONE,I'm On The Mic,reggae,0.6025781309495474,Digable Planets,Time & Space (A New Refutation Of),hip hop,0.6941691458972855,Jamiroquai,Virtual Insanity,r&b/soul,0.6360508790162288,KRS ONE,I'm On The Mic,reggae,0.6276982836863315
TRYBPGK128F4255BE3,SOMZRXL12A81C224B9,ARNBMT71187B993523,Interpol,Pace Is The Trick,rock,Lauryn Hill,Interlude 5,r&b/soul,7670.0,Twista,I'm A Winner (Amended Album Version),hip hop,6745.0,Erykah Badu,I Want You,r&b/soul,6282.0,Lauryn Hill,Interlude 5,r&b/soul,7263.360000000003,Twista,I'm A Winner (Amended Album Version),hip hop,6479.247499999986,Erykah Badu,I Want You,r&b/soul,6132.548749999993,Hello Saferide,Get Sick Soon,folk,0.8149429309249496,The Puppini Sisters,I Will Survive,jazz,0.8147521904392804,Next,I Still Love You,r&b/soul,0.8128360576799002,Hello Saferide,Get Sick Soon,folk,0.8193274341404784,The Puppini Sisters,I Will Survive,jazz,0.8188116606805397,Next,I Still Love You,r&b/soul,0.817231008371945
TRGXNCJ128F425FB1C,SOMUPLQ12A8C137A19,ARD4C1I1187FB4B0C3,Pink Floyd,Embryo,rock,Beastie Boys,B-Boy Bouillabaisse: A.W.O.L. (2009 Digital Remaster),hip hop,570.0,Eminem,8 Mile,hip hop,522.0,The Roots,Mellow My Man,hip hop,477.0,Beastie Boys,B-Boy Bouillabaisse: A.W.O.L. (2009 Digital Remaster),hip hop,520.76,Eminem,8 Mile,hip hop,484.8399999999996,The Roots,Mellow My Man,hip hop,450.71999999999974,Jazzamor,a piece of my heart,electronic,0.6338712153395432,Mos Def,Life Is Real,hip hop,0.5800623891708393,Z-RO,Pain,hip hop,0.5638325778010526,Jazzamor,a piece of my heart,electronic,0.644044563029919,Mos Def,Life Is Real,hip hop,0.5921780421560326,Z-RO,Pain,hip hop,0.5784299846612481
TRFNRGN128E0791E0E,SOWIUZN12AF72A8206,AROAILX1187FB3F858,Buckcherry,Borderline,rock,Lauryn Hill,Interlude 5,r&b/soul,4443.0,Twista,I'm A Winner (Amended Album Version),hip hop,3252.0,Beastie Boys,B-Boy Bouillabaisse: A.W.O.L. (2009 Digital Remaster),hip hop,3012.0,Lauryn Hill,Interlude 5,r&b/soul,4052.9200000000033,Twista,I'm A Winner (Amended Album Version),hip hop,2997.07,Beastie Boys,B-Boy Bouillabaisse: A.W.O.L. (2009 Digital Remaster),hip hop,2685.784999999998,Blondie,Bang A Gong/Funtime (Live),punk,0.6322931374034703,Omarion,Slow Dancin',r&b/soul,0.6298289238099657,Del Amitri,Driving With The Brakes On,rock,0.6125180453386321,Omarion,Slow Dancin',r&b/soul,0.6478263358315635,Blondie,Bang A Gong/Funtime (Live),punk,0.6445612454740545,Del Amitri,Driving With The Brakes On,rock,0.6304138813128498
TROLTZX128E0791C1A,SOJMWLO12CF5CFD711,ARK9TRQ1187B99C095,Nine Inch Nails,March Of The Pigs,rock,Lauryn Hill,Interlude 5,r&b/soul,3227.0,Daft Punk,Touch It / Technologic,electronic,3205.0,Vanilla Ice,Ice Is Workin' It,hip hop,3145.0,Daft Punk,Touch It / Technologic,electronic,3084.4424999999983,Vanilla Ice,Ice Is Workin' It,hip hop,3000.579999999999,Lauryn Hill,Interlude 5,r&b/soul,2921.560000000002,Kosheen,I Want It All,electronic,0.8052932454843749,Incognito,Givin' It Up,jazz,0.7126312415649338,Utada,The Workout,pop,0.7124165491346266,Kosheen,I Want It All,electronic,0.8101077396977312,Utada,The Workout,pop,0.721850688965359,Incognito,Givin' It Up,jazz,0.7214450813240924
TRJZZCN128E07938C5,SOCKPDE12A8C142F18,ARK9TRQ1187B99C095,Nine Inch Nails,Burn,rock,Lauryn Hill,Interlude 5,r&b/soul,7001.0,Twista,I'm A Winner (Amended Album Version),hip hop,6435.0,Erykah Badu,I Want You,r&b/soul,5628.0,Lauryn Hill,Interlude 5,r&b/soul,6495.000000000017,Twista,I'm A Winner (Amended Album Version),hip hop,6104.312500000006,Erykah Badu,I Want You,r&b/soul,5442.031250000016,Leonard Cohen,Iodine,folk,0.6843978869992677,Dawn of Relic,The Awakening,metal,0.6730086350221878,KATAKLYSM,Beyond Salvation,metal,0.6698055118746654,Leonard Cohen,Iodine,folk,0.6934422098783025,Dawn of Relic,The Awakening,metal,0.6826999556404979,Brian McKnight,The Biggest Part Of Me,r&b/soul,0.6781740625850733
TRCZLLQ128E0792778,SOQQTFV12A6701C5F6,ARK9TRQ1187B99C095,Nine Inch Nails,Something I Can Never Have,rock,Lauryn Hill,Interlude 5,r&b/soul,5843.0,Twista,I'm A Winner (Amended Album Version),hip hop,5555.0,Erykah Badu,I Want You,r&b/soul,4630.0,Lauryn Hill,Interlude 5,r&b/soul,5383.000000000012,Twista,I'm A Winner (Amended Album Version),hip hop,5254.375000000012,Erykah Badu,I Want You,r&b/soul,4460.937500000011,Bouncing Souls_ The,Pervert,electronic,0.709719287932455,Eminem,Rabbit Run,hip hop,0.7019291300778621,Alexandra Burke,Overcome,r&b/soul,0.6954959771667003,Bouncing Souls_ The,Pervert,electronic,0.7191572913316754,Eminem,Rabbit Run,hip hop,0.7142202978242902,Scars Of Life,Descending,rock,0.7064460518795056
TRUIAKW128F428C787,SOKFHMY12A8C13EB40,AR16GSC1187B9A6291,Eagles,It's Your World Now,rock,Lauryn Hill,Interlude 5,r&b/soul,2221.0,Beastie Boys,B-Boy Bouillabaisse: A.W.O.L. (2009 Digital Remaster),hip hop,1948.0,Vanilla Ice,Ice Is Workin' It,hip hop,1874.0,Lauryn Hill,Interlude 5,r&b/soul,1917.3999999999994,Vanilla Ice,Ice Is Workin' It,hip hop,1730.4499999999998,Beastie Boys,B-Boy Bouillabaisse: A.W.O.L. (2009 Digital Remaster),hip hop,1694.1062499999987,M People,It's Your World,electronic,0.6498008704708494,Dungeon Family,Trans DF Express,r&b/soul,0.6334212423742762,Jeru The Damaja,Physical Stamina,hip hop,0.6295670587096429,M People,It's Your World,electronic,0.6596681150755037,Dungeon Family,Trans DF Express,r&b/soul,0.6553116452402609,Jeru The Damaja,Physical Stamina,hip hop,0.6538628246021678
TRCRHFK128F427FD8F,SOLBZDL12CF5F88BE5,AR5FP401187FB523C9,Bob Dylan,Something There Is About You,rock,Lauryn Hill,Interlude 5,r&b/soul,3707.0,Beastie Boys,B-Boy Bouillabaisse: A.W.O.L. (2009 Digital Remaster),hip hop,2735.0,Twista,I'm A Winner (Amended Album Version),hip hop,2468.0,Lauryn Hill,Interlude 5,r&b/soul,3419.9599999999973,Beastie Boys,B-Boy Bouillabaisse: A.W.O.L. (2009 Digital Remaster),hip hop,2494.9550000000013,Twista,I'm A Winner (Amended Album Version),hip hop,2280.409999999999,Momus,Closer To You,electronic,0.7436169401991419,Bobby Bare,Numbers,country,0.7301753979225902,AZ,Rebirth,hip hop,0.7241281034684469,Momus,Closer To You,electronic,0.7577498803644956,Bobby Bare,Numbers,country,0.7458850623957862,AZ,Rebirth,hip hop,0.7401553649414182
TRMOUUU128F14ADE16,SOJFEHH12A6BD546BE,ART1UFU1187FB4C9B6,Hawk Nelson,From Underneath,rock,Lauryn Hill,Interlude 5,r&b/soul,5271.0,Twista,I'm A Winner (Amended Album Version),hip hop,4153.0,Beastie Boys,B-Boy Bouillabaisse: A.W.O.L. (2009 Digital Remaster),hip hop,3679.0,Lauryn Hill,Interlude 5,r&b/soul,4915.88,Twista,I'm A Winner (Amended Album Version),hip hop,3920.9174999999946,Erykah Badu,I Want You,r&b/soul,3471.4837499999953,Clawfinger,Revenge,metal,0.8009023141441437,Angela Bofill,I Try,r&b/soul,0.7904405219413371,Rachael Yamagata,Even So,folk,0.7879518207730559,Clawfinger,Revenge,metal,0.8082816309693984,Angela Bofill,I Try,r&b/soul,0.7967210771082904,Rachael Yamagata,Even So,folk,0.796042228096731
TRCURQD128F427C75B,SORFOFF12A8C13B65E,ART1UFU1187FB4C9B6,Hawk Nelson,Turn It On,rock,Daft Punk,Touch It / Technologic,electronic,5163.0,Vanilla Ice,Ice Is Workin' It,hip hop,4137.0,Lauryn Hill,Interlude 5,r&b/soul,3732.0,Daft Punk,Touch It / Technologic,electronic,4960.376250000006,Vanilla Ice,Ice Is Workin' It,hip hop,3894.270000000004,Vanilla Ice,It's A Party,hip hop,3466.9425000000074,7 Seconds,Still On It,metal,0.6198809405616629,Gregory Isaac,Soon Forward,reggae,0.6097171299105187,Daft Punk,Touch It / Technologic,electronic,0.6068337736836127,7 Seconds,Still On It,metal,0.628830735698054,Gregory Isaac,Soon Forward,reggae,0.6196653660624779,Daft Punk,Touch It / Technologic,electronic,0.6156384251057921
TRRKJGZ128F148128F,SOAQCXS12D02191FC1,ART1UFU1187FB4C9B6,Hawk Nelson,Something On My Mind,rock,Lauryn Hill,Interlude 5,r&b/soul,5348.0,Beastie Boys,B-Boy Bouillabaisse: A.W.O.L. (2009 Digital Remaster),hip hop,5240.0,Eminem,8 Mile,hip hop,4451.0,Lauryn Hill,Interlude 5,r&b/soul,4783.120000000002,Beastie Boys,B-Boy Bouillabaisse: A.W.O.L. (2009 Digital Remaster),hip hop,4767.603750000006,Eminem,8 Mile,hip hop,4094.4962499999897,Violent Femmes,Add It Up,rock,0.6941411320429058,2Pac,Strictly 4 My N.I.G.G.A.Z.,hip hop,0.692421549983493,Bad Cash Quartet,Valentine,rock,0.6825666352358468,Violent Femmes,Add It Up,rock,0.7084196530693658,2Pac,Strictly 4 My N.I.G.G.A.Z.,hip hop,0.7072370898212105,Aesop Rock,Battery,hip hop,0.6977719503390314
